OBJECTID,TRAIL_NAME,TRAIL_SYSTEM,ALIAS,LABEL,TRAIL_ID,TRAIL_TYPE,TRAIL_SURFACE,TRAIL_STATUS,TRAIL_RESTRICTIONS,PEDESTRIAN_ACCESS,BIKE_ACCESS,HORSE_ACCESS,CIRCUIT_TRAIL,ECG_TRAIL,SRT_TRAIL,DRG_TRAIL,MILES,COMMENTS,NMT911_TRAIL,Shape__Length
1,MLK Trail,WEST_FAIRMOUNT,West River Drive Trail,MLK Trail,,MAJOR,HARD,EXISTING,,Y,Y,N,Y,N,Y,N,4.18266388,,N,8793.88410741646
2,Lincoln Drive Trail,WISSAHICKON,,,,MAJOR,HARD,EXISTING,,Y,Y,Y,Y,N,N,N,0.02629129,,N,55.2009010607779
3,Lincoln Drive Trail Boardwalk,WISSAHICKON,,Lincoln Drive Trail Boardwalk,,MAJOR,HARD,EXISTING,,Y,Y,Y,Y,N,N,N,0.0611372,,N,128.668906375696
4,Kelly Drive Trail,EAST_FAIRMOUNT,,Schuylkill River Trail,,MAJOR,HARD,EXISTING,,Y,Y,N,Y,N,Y,N,3.6777971,,Y,7732.89339449346
5,Trolley Trail,WEST_FAIRMOUNT,,Trolley Trail,,MINOR,SOFT,EXISTING,,Y,Y,Y,N,N,N,N,0.20735441,,N,436.192701549042
6,Trolley Trail,WEST_FAIRMOUNT,,Trolley Trail,,MINOR,SOFT,EXISTING,,Y,Y,Y,N,N,N,N,0.26644582,,N,559.777086500892
7,Boxers Trail,EAST_FAIRMOUNT,,Boxers' Trail,,MINOR,SOFT,EXISTING,,Y,Y,Y,N,N,N,N,1.07511844,,N,2258.32538141419
8,Blue Stone Bridge,WISSAHICKON,,,,MAJOR,HARD,EXISTING,,Y,Y,Y,Y,N,N,N,0.02871416,,N,60.2719099286625
9,Forbidden Drive,WISSAHICKON,,Forbidden Drive,,MAJOR,HARD,EXISTING,,Y,Y,Y,Y,N,N,N,0.38216987,,N,803.861466889174
10,Lincoln Drive Trail,WISSAHICKON,,Lincoln Drive Trail,,MAJOR,HARD,EXISTING,,Y,Y,Y,Y,N,N,N,0.06364841,,N,133.766630977487
11,Minor Trail,COBBS_LOWER,,,,MINOR,SOFT,EXISTING,,Y,Y,Y,N,N,N,N,0.19766431,,N,415.240713248863
12,Minor Trail,EAST_FAIRMOUNT,,,,CONNECTOR,HARD,EXISTING,,Y,Y,N,N,N,N,N,0.0064574,,N,13.5884290040373
13,Boxers Trail,EAST_FAIRMOUNT,,Boxers' Trail,,MINOR,HARD,EXISTING,,Y,Y,Y,N,N,N,N,0.90520942,,N,1900.6429844749
14,Trolley Trail,WEST_FAIRMOUNT,Demo Trail,Trolley Trail,,MINOR,SOFT,EXISTING,,Y,Y,Y,N,N,N,N,0.12465641,,N,261.912620317085
15,Trolley Trail,WEST_FAIRMOUNT,Demo Trail,,,MINOR,SOFT,EXISTING,,Y,Y,Y,N,N,N,N,0.03390184,,N,71.3590893461539
16,Lincoln Drive Trail,WISSAHICKON,,Lincoln Drive Trail,,MAJOR,HARD,EXISTING,,Y,Y,Y,Y,N,N,N,0.32039688,,N,673.868422925696
17,Lincoln Drive Trail,WISSAHICKON,,Lincoln Drive Trail,,MAJOR,HARD,EXISTING,,Y,Y,Y,Y,N,N,N,0.17741707,,N,373.354692355547
18,Forbidden Drive,WISSAHICKON,,Forbidden Drive,,MAJOR,HARD,EXISTING,,Y,Y,Y,Y,N,N,N,0.17055105,,N,358.204036527572
19,Forbidden Drive,WISSAHICKON,,Forbidden Drive,,MAJOR,HARD,EXISTING,,Y,Y,Y,Y,N,N,N,0.48155967,,N,1013.75544573756
20,Minor Trail,COBBS_LOWER,,,,MINOR,HARD,EXISTING,,Y,Y,Y,N,N,N,N,0.03828088,,N,80.515905143001
21,Minor Trail,COBBS_LOWER,,,,MINOR,HARD,EXISTING,,Y,Y,Y,N,N,N,N,0.14157969,,N,297.439387684374
22,Pennypack Trail,PENNYPACK,,Pennypack Trail,,MAJOR,HARD,EXISTING,,Y,Y,Y,Y,N,N,N,0.07472085,,N,157.225189526466
23,Pennypack Trail,PENNYPACK,,Pennypack Trail,,MAJOR,HARD,EXISTING,,Y,Y,Y,Y,N,N,N,0.19629771,,N,413.565948526933
24,Pennypack Trail,PENNYPACK,,Pennypack Trail,,MAJOR,HARD,EXISTING,,Y,Y,Y,Y,N,N,N,0.34903341,,N,733.899890302144
25,Pennypack Trail,PENNYPACK,,Pennypack Trail,,MAJOR,HARD,EXISTING,,Y,Y,Y,Y,N,N,N,0.30382391,,N,638.704428536302
26,Pennypack Trail,PENNYPACK,,Pennypack Trail,,MAJOR,HARD,EXISTING,,Y,Y,Y,Y,N,N,N,0.54840172,,N,1154.92599671544
27,Minor Trail,WISSAHICKON_CARPENTERS_WOODS,,,,MINOR,SOFT,EXISTING,,Y,Y,Y,N,N,N,N,0.06418321,,N,135.087685865985
28,Pennypack Trail,PENNYPACK,,,,MAJOR,HARD,EXISTING,,Y,Y,Y,Y,N,N,N,0.03597987,,N,75.5939454819025
29,Pennypack Trail,PENNYPACK,,,,MAJOR,HARD,EXISTING,,Y,Y,Y,Y,N,N,N,0.04352316,,N,91.5634983644956
30,Pennypack Trail,PENNYPACK,,Pennypack Trail,,MAJOR,HARD,EXISTING,,Y,Y,Y,Y,N,N,N,0.28218247,,N,593.233170609052
31,Pennypack Trail,PENNYPACK,,Pennypack Trail,,MAJOR,HARD,EXISTING,,Y,Y,Y,Y,N,N,N,0.53834655,,N,1133.08857356634
32,Pennypack Trail,PENNYPACK,,Pennypack Trail,,MAJOR,HARD,EXISTING,,Y,Y,Y,Y,N,N,N,0.10749578,,N,226.550757806259
33,Tacony Crescentville Loop Trail,TACONY_FRANKFORD,,Tacony Creek Trail,,MAJOR,HARD,EXISTING,,Y,Y,Y,Y,N,N,N,0.23575516,,N,496.198879110465
34,Cobbs Creek Trail,COBBS_LOWER,,Cobbs Creek Trail,,MAJOR,HARD,EXISTING,,Y,Y,Y,Y,N,N,N,0.22064514,,N,463.5325227578
35,Minor Trail,EAST_FAIRMOUNT,,,,MINOR,HARD,EXISTING,,Y,Y,N,N,N,N,N,0.06095653,,N,128.166023744261
36,Tacony Creek Trail,TACONY_FRANKFORD,,Tacony Creek Trail,,MAJOR,HARD,EXISTING,,Y,Y,Y,Y,N,N,N,0.21942063,,N,461.924023390477
37,Tacony Creek Trail,TACONY_FRANKFORD,,Tacony Creek Trail,,MAJOR,HARD,EXISTING,,Y,Y,Y,Y,N,N,N,0.81740239,,N,1720.94600474265
38,Tacony Creek Trail,TACONY_FRANKFORD,,Tacony Creek Trail,,MAJOR,HARD,EXISTING,,Y,Y,Y,Y,N,N,N,0.17300305,,N,363.981188780933
39,Minor Trail,COBBS_LOWER,,,,MINOR,SOFT,EXISTING,,Y,Y,Y,N,N,N,N,0.02204033,,N,46.3379693938154
40,Minor Trail,COBBS_LOWER,,,,MINOR,SOFT,EXISTING,,Y,Y,Y,N,N,N,N,0.33480368,,N,704.29343672738
41,Pennypack Trail,PENNYPACK,,Pennypack Trail,,MAJOR,HARD,EXISTING,,Y,Y,Y,Y,N,N,N,0.43251421,,N,910.113261854446
42,Minor Trail,WISSAHICKON_CARPENTERS_WOODS,,,,MINOR,SOFT,EXISTING,,Y,Y,Y,N,N,N,N,0.05388923,,N,113.336191925661
43,Cobbs Creek Trail,COBBS_LOWER,,Cobbs Creek Trail,,MAJOR,HARD,EXISTING,,Y,Y,Y,Y,N,N,N,0.52625382,,N,1104.32098218756
44,Schuylkill Banks,SRT_SCHUYLKILL_BANKS,,Schuylkill River Trail,,MAJOR,HARD,EXISTING,,Y,Y,N,Y,Y,Y,N,0.14232257,,Y,299.296345113783
45,Schuylkill Banks,SRT_SCHUYLKILL_BANKS,,Schuylkill River Trail,,MAJOR,HARD,EXISTING,,Y,Y,N,Y,Y,Y,N,0.10885774,,Y,228.786162910259
46,Kelly Drive Trail,EAST_FAIRMOUNT,,Schuylkill River Trail,,MAJOR,HARD,EXISTING,,Y,Y,N,Y,Y,Y,N,0.06730925,,Y,141.47511249597
47,Kelly Drive Trail,EAST_FAIRMOUNT,"Waterworks Drive, Seahorse Circle",,,MAJOR,HARD,EXISTING,,Y,Y,N,Y,Y,Y,N,0.04924826,,Y,103.367161036154
48,Cobbs Creek Trail,COBBS_LOWER,,Cobbs Creek Trail,,MAJOR,HARD,EXISTING,,Y,Y,Y,Y,Y,N,N,1.79850611,,Y,3780.13128410545
49,Minor Trail,WISSAHICKON,,,,CONNECTOR,SOFT,EXISTING,,Y,Y,Y,N,N,N,N,0.06453881,,N,135.540276282737
50,Manayunk Canal Towpath,SRT_TOWPATH,,Schuylkill River Trail,,MAJOR,HARD,EXISTING,,Y,Y,N,Y,N,Y,N,0.22399513,,Y,470.780049308473
51,Manayunk Canal Towpath,SRT_TOWPATH,,Schuylkill River Trail,,MAJOR,HARD,EXISTING,,Y,Y,N,Y,N,Y,N,0.12399212,,N,260.646828505901
52,Pennypack Trail,PENNYPACK,,Pennypack Trail,,MAJOR,HARD,EXISTING,,Y,Y,Y,Y,N,N,N,0.66163738,,N,1391.23850947907
53,Pennypack Trail,PENNYPACK,,Pennypack Trail,,MAJOR,HARD,EXISTING,,Y,Y,Y,Y,N,N,N,0.33489628,,N,703.743465273717
54,Pennypack Trail,PENNYPACK,,Pennypack Trail,,MAJOR,HARD,EXISTING,,Y,Y,Y,Y,N,N,N,0.30787363,,N,647.894427396765
55,Pennypack Trail,PENNYPACK,,Pennypack Trail,,MAJOR,HARD,EXISTING,,Y,Y,Y,Y,N,N,N,0.15602402,,N,328.815923552389
56,Pennypack Trail,PENNYPACK,,Pennypack Trail,,MAJOR,HARD,EXISTING,,Y,Y,Y,Y,N,N,N,0.25919177,,N,545.843980586851
57,Pennypack Trail,PENNYPACK,,Pennypack Trail,,MAJOR,HARD,EXISTING,,Y,Y,Y,Y,N,N,N,0.18513674,,N,388.85665424175
58,Pennypack Trail,PENNYPACK,,Pennypack Trail,,MAJOR,HARD,EXISTING,,Y,Y,Y,Y,N,N,N,0.72594834,,N,1526.1981126588
59,Adams Bridge,TACONY_FRANKFORD,,,,MAJOR,HARD,EXISTING,,Y,Y,Y,Y,N,N,N,0.01750328,,N,36.7649644901431
60,Pennypack Trail,PENNYPACK,,Pennypack Trail,,MAJOR,HARD,EXISTING,,Y,Y,Y,Y,Y,N,Y,0.26378555,,N,554.16944441433
61,Pennypack Trail,PENNYPACK,,Pennypack Trail,,MAJOR,HARD,EXISTING,,Y,Y,Y,Y,Y,N,Y,0.21779753,,N,457.72635772774
62,Manayunk Canal Towpath,SRT_TOWPATH,,Schuylkill River Trail,,MAJOR,HARD,EXISTING,,Y,Y,N,Y,N,Y,N,0.19260086,,Y,405.182054993915
63,Tacony Creek Trail,TACONY_FRANKFORD,,Tacony Creek Trail,,MAJOR,HARD,EXISTING,,Y,Y,Y,Y,N,N,N,0.09307819,,N,195.588231171684
64,Minor Trail,WISSAHICKON,,,,CONNECTOR,SOFT,EXISTING,,Y,Y,Y,N,N,N,N,0.08477391,,N,178.062327988672
65,Manayunk Canal Towpath,SRT_TOWPATH,,Schuylkill River Trail,,MAJOR,HARD,EXISTING,,Y,Y,N,Y,N,Y,N,1.25597508,,Y,2641.38858793174
66,Schuylkill River Trail - Shawmont,OTHER,,Schuylkill River Trail,,MAJOR,HARD,EXISTING,,Y,Y,N,Y,N,Y,N,1.11561576,,Y,2347.18620442117
67,Kelly Drive Trail,EAST_FAIRMOUNT,,Schuylkill River Trail,,MAJOR,HARD,EXISTING,,Y,Y,N,Y,Y,Y,N,0.07499124,,Y,157.787997718899
68,Schuylkill Banks,SRT_SCHUYLKILL_BANKS,,Schuylkill River Trail,,MAJOR,HARD,EXISTING,,Y,Y,N,Y,Y,Y,N,0.20902532,,Y,439.888612542876
69,Schuylkill Banks,SRT_SCHUYLKILL_BANKS,,Schuylkill River Trail,,MAJOR,HARD,EXISTING,,Y,Y,N,Y,Y,Y,N,0.11744576,,Y,247.055265646589
70,Pennypack Trail,PENNYPACK,,,,MAJOR,HARD,EXISTING,,Y,Y,Y,Y,N,N,N,0.01963419,,N,41.3024481581695
71,Pennypack Trail,PENNYPACK,,,,MAJOR,HARD,EXISTING,,Y,Y,Y,Y,N,N,N,0.02635383,,N,55.4020481453619
72,Pennypack Trail,PENNYPACK,,,,MAJOR,HARD,EXISTING,,Y,Y,Y,Y,N,N,N,0.0307017,,N,64.6242961333341
73,Pennypack Trail,PENNYPACK,,,,MAJOR,HARD,EXISTING,,Y,Y,Y,Y,N,N,N,0.00859904,,N,18.1090222840661
74,Pennypack Trail,PENNYPACK,,,,MAJOR,HARD,EXISTING,,Y,Y,Y,Y,N,N,N,0.01368261,,N,28.8525621130228
75,Pennypack Trail,PENNYPACK,,,,MAJOR,HARD,EXISTING,,Y,Y,Y,Y,N,N,N,0.01263739,,N,26.6250737026569
76,Minor Trail,COBBS_LOWER,,,,MINOR,SOFT,EXISTING,,Y,Y,Y,N,N,N,N,0.02905935,,N,61.011815557992
77,Orange Trail,WISSAHICKON,,,,MINOR,SOFT,EXISTING,,Y,Y,Y,N,N,N,N,0.01113919,,N,23.4697398390144
78,Minor Trail,EAST_FAIRMOUNT,,,,CONNECTOR,HARD,EXISTING,,Y,Y,N,N,N,N,N,0.00982122,,N,20.6198125871209
79,Tacony Creek Trail,TACONY_FRANKFORD,,Tacony Creek Trail,,MAJOR,HARD,EXISTING,,Y,Y,Y,Y,N,N,N,0.29780239,,N,626.503070399928
80,Cheltenham Bridge,TACONY_FRANKFORD,,,,MAJOR,HARD,EXISTING,,Y,Y,Y,Y,N,N,N,0.01339533,,N,28.1217746869168
81,Tacony Creek Trail,TACONY_FRANKFORD,,Tacony Creek Trail,,MAJOR,HARD,EXISTING,,Y,Y,Y,Y,N,N,N,0.18571889,,N,390.830808140467
82,Pennypack Trail,PENNYPACK,,,,MAJOR,HARD,EXISTING,,Y,Y,Y,Y,N,N,N,0.02507715,,N,52.7872728087977
83,Grays Ferry Crescent,SRT_SCHUYLKILL_BANKS,,Schuylkill River Trail,,MAJOR,HARD,EXISTING,,Y,Y,N,Y,Y,Y,N,0.05432042,,N,113.927539342258
84,Grays Ferry Crescent,SRT_SCHUYLKILL_BANKS,,Schuylkill River Trail,,MAJOR,HARD,EXISTING,,Y,Y,N,Y,Y,Y,N,0.05937393,,N,124.56521108358
85,Tacony Creek Trail,TACONY_FRANKFORD,,Tacony Creek Trail,,MAJOR,HARD,EXISTING,,Y,Y,Y,Y,N,N,N,0.81410845,,N,1711.19645650958
86,Manayunk Bridge Trail,OTHER,,Manayunk Bridge Trail,,MAJOR,HARD,EXISTING,<Null>,Y,Y,N,Y,N,N,N,0.35862145,,N,755.199400587942
87,Schuylkill Banks,SRT_SCHUYLKILL_BANKS,,Schuylkill River Trail,,MAJOR,HARD,EXISTING,,Y,Y,N,Y,Y,Y,N,0.26867938,,N,564.371380939961
88,Bartrams Mile,BARTRAMS,,,,MAJOR,HARD,EXISTING,,Y,Y,N,Y,Y,Y,N,0.04925974,,N,103.348557918198
89,Bartrams Mile,BARTRAMS,,Schuylkill River Trail,,MAJOR,HARD,EXISTING,,Y,Y,N,Y,Y,Y,N,0.26944035,,N,565.321426496156
90,Bartrams Mile,BARTRAMS,,,,MAJOR,HARD,EXISTING,,Y,Y,N,Y,Y,Y,N,0.02192977,,N,46.0406096779251
91,Kensington and Tacony Trail,NORTH_DELAWARE,,Delaware Riverfront Greenway - K&T Trail,,MAJOR,HARD,EXISTING,,Y,Y,Y,Y,Y,N,Y,0.86270742,,N,1813.62687601931
92,Port Richmond Trail,NORTH_DELAWARE,,Delaware Riverfront Greenway - Port Richmond Trail,,MAJOR,HARD,EXISTING,,Y,Y,Y,Y,Y,N,Y,1.56869212,,N,3293.6928447555
93,Minor Trail,EAST_FAIRMOUNT,,,,CONNECTOR,HARD,EXISTING,,Y,Y,N,N,N,N,N,0.00436742,,N,9.16127027427445
94,Bartrams Mile,BARTRAMS,,Schuylkill River Trail,,MAJOR,HARD,EXISTING,,Y,Y,N,Y,Y,Y,N,0.4211466,,N,885.531566007756
95,Grays Ferry Crescent,SRT_SCHUYLKILL_BANKS,,,,CONNECTOR,HARD,EXISTING,,Y,Y,N,Y,Y,Y,N,0.07141352,,N,150.052170716179
96,Bartrams Mile,BARTRAMS,,,,MAJOR,HARD,EXISTING,,Y,Y,N,Y,N,Y,N,0.04538023,,N,95.379060780142
97,Schuylkill Banks,SRT_SCHUYLKILL_BANKS,,Schuylkill River Trail,,MAJOR,HARD,EXISTING,,Y,Y,N,Y,Y,Y,N,0.22592329,,N,474.513581819277
98,Schuylkill Banks,SRT_SCHUYLKILL_BANKS,,Schuylkill River Trail,,MAJOR,HARD,EXISTING,,Y,Y,N,Y,Y,Y,N,0.14633262,,N,307.467481585211
99,Frankford Creek Greenway,TACONY_FRANKFORD,,Frankford Creek Greenway,,MAJOR,HARD,EXISTING,,Y,Y,Y,Y,N,N,N,0.55888999,Riverfront North,N,1175.53079825736
100,Lincoln Drive Trail,WISSAHICKON,,Lincoln Drive Trail,,MAJOR,HARD,EXISTING,,Y,Y,Y,N,N,N,N,0.13384284,,N,281.222058363348
101,Lincoln Drive Trail,WISSAHICKON,,Lincoln Drive Trail,,MAJOR,HARD,EXISTING,,Y,Y,Y,N,N,N,N,0.15142487,,N,318.715132774719
102,Kelly Drive Trail,EAST_FAIRMOUNT,,Schuylkill River Trail,,MAJOR,HARD,EXISTING,,Y,Y,N,Y,Y,N,N,0.14455299,,N,303.477481128832
103,Minor Trail,WISSAHICKON_CARPENTERS_WOODS,,,,CONNECTOR,SOFT,EXISTING,,Y,Y,Y,N,N,N,N,0.05923085,,N,124.613609966649
104,Pennypack Trail,PENNYPACK,,Pennypack Trail,,MAJOR,HARD,EXISTING,,Y,Y,Y,Y,N,N,N,0.37884001,,N,796.934640366073
105,Schuylkill Banks,SRT_SCHUYLKILL_BANKS,,Schuylkill River Trail,,MAJOR,HARD,EXISTING,,Y,Y,N,Y,Y,Y,N,0.0670148,,Y,140.952812012766
106,Baxter Trail,NORTH_DELAWARE,,Baxter Trail,,MAJOR,HARD,EXISTING,Trail closed weekdays,Y,Y,Y,Y,Y,N,Y,0.60562577,,N,1272.81346481604
107,Baxter Trail,NORTH_DELAWARE,,Baxter Trail,,MAJOR,HARD,EXISTING,,Y,Y,Y,Y,Y,N,Y,1.05881759,,N,2226.27259933348
108,Delaware Avenue Extension Trail,NORTH_DELAWARE,"Delaware Avenue Extension Trail; North Delaware Avenue Extension - Phase 1A",Delaware Riverfront Greenway,,MAJOR,HARD,EXISTING,,Y,Y,Y,Y,Y,N,Y,0.53731633,Riverfront North,N,1129.13293357342
109,Orange Trail,WISSAHICKON,,Orange Trail,,MINOR,SOFT,EXISTING,,Y,Y,Y,N,N,N,N,0.1485131,,N,311.918580718801
110,Orange Trail,WISSAHICKON,,Orange Trail,,MINOR,SOFT,EXISTING,,Y,Y,Y,N,N,N,N,0.06618427,,N,139.060859943344
111,Minor Trail,WISSAHICKON,,,,MINOR,SOFT,EXISTING,,Y,Y,Y,N,N,N,N,0.33515676,,N,705.460253697267
112,Minor Trail,WISSAHICKON,,,,MINOR,HARD,EXISTING,,Y,Y,Y,N,N,N,N,0.08211034,,N,172.764048495688
113,Minor Trail,WISSAHICKON,,,,MINOR,HARD,EXISTING,,Y,Y,Y,N,N,N,N,0.00703374,,N,14.813975555496
114,Minor Trail,WISSAHICKON,,,,MINOR,HARD,EXISTING,,Y,Y,Y,N,N,N,N,0.05888853,,N,124.046072150753
115,Minor Trail,WISSAHICKON,,,,MINOR,SOFT,EXISTING,,Y,Y,Y,N,N,N,N,0.019054,,N,40.1276629801551
116,Minor Trail,WISSAHICKON,,,,MINOR,SOFT,EXISTING,,Y,Y,Y,N,N,N,N,0.03244099,,N,68.2464013213214
117,Minor Trail,WISSAHICKON,,,,CONNECTOR,HARD,EXISTING,,Y,Y,Y,N,N,N,N,0.01724836,,N,36.3402556607857
118,Minor Trail,WISSAHICKON,,,,CONNECTOR,SOFT,EXISTING,,Y,Y,Y,N,N,N,N,0.09354733,,N,196.606293634947
119,Minor Trail,WISSAHICKON,,,,CONNECTOR,SOFT,EXISTING,,Y,Y,Y,N,N,N,N,0.1259197,,N,264.822199027535
120,Minor Trail,WISSAHICKON,,,,MINOR,HARD,EXISTING,,Y,Y,Y,N,N,N,N,0.074537,,N,157.080231675346
121,Minor Trail,WISSAHICKON,,,,MINOR,HARD,EXISTING,,Y,Y,Y,N,N,N,N,0.04318709,,N,90.8870040262863
122,Minor Trail,WISSAHICKON,,,,CONNECTOR,SOFT,EXISTING,,Y,Y,Y,N,N,N,N,0.07457354,,N,156.863799553754
123,Minor Trail,WISSAHICKON,,,,MINOR,SOFT,EXISTING,,Y,Y,Y,N,N,N,N,0.11809546,,N,248.392292262341
124,Orange Trail,WISSAHICKON,,Orange Trail,,MINOR,SOFT,EXISTING,,Y,Y,Y,N,N,N,N,0.24699334,,N,519.737744228654
125,Minor Trail,EAST_FAIRMOUNT,,,,MINOR,HARD,EXISTING,,Y,Y,N,N,N,N,N,0.00829787,,N,17.4635008053689
126,White Trail,WISSAHICKON,,White Trail,,MINOR,SOFT,EXISTING,,Y,Y,Y,N,N,N,N,0.40572581,,N,852.919849540287
127,Minor Trail,WISSAHICKON,,,,MINOR,SOFT,EXISTING,,Y,Y,Y,N,N,N,N,0.38733485,,N,813.944847367578
128,Minor Trail,WISSAHICKON,,,,MINOR,SOFT,EXISTING,,Y,Y,Y,N,N,N,N,0.37613482,,N,790.595193932033
129,Yellow Trail,WISSAHICKON,,,,MINOR,SOFT,EXISTING,,Y,Y,Y,N,N,N,N,0.03310792,,N,69.7265454894548
130,Minor Trail,WISSAHICKON,,,,CONNECTOR,SOFT,EXISTING,,Y,Y,Y,N,N,N,N,0.07774177,,N,163.457678599027
131,Orange Trail,WISSAHICKON,,Orange Trail,,MINOR,SOFT,EXISTING,,Y,Y,Y,N,N,N,N,0.08597547,,N,181.020068656552
132,Minor Trail,EAST_FAIRMOUNT,,,,MINOR,HARD,EXISTING,,Y,Y,N,N,N,N,N,0.07064117,,N,148.423780121598
133,Minor Trail,WISSAHICKON,,,,MINOR,SOFT,EXISTING,,Y,Y,Y,N,N,N,N,0.50512892,,N,1062.12620336518
134,Minor Trail,WISSAHICKON,,,,MINOR,HARD,EXISTING,,Y,Y,Y,N,N,N,N,0.07853984,,N,164.978232241159
135,Minor Trail,WISSAHICKON,,,,MINOR,SOFT,EXISTING,,Y,Y,Y,N,N,N,N,0.10151609,,N,213.34987882247
136,Minor Trail,WISSAHICKON,,,,MINOR,SOFT,EXISTING,,Y,Y,Y,N,N,N,N,0.11116088,,N,233.938253121233
137,Minor Trail,WISSAHICKON,,,,MINOR,SOFT,EXISTING,,Y,Y,Y,N,N,N,N,0.14653333,,N,308.02316120552
138,Minor Trail,WISSAHICKON,,,,CONNECTOR,SOFT,EXISTING,,Y,Y,Y,N,N,N,N,0.07875166,,N,165.556164967428
139,Yellow Trail,WISSAHICKON,,Yellow Trail,,MINOR,HARD,EXISTING,,Y,Y,Y,N,N,N,N,0.17007928,,N,357.163014294398
140,Minor Trail,WISSAHICKON,,,,CONNECTOR,HARD,EXISTING,,Y,Y,Y,N,N,N,N,0.13179742,,N,277.517676549882
141,Yellow Trail,WISSAHICKON,,Yellow Trail,,MINOR,SOFT,EXISTING,,Y,Y,Y,N,N,N,N,0.22978336,,N,483.09822882942
142,Minor Trail,WISSAHICKON,,,,CONNECTOR,SOFT,EXISTING,,Y,Y,Y,N,N,N,N,0.08711484,,N,183.308273095596
143,Yellow Trail,WISSAHICKON,,Yellow Trail,,MINOR,SOFT,EXISTING,,Y,Y,Y,N,N,N,N,0.28337438,,N,595.731974311866
144,Orange Trail,WISSAHICKON,,Orange Trail,,MINOR,SOFT,EXISTING,,Y,Y,Y,N,N,N,N,0.16475679,,N,347.021172236647
145,Minor Trail,WISSAHICKON,,,,MINOR,SOFT,EXISTING,,Y,Y,Y,N,N,N,N,0.06178199,,N,129.82606333653
146,Orange Trail,WISSAHICKON,,,,MINOR,SOFT,EXISTING,,Y,Y,Y,N,N,N,N,0.02858277,,N,60.1214573316951
147,White Trail,WISSAHICKON,,White Trail,,MINOR,SOFT,EXISTING,,Y,Y,Y,N,N,N,N,0.12138729,,N,255.632506836675
148,Orange Trail,WISSAHICKON,,Orange Trail,,MINOR,SOFT,EXISTING,,Y,Y,Y,N,N,N,N,0.16496552,,N,347.226352951035
149,Orange Trail,WISSAHICKON,,Orange Trail,,MINOR,SOFT,EXISTING,,Y,Y,Y,N,N,N,N,0.07714722,,N,162.026795370523
150,Minor Trail,WISSAHICKON,,,,MINOR,SOFT,EXISTING,,Y,Y,Y,N,N,N,N,0.08860024,,N,186.635398609895
151,White Trail,WISSAHICKON,,White Trail,,MINOR,SOFT,EXISTING,,Y,Y,Y,N,N,N,N,0.07419201,,N,156.015387091909
152,White Trail,WISSAHICKON,,,,MINOR,SOFT,EXISTING,,Y,Y,Y,N,N,N,N,0.04760452,,N,100.288236819684
153,White Trail,WISSAHICKON,,,,MINOR,SOFT,EXISTING,,Y,Y,Y,N,N,N,N,0.0159382,,N,33.5766911498987
154,White Trail,WISSAHICKON,,White Trail,,MINOR,SOFT,EXISTING,,Y,Y,Y,N,N,N,N,0.33709277,,N,710.057006881334
155,White Trail,WISSAHICKON,,,,MINOR,SOFT,EXISTING,,Y,Y,Y,N,N,N,N,0.03240976,,N,68.0822230494859
156,Yellow Trail,WISSAHICKON,,Yellow Trail,,MINOR,SOFT,EXISTING,,Y,Y,Y,N,N,N,N,0.0672567,,N,141.512538505786
157,Yellow Trail,WISSAHICKON,,,,MINOR,SOFT,EXISTING,,Y,Y,Y,N,N,N,N,0.01278415,,N,26.9283312607036
158,Yellow Trail,WISSAHICKON,,,,MINOR,SOFT,EXISTING,,Y,Y,Y,N,N,N,N,0.02082651,,N,43.8584591103406
159,White Trail,WISSAHICKON,,White Trail,,MINOR,SOFT,EXISTING,,Y,Y,Y,N,N,N,N,0.37268461,,N,784.717332842996
160,Minor Trail,WISSAHICKON,,,,MINOR,SOFT,EXISTING,,Y,Y,Y,N,N,N,N,0.10677075,,N,224.742987696992
161,Minor Trail,WISSAHICKON,,,,CONNECTOR,SOFT,EXISTING,,Y,Y,Y,N,N,N,N,0.25219348,,N,530.50309060089
162,Minor Trail,WISSAHICKON,,,,MINOR,SOFT,EXISTING,,Y,Y,Y,N,N,N,N,0.21203389,,N,446.718265123873
163,Yellow Trail,WISSAHICKON,,Yellow Trail,,MINOR,SOFT,EXISTING,,Y,Y,Y,N,N,N,N,0.2257407,,N,474.412050827355
164,Yellow Trail,WISSAHICKON,,Yellow Trail,,MINOR,HARD,EXISTING,,Y,Y,Y,N,N,N,N,0.07299725,,N,153.239479211363
165,Yellow Trail,WISSAHICKON,,Yellow Trail,,MINOR,SOFT,EXISTING,,Y,Y,Y,N,N,N,N,0.39951359,,N,840.342309475127
166,Minor Trail,WISSAHICKON,,,,CONNECTOR,SOFT,EXISTING,,Y,Y,Y,N,N,N,N,0.05985284,,N,125.932398739631
167,Minor Trail,WISSAHICKON,,,,CONNECTOR,SOFT,EXISTING,,Y,Y,Y,N,N,N,N,0.15659675,,N,329.781982828285
168,Yellow Trail,WISSAHICKON,,Yellow Trail,,MINOR,SOFT,EXISTING,,Y,Y,Y,N,N,N,N,0.15108327,,N,317.783825923515
169,Yellow Trail,WISSAHICKON,,Yellow Trail,,MINOR,SOFT,EXISTING,,Y,Y,Y,N,N,N,N,0.23273472,,N,489.390487042568
170,Yellow Trail,WISSAHICKON,,,,MINOR,SOFT,EXISTING,,Y,Y,Y,N,N,N,N,0.0314484,,N,66.1559638736524
171,Minor Trail,EAST_FAIRMOUNT,,,,MINOR,HARD,EXISTING,,Y,Y,N,N,N,N,N,0.00928755,,N,19.5146961121157
172,Minor Trail,WISSAHICKON,,,,CONNECTOR,HARD,EXISTING,,Y,Y,Y,N,N,N,N,0.2520281,,N,529.340307893834
173,Minor Trail,WISSAHICKON,,,,CONNECTOR,HARD,EXISTING,,Y,Y,Y,N,N,N,N,0.14999436,,N,315.022775634725
174,Yellow Trail,WISSAHICKON,,Yellow Trail,,MINOR,SOFT,EXISTING,,Y,Y,Y,N,N,N,N,0.36305087,,N,763.200497141133
175,Yellow Trail,WISSAHICKON,,Yellow Trail,,MINOR,SOFT,EXISTING,,Y,Y,Y,N,N,N,N,0.24349909,,N,512.247065075106
176,Minor Trail,WISSAHICKON,,,,CONNECTOR,SOFT,EXISTING,,Y,Y,Y,N,N,N,N,0.05804843,,N,122.179039506112
177,Minor Trail,WISSAHICKON,,,,CONNECTOR,SOFT,EXISTING,,Y,Y,Y,N,N,N,N,0.13560551,,N,285.331158912492
178,Minor Trail,WISSAHICKON,,,,CONNECTOR,HARD,EXISTING,,Y,Y,Y,N,N,N,N,0.15077037,,N,316.993643525676
179,Yellow Trail,WISSAHICKON,,Yellow Trail,,MINOR,SOFT,EXISTING,,Y,Y,Y,N,N,N,N,0.42814151,,N,900.649915574977
180,Yellow Trail,WISSAHICKON,,Yellow Trail,,MINOR,SOFT,EXISTING,,Y,Y,Y,N,N,N,N,0.21640606,,N,454.824376953274
181,Minor Trail,EAST_FAIRMOUNT,,,,MINOR,HARD,EXISTING,,Y,Y,N,N,N,N,N,0.02304883,,N,48.4969488295969
182,Minor Trail,WISSAHICKON,,,,CONNECTOR,SOFT,EXISTING,,Y,Y,Y,N,N,N,N,0.16398691,,N,345.340928243225
183,Minor Trail,WISSAHICKON,,,,CONNECTOR,SOFT,EXISTING,,Y,Y,Y,N,N,N,N,0.23628425,,N,497.436008701096
184,Yellow Trail,WISSAHICKON,,Yellow Trail,,MINOR,SOFT,EXISTING,,Y,Y,Y,N,N,N,N,0.19069913,,N,401.053445067152
185,White Trail,WISSAHICKON,,,,MINOR,HARD,EXISTING,,Y,Y,Y,N,N,N,N,0.01436883,,N,30.1680000196664
186,White Trail,WISSAHICKON,,White Trail,,MINOR,SOFT,EXISTING,,Y,Y,Y,N,N,N,N,0.10970129,,N,230.366363183228
187,Minor Trail,WISSAHICKON,,,,MINOR,SOFT,EXISTING,,Y,Y,Y,N,N,N,N,0.13786644,Minor changes as part of Fall 2021 reroute,N,290.333321635683
188,Minor Trail,WISSAHICKON,,,,MINOR,SOFT,EXISTING,,Y,Y,Y,N,N,N,N,0.16697204,<Null>,N,351.393315171194
189,Minor Trail,WISSAHICKON,,,,CONNECTOR,SOFT,EXISTING,,Y,Y,Y,N,N,N,N,0.07823754,,N,164.535254896218
190,Orange Trail,WISSAHICKON,,,,MINOR,SOFT,EXISTING,,Y,Y,Y,N,N,N,N,0.03023531,,N,63.5983052121286
191,Orange Trail,WISSAHICKON,,,,MINOR,SOFT,EXISTING,,Y,Y,Y,N,N,N,N,0.04611985,,N,97.0459491918996
192,Orange Trail,WISSAHICKON,,Orange Trail,,MINOR,SOFT,EXISTING,,Y,Y,Y,N,N,N,N,0.67605295,,N,1422.57169918556
193,Livezey Lane Sidepath,WISSAHICKON,,Livezey Lane Sidepath,,MINOR,HARD,EXISTING,,Y,Y,Y,N,N,N,N,0.05449679,,N,114.643551257938
194,Minor Trail,WISSAHICKON,,,,CONNECTOR,SOFT,EXISTING,,Y,Y,Y,N,N,N,N,0.12088093,,N,254.112148915739
195,Minor Trail,WISSAHICKON,,,,MINOR,SOFT,EXISTING,,Y,Y,Y,N,N,N,N,0.04194584,,N,88.2940028287873
196,Minor Trail,WISSAHICKON,,,,CONNECTOR,HARD,EXISTING,,Y,Y,Y,N,N,N,N,0.08420596,,N,177.213609051709
197,White Trail,WISSAHICKON,,White Trail,,MINOR,SOFT,EXISTING,,Y,Y,Y,N,N,N,N,0.21023243,,N,442.368355456088
198,White Trail,WISSAHICKON,,White Trail,,MINOR,SOFT,EXISTING,,Y,Y,Y,N,N,N,N,0.23185473,,N,487.851444007095
199,Minor Trail,WISSAHICKON,,,,CONNECTOR,SOFT,EXISTING,,Y,Y,Y,N,N,N,N,0.0358871,,N,75.4573643477698
200,White Trail,WISSAHICKON,,White Trail,,MINOR,SOFT,EXISTING,,Y,Y,Y,N,N,N,N,0.07918002,,N,166.734491619353
201,Minor Trail,WISSAHICKON,,,,CONNECTOR,SOFT,EXISTING,,Y,Y,Y,N,N,N,N,0.12620356,,N,265.772936027237
202,Orange Trail,WISSAHICKON,,Orange Trail,,MINOR,SOFT,EXISTING,,Y,Y,Y,N,N,N,N,0.11532562,,N,242.900150083957
203,Minor Trail,WISSAHICKON,,,,CONNECTOR,SOFT,EXISTING,,Y,Y,Y,N,N,N,N,0.0739588,,N,155.673475115234
204,White Trail,WISSAHICKON,,White Trail,,MINOR,SOFT,EXISTING,,Y,Y,Y,N,N,N,N,0.1898045,,N,399.729499986946
205,Minor Trail,WISSAHICKON,,,,CONNECTOR,SOFT,EXISTING,,Y,Y,Y,N,N,N,N,0.12632534,,N,265.798388866046
206,White Trail,WISSAHICKON,,White Trail,,MINOR,SOFT,EXISTING,,Y,Y,Y,N,N,N,N,0.08132389,,N,171.041738852677
207,Minor Trail,WISSAHICKON,,,,MINOR,SOFT,EXISTING,,Y,Y,Y,N,N,N,N,0.16663668,,N,350.673360488609
208,Minor Trail,WISSAHICKON,,,,CONNECTOR,SOFT,EXISTING,,Y,Y,Y,N,N,N,N,0.07691254,,N,161.450378676707
209,White Trail,WISSAHICKON,,White Trail,,MINOR,SOFT,EXISTING,,Y,Y,Y,N,N,N,N,0.31161028,,N,655.188183098866
210,Orange Trail,WISSAHICKON,,Orange Trail,,MINOR,SOFT,EXISTING,,Y,Y,Y,N,N,N,N,0.3075661,,N,647.581307593243
211,Minor Trail,WISSAHICKON,,,,CONNECTOR,SOFT,EXISTING,,Y,Y,Y,N,N,N,N,0.09045843,,N,190.340135221437
212,Orange Trail,WISSAHICKON,,Orange Trail,,MINOR,SOFT,EXISTING,,Y,Y,Y,N,N,N,N,0.0622435,,N,131.022705802499
213,Orange Trail,WISSAHICKON,,,,MINOR,SOFT,EXISTING,,Y,Y,Y,N,N,N,N,0.01646969,,N,34.7050499988859
214,Minor Trail,WISSAHICKON,,,,CONNECTOR,SOFT,EXISTING,,Y,Y,Y,N,N,N,N,0.13799307,,N,289.874604867677
215,Orange Trail,WISSAHICKON,,Orange Trail,,MINOR,SOFT,EXISTING,,Y,Y,Y,N,N,N,N,0.12100542,,N,254.805556655735
216,White Trail,WISSAHICKON,,,,MINOR,SOFT,EXISTING,,Y,Y,Y,N,N,N,N,0.00510549,,N,10.7597005721435
217,Orange Trail,WISSAHICKON,,Orange Trail,,MINOR,SOFT,EXISTING,,Y,Y,Y,N,N,N,N,0.71489704,,N,1505.21175450503
218,White Trail,WISSAHICKON,,White Trail,,MINOR,SOFT,EXISTING,,Y,Y,Y,N,N,N,N,0.1692627,,N,356.390517961153
219,Minor Trail,WISSAHICKON,,,,CONNECTOR,SOFT,EXISTING,,Y,Y,Y,N,N,N,N,0.30456855,,N,641.170623922218
220,Yellow Trail,WISSAHICKON,,Yellow Trail,,MINOR,SOFT,EXISTING,,Y,Y,Y,N,N,N,N,0.15439874,,N,324.435939729805
221,Yellow Trail,WISSAHICKON,,,,MINOR,SOFT,EXISTING,,Y,Y,Y,N,N,N,N,0.0387001,,N,81.4397159320222
222,Yellow Trail,WISSAHICKON,,Yellow Trail,,MINOR,SOFT,EXISTING,,Y,Y,Y,N,N,N,N,0.16276221,,N,342.946308704736
223,Yellow Trail,WISSAHICKON,,Yellow Trail,,MINOR,SOFT,EXISTING,,Y,Y,Y,N,N,N,N,0.06193455,,N,130.219993843763
224,Minor Trail,FDR,,,,CONNECTOR,HARD,EXISTING,,Y,Y,Y,N,N,N,N,0.01311008,,N,27.4678354152398
225,Minor Trail,WISSAHICKON,,,,CONNECTOR,SOFT,EXISTING,,Y,Y,Y,N,N,N,N,0.12134023,,N,255.229302893769
226,Yellow Trail,WISSAHICKON,,Yellow Trail,,MINOR,SOFT,EXISTING,,Y,Y,Y,N,N,N,N,0.14608898,,N,307.353823855432
227,Minor Trail,WISSAHICKON,,,,CONNECTOR,SOFT,EXISTING,,Y,Y,Y,N,N,N,N,0.01778994,,N,37.4812128173589
228,Yellow Trail,WISSAHICKON,,Yellow Trail,,MINOR,SOFT,EXISTING,,Y,Y,Y,N,N,N,N,0.11828476,,N,248.994163129246
229,Orange Trail,WISSAHICKON,,Orange Trail,,MINOR,SOFT,EXISTING,,Y,Y,Y,N,N,N,N,0.1765225,,N,371.78829534464
230,Minor Trail,WISSAHICKON,,,,MINOR,HARD,EXISTING,,Y,Y,Y,N,N,N,N,0.4094375,,N,862.317328203363
231,Minor Trail,WISSAHICKON,,,,CONNECTOR,SOFT,EXISTING,,Y,Y,Y,N,N,N,N,0.10652567,,N,224.042766868094
232,Minor Trail,WISSAHICKON,,,,CONNECTOR,SOFT,EXISTING,,Y,Y,Y,N,N,N,N,0.09134491,,N,192.11677909252
233,Minor Trail,WISSAHICKON,,,,CONNECTOR,SOFT,EXISTING,,Y,Y,Y,N,N,N,N,0.1014879,,N,213.516101343698
234,White Trail,WISSAHICKON,,White Trail,,MINOR,SOFT,EXISTING,,Y,Y,Y,N,N,N,N,0.53926574,,N,1134.96213242673
235,Minor Trail,WISSAHICKON,,,,MINOR,SOFT,EXISTING,,Y,Y,Y,N,N,N,N,0.68663747,,N,1444.41913845448
236,Minor Trail,WISSAHICKON,,,,CONNECTOR,SOFT,EXISTING,,Y,Y,Y,N,N,N,N,0.17487537,,N,367.428753611805
237,Yellow Trail,WISSAHICKON,,Yellow Trail,,MINOR,SOFT,EXISTING,,Y,Y,Y,N,N,N,N,0.4585893,,N,964.829278050004
238,Minor Trail,WISSAHICKON,,,,CONNECTOR,SOFT,EXISTING,,Y,Y,Y,N,N,N,N,0.10885829,,N,229.393936149883
239,Minor Trail,WISSAHICKON,,,,CONNECTOR,HARD,EXISTING,,Y,Y,Y,N,N,N,N,0.21329501,,N,448.614771932594
240,Orange Trail,WISSAHICKON,,Orange Trail,,MINOR,SOFT,EXISTING,,Y,Y,Y,N,N,N,N,0.08006551,,N,168.530769317966
241,Orange Trail,WISSAHICKON,,Orange Trail,,MINOR,SOFT,EXISTING,,Y,Y,Y,N,N,N,N,0.28623363,,N,602.5697134663
242,Minor Trail,WISSAHICKON,,,,MINOR,HARD,EXISTING,,Y,Y,Y,N,N,N,N,0.01056535,,N,22.1920425162194
243,Minor Trail,WISSAHICKON,,,,MINOR,SOFT,EXISTING,,Y,Y,Y,N,N,N,N,0.08053875,,N,169.691054787814
244,White Trail,WISSAHICKON,,White Trail,,MINOR,SOFT,EXISTING,,Y,Y,Y,N,N,N,N,0.3052256,,N,641.06871329195
245,Orange Trail,WISSAHICKON,,Orange Trail,,MINOR,SOFT,EXISTING,,Y,Y,Y,N,N,N,N,0.1093024,,N,230.078330345385
246,Minor Trail,WISSAHICKON,,,,CONNECTOR,SOFT,EXISTING,,Y,Y,Y,N,N,N,N,0.11785794,,N,248.156334906604
247,Lavender Trail,WISSAHICKON,,Lavender Trail,,MINOR,SOFT,EXISTING,,Y,Y,Y,N,N,N,N,0.33818988,,N,710.572496551424
248,Minor Trail,WISSAHICKON,,,,CONNECTOR,SOFT,EXISTING,,Y,Y,Y,N,N,N,N,0.01504891,,N,31.6111515439016
249,Minor Trail,WISSAHICKON,,,,CONNECTOR,SOFT,EXISTING,,Y,Y,Y,N,N,N,N,0.01515443,,N,31.9339617038864
250,Minor Trail,WISSAHICKON,,,,CONNECTOR,SOFT,EXISTING,,Y,Y,Y,N,N,N,N,0.08546047,,N,179.571593476317
251,Lavender Trail,WISSAHICKON,,,,MINOR,SOFT,EXISTING,,Y,Y,Y,N,N,N,N,0.02194082,,N,46.1339402370172
252,Lavender Trail,WISSAHICKON,,Lavender Trail,,CONNECTOR,SOFT,EXISTING,,Y,Y,Y,N,N,N,N,0.11845086,,N,249.342294375974
253,Lavender Trail,WISSAHICKON,,,,MINOR,SOFT,EXISTING,,Y,Y,Y,N,N,N,N,0.01205903,,N,25.3961457710314
254,Lavender Trail,WISSAHICKON,,Lavender Trail,,MINOR,SOFT,EXISTING,,Y,Y,Y,N,N,N,N,0.42151334,,N,886.928850327062
255,Minor Trail,WISSAHICKON,,,,CONNECTOR,SOFT,EXISTING,,Y,Y,Y,N,N,N,N,0.02998503,,N,63.0918552878963
256,Minor Trail,WISSAHICKON,,,,MINOR,SOFT,EXISTING,,Y,Y,Y,N,N,N,N,0.19099379,,N,402.146503955786
257,Cresheim Foot Bridge,WISSAHICKON,,,,CONNECTOR,HARD,EXISTING,,Y,Y,Y,N,N,N,N,0.04311346,,N,90.5597067984747
258,Minor Trail,WISSAHICKON,,,,CONNECTOR,SOFT,EXISTING,,Y,Y,Y,N,N,N,N,0.0958553,,N,201.737552586218
259,Orange Trail,WISSAHICKON,,Orange Trail,,MINOR,SOFT,EXISTING,,Y,Y,Y,N,N,N,N,0.17994088,,N,379.056750664424
260,Orange Trail,WISSAHICKON,,Orange Trail,,MINOR,SOFT,EXISTING,,Y,Y,Y,N,N,N,N,0.21997826,,N,463.313152793767
261,Orange Trail,WISSAHICKON,,Orange Trail,,MINOR,SOFT,EXISTING,,Y,Y,Y,N,N,N,N,0.4878641,,N,1026.36011071184
262,Minor Trail,WISSAHICKON,,,,MINOR,SOFT,EXISTING,,Y,Y,Y,N,N,N,N,0.17132011,,N,360.499596733951
263,Minor Trail,WISSAHICKON,,,,MINOR,SOFT,EXISTING,,Y,Y,Y,N,N,N,N,0.06630328,,N,139.428390872549
264,Minor Trail,WISSAHICKON,,,,CONNECTOR,SOFT,EXISTING,,Y,Y,Y,N,N,N,N,0.080754,,N,169.757108724567
265,Yellow Trail,WISSAHICKON,,Yellow Trail,,MINOR,SOFT,EXISTING,,Y,Y,Y,N,N,N,N,0.17474782,,N,367.967059456389
266,Yellow Trail,WISSAHICKON,,Yellow Trail,,MINOR,SOFT,EXISTING,,Y,Y,Y,N,N,N,N,0.20741832,,N,436.641885976199
267,Minor Trail,WISSAHICKON,,,,CONNECTOR,SOFT,EXISTING,,Y,Y,Y,N,N,N,N,0.15626686,,N,329.172287346201
268,Yellow Trail,WISSAHICKON,,Yellow Trail,,MINOR,SOFT,EXISTING,,Y,Y,Y,N,N,N,N,0.09312619,,N,195.911414286958
269,Minor Trail,WISSAHICKON,,,,MINOR,SOFT,EXISTING,,Y,Y,Y,N,N,N,N,0.1862597,,N,391.510496633021
270,Minor Trail,WISSAHICKON,,,,CONNECTOR,SOFT,EXISTING,,Y,Y,Y,N,N,N,N,0.05811118,,N,122.092532249485
271,Minor Trail,WISSAHICKON,,,,MINOR,SOFT,EXISTING,,Y,Y,Y,N,N,N,N,0.17330933,,N,364.12172860971
272,Minor Trail,WISSAHICKON,,,,MINOR,SOFT,EXISTING,,Y,Y,Y,N,N,N,N,0.15440134,,N,324.34944891559
273,Minor Trail,WISSAHICKON,,,,CONNECTOR,SOFT,EXISTING,,Y,Y,Y,N,N,N,N,0.12239582,,N,257.187189383363
274,Yellow Trail,WISSAHICKON,,Yellow Trail,,MINOR,SOFT,EXISTING,,Y,Y,Y,N,N,N,N,0.20652668,,N,434.624078089664
275,Minor Trail,WISSAHICKON_CARPENTERS_WOODS,,,,MINOR,SOFT,EXISTING,,Y,Y,Y,N,N,N,N,0.13689094,,N,287.660521866504
276,Minor Trail,WISSAHICKON_CARPENTERS_WOODS,,,,CONNECTOR,SOFT,EXISTING,,Y,Y,Y,N,N,N,N,0.05363403,,N,112.71793759697
277,Minor Trail,WISSAHICKON_CARPENTERS_WOODS,,,,MINOR,SOFT,EXISTING,,Y,Y,Y,N,N,N,N,0.10905487,,N,229.551187953416
278,Minor Trail,WISSAHICKON_CARPENTERS_WOODS,,,,CONNECTOR,SOFT,EXISTING,,Y,Y,Y,N,N,N,N,0.04270648,<Null>,N,89.7677659478296
279,Minor Trail,WISSAHICKON_CARPENTERS_WOODS,,,,MINOR,SOFT,EXISTING,,Y,Y,Y,N,N,N,N,0.12218556,,N,257.196115880799
280,Minor Trail,WISSAHICKON_CARPENTERS_WOODS,,,,CONNECTOR,SOFT,EXISTING,,Y,Y,Y,N,N,N,N,0.03868553,<Null>,N,81.4895548135625
281,Minor Trail,WISSAHICKON_CARPENTERS_WOODS,,,,CONNECTOR,SOFT,EXISTING,,Y,Y,Y,N,N,N,N,0.09578032,<Null>,N,201.38265426391
282,Minor Trail,WISSAHICKON_CARPENTERS_WOODS,,,,CONNECTOR,SOFT,EXISTING,,Y,Y,Y,N,N,N,N,0.05286535,<Null>,N,111.23684840534
283,Minor Trail,WISSAHICKON_CARPENTERS_WOODS,,,,CONNECTOR,SOFT,EXISTING,,Y,Y,Y,N,N,N,N,0.08860923,,N,186.539507701564
284,Minor Trail,WISSAHICKON_CARPENTERS_WOODS,,,,MINOR,SOFT,EXISTING,,Y,Y,Y,N,N,N,N,0.07041205,,N,148.291589751114
285,Minor Trail,WISSAHICKON_CARPENTERS_WOODS,,,,CONNECTOR,SOFT,EXISTING,,Y,Y,Y,N,N,N,N,0.04325637,,N,90.8781266073505
286,Minor Trail,WISSAHICKON_CARPENTERS_WOODS,,,,CONNECTOR,SOFT,EXISTING,,Y,Y,Y,N,N,N,N,0.0384414,,N,81.0036298299258
287,Minor Trail,WISSAHICKON_CARPENTERS_WOODS,,,,MINOR,SOFT,EXISTING,,Y,Y,Y,N,N,N,N,0.10281808,,N,216.659566004825
288,Minor Trail,WISSAHICKON,,,,CONNECTOR,SOFT,EXISTING,,Y,Y,Y,N,N,N,N,0.03351899,,N,70.6320399928082
289,Orange Trail,WISSAHICKON,,Orange Trail,,CONNECTOR,SOFT,EXISTING,,Y,Y,Y,N,N,N,N,0.06325321,,N,132.809246517033
290,Minor Trail,WISSAHICKON,,,,CONNECTOR,HARD,EXISTING,,Y,Y,Y,N,N,N,N,0.01654699,,N,34.8260829168601
291,Minor Trail,WISSAHICKON,,,,MINOR,HARD,EXISTING,,Y,Y,Y,N,N,N,N,0.02103459,,N,44.297053147131
292,Minor Trail,WISSAHICKON,,,,CONNECTOR,HARD,EXISTING,,Y,Y,Y,N,N,N,N,0.02120895,,N,44.5475454887848
293,White Trail,WISSAHICKON,,White Trail,,MINOR,SOFT,EXISTING,,Y,Y,Y,N,N,N,N,0.25767094,Minor changes as part of Fall 2021 reroute,N,542.305669426714
294,100 Steps,WISSAHICKON,,,,MINOR,HARD,EXISTING,,Y,N,N,N,N,N,N,0.03357894,,N,70.6191324852467
295,Minor Trail,WISSAHICKON,,,,CONNECTOR,HARD,EXISTING,,Y,Y,Y,N,N,N,N,0.00574729,,N,12.1097853820169
296,Minor Trail,WISSAHICKON,,,,MINOR,HARD,EXISTING,,Y,Y,Y,N,N,N,N,0.08016215,,N,168.327268844877
297,Minor Trail,WISSAHICKON,,,,MINOR,HARD,EXISTING,,Y,Y,Y,N,N,N,N,0.06878634,,N,144.413820331932
298,Minor Trail,WISSAHICKON,,,,MINOR,SOFT,EXISTING,,Y,Y,Y,N,N,N,N,0.16046591,,N,337.529513550393
299,Minor Trail,WISSAHICKON,,,,MINOR,HARD,EXISTING,,Y,Y,Y,N,N,N,N,0.0085384,,N,17.9772595363566
300,Kitchens Lane Bridge,WISSAHICKON,,,,MINOR,HARD,EXISTING,,Y,Y,Y,N,N,N,N,0.02177865,,N,45.8099381117037
301,Orange Trail,WISSAHICKON,,,,MINOR,HARD,EXISTING,,Y,Y,Y,N,N,N,N,0.00509283,,N,10.7129179083755
302,Mt Airy Ave Bridge,WISSAHICKON,,,,MINOR,HARD,EXISTING,,Y,Y,Y,N,N,N,N,0.03896475,,N,81.7965719401043
303,Yellow Trail,WISSAHICKON,,,,MINOR,HARD,EXISTING,,Y,Y,Y,N,N,N,N,0.00700254,,N,14.7021608646098
304,Yellow Trail,WISSAHICKON,,,,MINOR,HARD,EXISTING,,Y,Y,Y,N,N,N,N,0.02406166,,N,50.5608177614768
305,Yellow Trail,WISSAHICKON,,,,MINOR,HARD,EXISTING,,Y,Y,Y,N,N,N,N,0.00231267,,N,4.87408735760653
306,Yellow Trail,WISSAHICKON,,,,MINOR,HARD,EXISTING,,Y,Y,Y,N,N,N,N,0.0052589,,N,11.059494995049
307,White Trail,WISSAHICKON,,,,MINOR,HARD,EXISTING,,Y,Y,Y,N,N,N,N,0.00303894,,N,6.39901512309428
308,Orange Trail,WISSAHICKON,,Orange Trail,,MINOR,SOFT,EXISTING,,Y,Y,Y,N,N,N,N,0.36357853,,N,765.939509181051
309,Livezey Lane Sidepath,WISSAHICKON,,Livezey Lane Sidepath,,MINOR,HARD,EXISTING,,Y,Y,Y,N,N,N,N,0.08102697,,N,170.335992921044
310,Minor Trail,WISSAHICKON,,,,CONNECTOR,HARD,EXISTING,,Y,Y,Y,N,N,N,N,0.01601594,,N,33.7578283299386
311,Minor Trail,WISSAHICKON,,,,CONNECTOR,HARD,EXISTING,,Y,Y,Y,N,N,N,N,0.00692637,,N,14.5728918581727
312,Minor Trail,WISSAHICKON_CARPENTERS_WOODS,,,,CONNECTOR,HARD,EXISTING,,Y,Y,Y,N,N,N,N,0.00836838,,N,17.5863166688293
313,Yellow Trail,WISSAHICKON,,,,MINOR,HARD,EXISTING,,Y,Y,Y,N,N,N,N,0.00497428,,N,10.4834761880588
314,Valley Green Bridge,WISSAHICKON,,,,MINOR,HARD,EXISTING,,Y,Y,Y,N,N,N,N,0.024827,,N,52.1417799361663
315,Orange Trail,WISSAHICKON,,,,MINOR,HARD,EXISTING,,Y,Y,Y,N,N,N,N,0.00298239,,N,6.27855472856068
316,White Trail,WISSAHICKON,,,,MINOR,HARD,EXISTING,,Y,Y,Y,N,N,N,N,0.00422842,,N,8.90831276569867
317,White Trail,WISSAHICKON,,,,MINOR,HARD,EXISTING,,Y,Y,Y,N,N,N,N,0.00689724,,N,14.5314209848366
318,Rex Avenue Bridge,WISSAHICKON,,,,MINOR,HARD,EXISTING,,Y,Y,Y,N,N,N,N,0.02376998,,N,49.9395488464805
319,Minor Trail,WISSAHICKON,,,,MINOR,HARD,EXISTING,,Y,Y,Y,N,N,N,N,0.03044821,,N,64.0290189234036
320,White Trail,WISSAHICKON,,,,MINOR,HARD,EXISTING,,Y,Y,Y,N,N,N,N,0.01007807,,N,21.2366733734239
321,Thomas Mill Covered Bridge,WISSAHICKON,,,,MINOR,HARD,EXISTING,,Y,Y,Y,N,N,N,N,0.04082342,,N,85.7530519682502
322,Minor Trail,WISSAHICKON,,,,MINOR,SOFT,EXISTING,,Y,Y,Y,N,N,N,N,0.14389059,,N,302.793679409949
323,Lavender Trail,WISSAHICKON,,,,MINOR,HARD,EXISTING,,Y,Y,Y,N,N,N,N,0.00696641,,N,14.6735567512082
324,Lavender Trail,WISSAHICKON,,,,MINOR,HARD,EXISTING,,Y,Y,Y,N,N,N,N,0.00664042,,N,13.9659393883236
325,Minor Trail,WISSAHICKON,,,,CONNECTOR,HARD,EXISTING,,Y,Y,Y,N,N,N,N,0.05124103,,N,107.67023217339
326,Minor Trail,WISSAHICKON,,,,CONNECTOR,HARD,EXISTING,,Y,Y,Y,N,N,N,N,0.11821368,,N,248.257973677887
327,Yellow Trail,WISSAHICKON,,,,MINOR,HARD,EXISTING,,Y,Y,Y,N,N,N,N,0.0052935,,N,11.159764168062
328,Yellow Trail,WISSAHICKON,,,,MINOR,HARD,EXISTING,,Y,Y,Y,N,N,N,N,0.00277454,,N,5.84861488647157
329,Yellow Trail,WISSAHICKON,,,,MINOR,HARD,EXISTING,,Y,Y,Y,N,N,N,N,0.00604294,,N,12.6903198579166
330,Minor Trail,WISSAHICKON,,,,MINOR,SOFT,EXISTING,,Y,Y,Y,N,N,N,N,0.23671765,,N,497.729260102757
331,Minor Trail,WISSAHICKON,,,,CONNECTOR,HARD,EXISTING,,Y,Y,Y,N,N,N,N,0.04873583,,N,102.513794246641
332,White Trail,WISSAHICKON,,,,MINOR,HARD,EXISTING,,Y,Y,Y,N,N,N,N,0.00337272,,N,7.08189020472828
333,Minor Trail,WISSAHICKON,,,,CONNECTOR,SOFT,EXISTING,,Y,Y,Y,N,N,N,N,0.23371746,,N,490.941560284069
334,Minor Trail,WISSAHICKON,,,,CONNECTOR,SOFT,EXISTING,,Y,Y,Y,N,N,N,N,0.00981075,,N,20.6098875087046
335,Minor Trail,WISSAHICKON,,,,CONNECTOR,SOFT,EXISTING,,Y,Y,Y,N,N,N,N,0.1787195,,N,375.38600610555
336,Minor Trail,WISSAHICKON,,,,CONNECTOR,SOFT,EXISTING,,Y,Y,Y,N,N,N,N,0.29526723,,N,620.901638717626
337,Yellow Trail,WISSAHICKON,,Yellow Trail,,MINOR,SOFT,EXISTING,,Y,Y,Y,N,N,N,N,0.52638572,,N,1106.03790585314
338,Minor Trail,WISSAHICKON,,,,CONNECTOR,SOFT,EXISTING,,Y,Y,Y,N,N,N,N,0.07096092,,N,149.115433055843
339,Yellow Trail,WISSAHICKON,,Yellow Trail,,MINOR,SOFT,EXISTING,,Y,Y,Y,N,N,N,N,0.07201497,,N,151.335545699086
340,Minor Trail,WISSAHICKON,,,,MINOR,SOFT,EXISTING,,Y,Y,Y,N,N,N,N,0.06175853,,N,129.935213826522
341,Minor Trail,COBBS_HADDINGTON,,,,MINOR,HARD,EXISTING,,Y,Y,Y,N,N,N,N,0.07729338,,N,162.647682651026
342,Yellow Trail,WISSAHICKON,,Yellow Trail,,MINOR,SOFT,EXISTING,,Y,Y,Y,N,N,N,N,0.1012658,,N,212.840263837289
343,Yellow Trail,WISSAHICKON,,Yellow Trail,,MINOR,SOFT,EXISTING,,Y,Y,Y,N,N,N,N,0.11963128,,N,251.963198408536
344,Minor Trail,WISSAHICKON,,,,CONNECTOR,SOFT,EXISTING,,Y,Y,Y,N,N,N,N,0.04184899,,N,88.1664834767141
345,Yellow Trail,WISSAHICKON,,Yellow Trail,,MINOR,SOFT,EXISTING,,Y,Y,Y,N,N,N,N,0.09374412,,N,197.251410780766
346,Minor Trail,WISSAHICKON,,,,CONNECTOR,SOFT,EXISTING,,Y,Y,Y,N,N,N,N,0.04411211,,N,92.6746274865739
347,Minor Trail,WISSAHICKON,,,,CONNECTOR,HARD,EXISTING,,Y,Y,Y,N,N,N,N,0.07181919,,N,151.041390867407
348,Yellow Trail,WISSAHICKON,,,,MINOR,HARD,EXISTING,,Y,Y,Y,N,N,N,N,0.00478871,,N,10.0754505973234
349,Yellow Trail,WISSAHICKON,,,,MINOR,SOFT,EXISTING,,Y,Y,Y,N,N,N,N,0.02909452,,N,61.2186866902472
350,Yellow Trail,WISSAHICKON,,Yellow Trail,,MINOR,SOFT,EXISTING,,Y,Y,Y,N,N,N,N,0.15430805,,N,324.252135422028
351,Lavender Trail,WISSAHICKON,,Lavender Trail,,MINOR,SOFT,EXISTING,,Y,Y,Y,N,N,N,N,0.1889348,,N,397.584594145866
352,Lavender Trail,WISSAHICKON,,Lavender Trail,,MINOR,SOFT,EXISTING,,Y,Y,Y,N,N,N,N,0.05384373,,N,113.193102849928
353,Lavender Trail,WISSAHICKON,,,,CONNECTOR,SOFT,EXISTING,,Y,Y,Y,N,N,N,N,0.00256026,,N,5.39695319579183
354,Lavender Trail,WISSAHICKON,,Lavender Trail,,MINOR,SOFT,EXISTING,,Y,Y,Y,N,N,N,N,0.25497141,,N,536.893368899576
355,Orange Trail,WISSAHICKON,,,,CONNECTOR,SOFT,EXISTING,,Y,Y,Y,N,N,N,N,0.0346701,,N,73.0261617611978
356,Minor Trail,WISSAHICKON,,,,MINOR,SOFT,EXISTING,,Y,Y,Y,N,N,N,N,0.23780758,,N,500.432118321459
357,Minor Trail,WISSAHICKON,,,,CONNECTOR,SOFT,EXISTING,,Y,Y,Y,N,N,N,N,0.01786535,,N,37.6124411817024
358,Minor Trail,WISSAHICKON,,,,CONNECTOR,SOFT,EXISTING,,Y,Y,Y,N,N,N,N,0.03691503,,N,77.602662261431
359,Yellow Trail,WISSAHICKON,,,,MINOR,SOFT,EXISTING,,Y,Y,Y,N,N,N,N,0.02832542,,N,59.5109674623989
360,Minor Trail,WISSAHICKON,,,,MINOR,SOFT,EXISTING,,Y,Y,Y,N,N,N,N,0.01198804,,N,25.1856657670234
361,Orange Trail,WISSAHICKON,,,,MINOR,SOFT,EXISTING,,Y,Y,Y,N,N,N,N,0.00951685,,N,20.045384228858
362,Minor Trail,WISSAHICKON,,,,MINOR,SOFT,EXISTING,,Y,Y,Y,N,N,N,N,0.12752942,,N,268.323824720363
363,Minor Trail,WISSAHICKON,,,,MINOR,SOFT,EXISTING,,Y,Y,Y,N,N,N,N,0.4279119,,N,898.970100879553
364,Minor Trail,WISSAHICKON,,,,MINOR,SOFT,EXISTING,,Y,Y,Y,N,N,N,N,0.26956044,,N,566.826739526062
365,Minor Trail,WISSAHICKON,,,,MINOR,SOFT,EXISTING,,Y,Y,Y,N,N,N,N,0.26523497,,N,559.024534691721
366,Minor Trail,WISSAHICKON,,,,CONNECTOR,SOFT,EXISTING,,Y,Y,Y,N,N,N,N,0.11338308,,N,238.315603617142
367,Minor Trail,WISSAHICKON,,,,CONNECTOR,SOFT,EXISTING,,Y,Y,Y,N,N,N,N,0.12828942,,N,269.444668740816
368,Minor Trail,WISSAHICKON,,,,CONNECTOR,SOFT,EXISTING,,Y,Y,Y,N,N,N,N,0.17325476,,N,363.829707984192
369,Minor Trail,WISSAHICKON,,,,CONNECTOR,SOFT,EXISTING,,Y,Y,Y,N,N,N,N,0.04744453,,N,99.6158862270775
370,Yellow Trail,WISSAHICKON,,,,MINOR,SOFT,EXISTING,,Y,Y,Y,N,N,N,N,0.01783052,,N,37.496618234791
371,Minor Trail,WISSAHICKON,,,,MINOR,SOFT,EXISTING,,Y,Y,Y,N,N,N,N,0.00692322,,N,14.5806749332693
372,Minor Trail,WISSAHICKON,,,,MINOR,SOFT,EXISTING,,Y,Y,Y,N,N,N,N,0.00345025,,N,7.25972605480873
373,Orange Trail,WISSAHICKON,,,,MINOR,SOFT,EXISTING,,Y,Y,Y,N,N,N,N,0.01287683,,N,27.0970831956479
374,Orange Trail,WISSAHICKON,,,,MINOR,HARD,EXISTING,,Y,Y,Y,N,N,N,N,0.01070847,,N,22.5287970122096
375,Minor Trail,WISSAHICKON,,,,CONNECTOR,SOFT,EXISTING,,Y,Y,Y,N,N,N,N,0.00742296,,N,15.6398332015159
376,Minor Trail,WISSAHICKON,,,,MINOR,SOFT,EXISTING,,Y,Y,Y,N,N,N,N,0.15037698,,N,316.37436384262
377,Minor Trail,WISSAHICKON,,,,MINOR,SOFT,EXISTING,,Y,Y,Y,N,N,N,N,0.26717883,,N,562.170127259376
378,Minor Trail,WISSAHICKON,,,,MINOR,SOFT,EXISTING,,Y,Y,Y,N,N,N,N,0.11625931,,N,244.72404084327
379,Minor Trail,WISSAHICKON_ANDORRA,Forest Loop,,,CONNECTOR,SOFT,EXISTING,,Y,N,Y,N,N,N,N,0.05494534,,N,115.577984730389
380,Minor Trail,WISSAHICKON_ANDORRA,Forest Loop,,,CONNECTOR,SOFT,EXISTING,,Y,N,Y,N,N,N,N,0.07888099,,N,165.743646368708
381,Belmont Cross Country Trail,WEST_FAIRMOUNT,,Belmont Cross Country Trail,,MINOR,SOFT,EXISTING,,Y,Y,Y,N,N,N,N,0.09820221,,N,206.107075280636
382,Minor Trail,WISSAHICKON_ANDORRA,Green Trail,,,MINOR,SOFT,EXISTING,,Y,N,Y,N,N,N,N,0.40444002,,N,851.075353329089
383,Minor Trail,WISSAHICKON,,,,CONNECTOR,SOFT,EXISTING,,Y,Y,Y,N,N,N,N,0.04834089,,N,101.712579722363
384,Bells Mill Road Bridge,WISSAHICKON,,,,CONNECTOR,HARD,EXISTING,,Y,Y,Y,N,N,N,N,0.06591547,,N,138.496176828845
385,Minor Trail,WISSAHICKON,,,,CONNECTOR,HARD,EXISTING,,Y,Y,Y,N,N,N,N,0.02575963,,N,54.0924954361954
386,Yellow Trail,WISSAHICKON,,Yellow Trail,,MINOR,SOFT,ON_STREET,,Y,Y,Y,N,N,N,N,0.21483716,,N,451.964915394173
387,Minor Trail,WISSAHICKON_ANDORRA,Green Trail,,,MINOR,SOFT,EXISTING,,Y,N,Y,N,N,N,N,0.01667642,,N,35.1540938538597
388,Minor Trail,WISSAHICKON_ANDORRA,Connecting Trail,,,MINOR,SOFT,EXISTING,,Y,N,Y,N,N,N,N,0.19443378,,N,409.544433010712
389,Minor Trail,WISSAHICKON_ANDORRA,Green Trail,,,MINOR,SOFT,EXISTING,,Y,N,Y,N,N,N,N,0.24430876,,N,513.701460367944
390,Minor Trail,WISSAHICKON_ANDORRA,Forest Loop,,,MINOR,SOFT,EXISTING,,Y,N,Y,N,N,N,N,0.19135346,,N,402.64546597984
391,Minor Trail,COBBS_HADDINGTON,,,,CONNECTOR,HARD,EXISTING,,Y,Y,Y,N,N,N,N,0.06754289,,N,141.944002947461
392,Minor Trail,WISSAHICKON_ANDORRA,Yellow Trail,,,MINOR,SOFT,EXISTING,,Y,N,Y,N,N,N,N,0.11131216,,N,234.212384045085
393,Minor Trail,WISSAHICKON_ANDORRA,Orange Trail,,,CONNECTOR,SOFT,EXISTING,,Y,N,Y,N,N,N,N,0.09366894,,N,196.947575285894
394,Minor Trail,WISSAHICKON_ANDORRA,Teal Trail,,,CONNECTOR,SOFT,EXISTING,,Y,N,Y,N,N,N,N,0.06675202,,N,140.617178787155
395,Minor Trail,WISSAHICKON_ANDORRA,Forest Loop,,,MINOR,SOFT,EXISTING,,Y,N,Y,N,N,N,N,0.21028781,,N,441.941568828416
396,Minor Trail,WISSAHICKON_ANDORRA,Teal Trail,,,CONNECTOR,SOFT,EXISTING,,Y,N,Y,N,N,N,N,0.17653273,,N,370.792115249028
397,Minor Trail,WISSAHICKON_ANDORRA,Blue Trail,,,CONNECTOR,SOFT,EXISTING,,Y,N,Y,N,N,N,N,0.07210544,,N,151.456708560871
398,Minor Trail,WISSAHICKON_ANDORRA,Forest Loop,,,MINOR,SOFT,EXISTING,,Y,N,Y,N,N,N,N,0.10181235,,N,213.976830628474
399,Minor Trail,WISSAHICKON_ANDORRA,Teal Trail,,,CONNECTOR,SOFT,EXISTING,,Y,N,Y,N,N,N,N,0.05685107,,N,119.410841917667
400,Belmont Cross Country Trail,WEST_FAIRMOUNT,,Belmont Cross Country Trail,,MINOR,HARD,EXISTING,,Y,Y,Y,N,N,N,N,0.08832945,,N,185.602262889721
401,Minor Trail,COBBS_HADDINGTON,,,,MINOR,HARD,EXISTING,,Y,Y,Y,N,N,N,N,0.10970496,,N,230.065407024489
402,Minor Trail,WISSAHICKON_ANDORRA,Forest Loop,,,CONNECTOR,SOFT,EXISTING,,Y,N,Y,N,N,N,N,0.06970804,,N,146.720816569561
403,Minor Trail,WISSAHICKON_ANDORRA,Forest Loop,,,CONNECTOR,SOFT,EXISTING,,Y,N,Y,N,N,N,N,0.0192585,,N,40.4637254122628
404,Minor Trail,WISSAHICKON_ANDORRA,Connecting Trail,,,CONNECTOR,SOFT,EXISTING,,Y,N,Y,N,N,N,N,0.01996219,,N,41.9689678569347
405,Minor Trail,WISSAHICKON_ANDORRA,EEC Driveway,,,CONNECTOR,SOFT,EXISTING,,Y,N,Y,N,N,N,N,0.08412236,,N,177.157411003709
406,Minor Trail,WISSAHICKON_ANDORRA,Connecting Trail,,,CONNECTOR,SOFT,EXISTING,,Y,N,Y,N,N,N,N,0.05187929,,N,109.13804781377
407,Andorra Bike Bypass,WISSAHICKON_ANDORRA,Bike Bypass,Andorra Bike Bypass,,MINOR,SOFT,EXISTING,,Y,Y,Y,N,N,N,N,0.10051064,,N,211.475791444558
408,Wissahickon EEC Driveway,WISSAHICKON_ANDORRA,EEC Driveway,,,MINOR,HARD,EXISTING,,Y,Y,Y,N,N,N,N,0.04215367,,N,88.8809113312567
409,Minor Trail,WISSAHICKON_ANDORRA,Connecting Trail,,,MINOR,SOFT,EXISTING,,Y,Y,Y,N,N,N,N,0.14490292,,N,304.662423887766
410,Minor Trail,WISSAHICKON_ANDORRA,Forest Loop,,,CONNECTOR,HARD,EXISTING,,Y,N,Y,N,N,N,N,0.07412177,,N,156.043764370089
411,Andorra Bike Bypass,WISSAHICKON_ANDORRA,Bike Bypass,,,MINOR,SOFT,EXISTING,,Y,Y,Y,N,N,N,N,0.02091509,,N,44.0350769860948
412,Minor Trail,WISSAHICKON_ANDORRA,Connecting Trail,,,MINOR,SOFT,EXISTING,,Y,N,Y,N,N,N,N,0.0559506,,N,117.850714601059
413,Andorra Bike Bypass,WISSAHICKON_ANDORRA,Bike Bypass,Andorra Bike Bypass,,MINOR,SOFT,EXISTING,,Y,Y,Y,N,N,N,N,0.06973558,,N,146.611796603011
414,Minor Trail,WISSAHICKON_ANDORRA,Forest Loop,,,MINOR,SOFT,EXISTING,,Y,N,Y,N,N,N,N,0.0906638,,N,190.660765293695
415,Minor Trail,WISSAHICKON_ANDORRA,Forest Loop,,,MINOR,SOFT,EXISTING,,Y,N,Y,N,N,N,N,0.01532964,,N,32.325760026981
416,Minor Trail,COBBS_HADDINGTON,,,,MINOR,HARD,EXISTING,,Y,Y,Y,N,N,N,N,0.09314866,,N,195.673703679428
417,Minor Trail,WISSAHICKON_ANDORRA,Forest Loop,,,MINOR,SOFT,EXISTING,,Y,N,Y,N,N,N,N,0.03842271,,N,80.8749746837676
418,Minor Trail,WISSAHICKON_ANDORRA,Early Bird Trail,,,MINOR,SOFT,EXISTING,,Y,N,Y,N,N,N,N,0.06644975,,N,139.680899227731
419,Minor Trail,WISSAHICKON_ANDORRA,Forest Loop,,,MINOR,SOFT,EXISTING,,Y,N,Y,N,N,N,N,0.03864434,,N,81.3675439998942
420,Minor Trail,WISSAHICKON_ANDORRA,Forest Loop,,,MINOR,SOFT,EXISTING,,Y,N,Y,N,N,N,N,0.13716144,,N,288.585179505824
421,Minor Trail,WISSAHICKON_ANDORRA,Forest Loop,,,MINOR,SOFT,EXISTING,,Y,N,Y,N,N,N,N,0.01051017,,N,22.0759188989514
422,Minor Trail,WISSAHICKON_ANDORRA,Forest Loop,,,CONNECTOR,SOFT,EXISTING,,Y,N,Y,N,N,N,N,0.0652661,,N,137.269476196209
423,Minor Trail,WISSAHICKON_ANDORRA,Meadow Loop,,,MINOR,SOFT,EXISTING,,Y,N,Y,N,N,N,N,0.0609573,,N,128.077607282598
424,Minor Trail,WISSAHICKON_ANDORRA,Yellow Trail,,,MINOR,SOFT,EXISTING,,Y,N,Y,N,N,N,N,0.09383121,,N,197.284387715809
425,Minor Trail,WISSAHICKON,,,,MINOR,HARD,EXISTING,,Y,Y,Y,N,N,N,N,0.08218332,,N,172.971063413709
426,Minor Trail,WISSAHICKON,,,,CONNECTOR,SOFT,EXISTING,,Y,Y,Y,N,N,N,N,0.03783134,,N,79.6002857153108
427,Belmont Cross Country Trail,WEST_FAIRMOUNT,,Belmont Cross Country Trail,,MINOR,HARD,EXISTING,,Y,Y,Y,N,N,N,N,0.06118259,,N,128.68020502456
428,Belmont Cross Country Trail,WEST_FAIRMOUNT,Army Road,Belmont Cross Country Trail,,MINOR,HARD,EXISTING,,Y,Y,Y,N,N,N,N,0.06674867,,N,140.325055257628
429,Belmont Cross Country Trail,WEST_FAIRMOUNT,Parachute Hill,Belmont Cross Country Trail,,MINOR,HARD,EXISTING,,Y,Y,Y,N,N,N,N,0.1740165,,N,365.728074282345
430,Minor Trail,WISSAHICKON_ANDORRA,Meadow Loop,,,MINOR,SOFT,EXISTING,,Y,N,Y,N,N,N,N,0.7488691,,N,1575.26479833598
431,Minor Trail,WISSAHICKON_ANDORRA,Meadow Loop,,,MINOR,SOFT,EXISTING,,Y,N,Y,N,N,N,N,0.02592364,,N,54.5716843357458
432,Minor Trail,WISSAHICKON_ANDORRA,Meadow Observation Loop,,,MINOR,SOFT,EXISTING,,Y,N,Y,N,N,N,N,0.17936765,,N,377.481192432869
433,Azalea Garden Path,EAST_FAIRMOUNT,,,,MINOR,HARD,EXISTING,,Y,Y,N,N,N,N,N,0.04888373,,N,102.526611787181
434,Minor Trail,WISSAHICKON,,,,MINOR,SOFT,EXISTING,,Y,Y,Y,N,N,N,N,0.28879387,,N,607.64997107535
435,Minor Trail,WISSAHICKON,,,,CONNECTOR,SOFT,EXISTING,,Y,Y,Y,N,N,N,N,0.01382508,,N,29.0698099539681
436,Minor Trail,WISSAHICKON,,,,MINOR,SOFT,EXISTING,,Y,Y,Y,N,N,N,N,0.14894976,,N,313.439671717627
437,Minor Trail,WISSAHICKON,,,,CONNECTOR,SOFT,EXISTING,,Y,Y,Y,N,N,N,N,0.01218599,,N,25.6159472359228
438,Minor Trail,WISSAHICKON,,,,CONNECTOR,SOFT,EXISTING,,Y,Y,Y,N,N,N,N,0.08141209,,N,171.088801776526
439,Minor Trail,WISSAHICKON,,,,CONNECTOR,SOFT,EXISTING,,Y,Y,Y,N,N,N,N,0.02223549,,N,46.8015601011339
440,Azalea Garden Path,EAST_FAIRMOUNT,,,,MINOR,HARD,EXISTING,,Y,Y,N,N,N,N,N,0.01190475,,N,25.0619914288298
441,Azalea Garden Path,EAST_FAIRMOUNT,,,,MINOR,HARD,EXISTING,,Y,Y,N,N,N,N,N,0.01149908,,N,24.1106743204004
442,Azalea Garden Path,EAST_FAIRMOUNT,,Azalea Garden Path,,MINOR,HARD,EXISTING,,Y,Y,N,N,N,N,N,0.05344009,,N,112.078526551424
443,Azalea Garden Path,EAST_FAIRMOUNT,,,,MINOR,HARD,EXISTING,,Y,Y,N,N,N,N,N,0.01576895,,N,33.1240983055127
444,Azalea Garden Path,EAST_FAIRMOUNT,,,,MINOR,HARD,EXISTING,,Y,Y,N,N,N,N,N,0.02722723,,N,57.2733324029708
445,Azalea Garden Path,EAST_FAIRMOUNT,,,,MINOR,HARD,EXISTING,,Y,Y,N,N,N,N,N,0.00676169,,N,14.2351758954145
446,Azalea Garden Path,EAST_FAIRMOUNT,,,,MINOR,HARD,EXISTING,,Y,Y,N,N,N,N,N,0.00629871,,N,13.2246490348204
447,Azalea Garden Path,EAST_FAIRMOUNT,,,,MINOR,HARD,EXISTING,,Y,Y,N,N,N,N,N,0.00897651,,N,18.8896244924468
448,Kelly Drive Trail,EAST_FAIRMOUNT,"Waterworks Drive, Seahorse Circle",,,MINOR,HARD,EXISTING,,Y,Y,N,N,N,N,N,0.03382583,,N,70.9919299893023
449,Minor Trail,EAST_FAIRMOUNT,,,,MINOR,HARD,EXISTING,,Y,Y,N,Y,Y,N,N,0.07484725,,N,156.953339496185
450,Belmont Cross Country Trail,WEST_FAIRMOUNT,Army Road,Belmont Cross Country Trail,,MINOR,HARD,EXISTING,,Y,Y,Y,N,N,N,N,0.07677233,,N,161.593288798737
451,Belmont Cross Country Trail,WEST_FAIRMOUNT,Army Road,Belmont Cross Country Trail,,MINOR,HARD,EXISTING,,Y,Y,Y,N,N,N,N,0.1543377,,N,324.828341170724
452,Centennial 5K Loop,WEST_FAIRMOUNT,,Centennial 5K Loop,,MINOR,HARD,EXISTING,,Y,Y,Y,N,N,N,N,3.18033977,,N,6679.37983951366
453,Belmont Cross Country Trail,WEST_FAIRMOUNT,Army Road,Belmont Cross Country Trail,,MINOR,HARD,EXISTING,,Y,Y,Y,N,N,N,N,0.15387033,,N,323.325184764084
454,Belmont Cross Country Trail,WEST_FAIRMOUNT,Army Road,Belmont Cross Country Trail,,MINOR,HARD,EXISTING,,Y,Y,Y,N,N,N,N,0.25357948,,N,533.359082204695
455,Minor Trail,EAST_FAIRMOUNT,,,,MINOR,HARD,EXISTING,,Y,Y,N,N,N,N,N,0.00646507,,N,13.5928900851406
456,Crossbow Trail,WEST_FAIRMOUNT,,Crossbow Trail,,MINOR,SOFT,EXISTING,,Y,Y,Y,N,N,N,N,0.56723357,,N,1191.57644307765
457,Crossbow Trail,WEST_FAIRMOUNT,,Crossbow Trail,,CONNECTOR,SOFT,EXISTING,,Y,Y,Y,N,N,N,N,0.06773895,,N,142.280112392262
458,Crossbow Trail,WEST_FAIRMOUNT,,Crossbow Trail,,MINOR,SOFT,EXISTING,,Y,Y,Y,N,N,N,N,0.41295212,,N,868.26521333937
459,Belmont Cross Country Trail,WEST_FAIRMOUNT,,Belmont Cross Country Trail,,MINOR,SOFT,EXISTING,,Y,Y,Y,N,N,N,N,0.80442108,,N,1692.22070056981
460,Belmont Cross Country Trail,WEST_FAIRMOUNT,,Belmont Cross Country Trail,,MINOR,SOFT,EXISTING,,Y,Y,Y,N,N,N,N,0.10612378,,N,223.033679546985
461,Minor Trail,EAST_FAIRMOUNT,,,,MINOR,HARD,EXISTING,,Y,Y,N,N,N,N,N,0.0204162,,N,42.8893392588776
462,Minor Trail,EAST_FAIRMOUNT,,,,CONNECTOR,HARD,EXISTING,,Y,Y,N,N,N,N,N,0.00800833,,N,16.802293318893
463,Minor Trail,EAST_FAIRMOUNT,,,,CONNECTOR,HARD,EXISTING,,Y,Y,N,N,N,N,N,0.01137569,,N,23.8704994123422
464,Minor Trail,EAST_FAIRMOUNT,,,,MINOR,HARD,EXISTING,,Y,Y,N,N,N,N,N,0.01496148,,N,31.4800861908089
465,Minor Trail,EAST_FAIRMOUNT,,,,MINOR,HARD,EXISTING,,Y,Y,N,N,N,N,N,0.02614631,,N,54.9824108961472
466,Minor Trail,EAST_FAIRMOUNT,,,,MINOR,HARD,EXISTING,,Y,Y,N,N,N,N,N,0.06945622,,N,145.972328544197
467,Minor Trail,EAST_FAIRMOUNT,,,,MINOR,HARD,EXISTING,,Y,Y,N,N,N,N,N,0.00911906,,N,19.1764109562874
468,Minor Trail,EAST_FAIRMOUNT,,,,MINOR,HARD,EXISTING,,Y,Y,N,N,N,N,N,0.00996555,,N,20.9789648465359
469,Minor Trail,EAST_FAIRMOUNT,,,,MINOR,HARD,EXISTING,,Y,Y,N,N,N,N,N,0.00679335,,N,14.2394382168117
470,Minor Trail,EAST_FAIRMOUNT,,,,MINOR,HARD,EXISTING,,Y,Y,N,N,N,N,N,0.02533716,,N,53.3058323917324
471,Minor Trail,EAST_FAIRMOUNT,,,,MINOR,HARD,EXISTING,,Y,Y,N,N,N,N,N,0.04247723,,N,89.3709370827081
472,Minor Trail,EAST_FAIRMOUNT,,,,CONNECTOR,HARD,EXISTING,,Y,Y,N,N,N,N,N,0.00701069,,N,14.7007549586031
473,Minor Trail,EAST_FAIRMOUNT,,,,MINOR,HARD,EXISTING,,Y,Y,N,N,N,N,N,0.00238728,,N,5.0058970832446
474,Minor Trail,EAST_FAIRMOUNT,,,,MINOR,HARD,EXISTING,,Y,Y,N,N,N,N,N,0.0502539,,N,105.718424820711
475,Minor Trail,EAST_FAIRMOUNT,,,,MINOR,HARD,EXISTING,,Y,Y,N,N,N,N,N,0.03861558,,N,81.268138936039
476,Minor Trail,EAST_FAIRMOUNT,,,,MINOR,HARD,EXISTING,,Y,Y,N,N,N,N,N,0.01013748,,N,21.2921331214075
477,Minor Trail,EAST_FAIRMOUNT,,,,MINOR,HARD,EXISTING,,Y,Y,N,N,N,N,N,0.05790682,,N,121.76908578633
478,Fairmount Ramps,EAST_FAIRMOUNT,,,,CONNECTOR,HARD,EXISTING,,Y,Y,N,N,N,N,N,0.07660942,,N,160.802168514402
479,Minor Trail,EAST_FAIRMOUNT,,,,MINOR,HARD,EXISTING,,Y,Y,N,N,N,N,N,0.07516774,,N,158.101263286826
480,Minor Trail,EAST_FAIRMOUNT,,,,MINOR,HARD,EXISTING,,Y,Y,N,N,N,N,N,0.02566089,,N,53.8455548458246
481,Minor Trail,EAST_FAIRMOUNT,,,,MINOR,HARD,EXISTING,,Y,Y,N,N,N,N,N,0.07799691,,N,163.640523374022
482,Minor Trail,EAST_FAIRMOUNT,,,,MINOR,HARD,EXISTING,,Y,Y,N,N,N,N,N,0.00818622,,N,17.2339162203169
483,Minor Trail,EAST_FAIRMOUNT,,,,MINOR,HARD,EXISTING,,Y,Y,N,N,N,N,N,0.05961779,,N,125.089372121045
484,Minor Trail,EAST_FAIRMOUNT,,,,MINOR,HARD,EXISTING,,Y,Y,N,N,N,N,N,0.03904889,,N,82.0097242595861
485,Minor Trail,EAST_FAIRMOUNT,,<Null>,,CONNECTOR,HARD,EXISTING,,Y,Y,N,N,N,N,N,0.06579192,,N,138.032503375724
486,Minor Trail,EAST_FAIRMOUNT,,,,MINOR,HARD,EXISTING,,Y,Y,N,N,N,N,N,0.11930783,,N,251.064006376807
487,Minor Trail,EAST_FAIRMOUNT,,,,MINOR,HARD,EXISTING,,Y,Y,N,N,N,N,N,0.01518093,,N,31.863638843384
488,Minor Trail,EAST_FAIRMOUNT,,,,MINOR,HARD,EXISTING,,Y,Y,N,N,N,N,N,0.01541446,,N,32.3595486023758
489,Minor Trail,EAST_FAIRMOUNT,,,,MINOR,HARD,EXISTING,,Y,Y,N,N,N,N,N,0.00728533,,N,15.300864179842
490,Minor Trail,EAST_FAIRMOUNT,,,,MINOR,HARD,EXISTING,,Y,Y,N,N,N,N,N,0.08746683,,N,184.049346449398
491,Minor Trail,EAST_FAIRMOUNT,,,,MINOR,HARD,EXISTING,,Y,Y,N,N,N,N,N,0.01187741,,N,25.0001197155611
492,Minor Trail,FDR,,,,CONNECTOR,HARD,EXISTING,,Y,Y,Y,N,N,N,N,0.00960667,,N,20.1858279806327
493,Minor Trail,FDR,,,,CONNECTOR,HARD,EXISTING,,Y,Y,Y,N,N,N,N,0.08355984,,N,175.633149413347
494,Minor Trail,EAST_FAIRMOUNT,,,,MINOR,HARD,EXISTING,,Y,Y,N,N,N,N,N,0.15612217,,N,327.774330405194
495,Minor Trail,EAST_FAIRMOUNT,,,,CONNECTOR,HARD,EXISTING,,Y,Y,N,N,N,N,N,0.06870359,,N,144.475887737802
496,29th and Pennsylvania Bridge,EAST_FAIRMOUNT,,,,CONNECTOR,HARD,EXISTING,,Y,Y,N,N,N,N,N,0.08225697,,N,172.951265342026
497,Minor Trail,EAST_FAIRMOUNT,,,,MINOR,HARD,EXISTING,,Y,Y,N,N,N,N,N,0.0403626,,N,84.7810092442545
498,Minor Trail,EAST_FAIRMOUNT,,,,MINOR,HARD,EXISTING,,Y,Y,N,N,N,N,N,0.00954658,,N,20.0593125438813
499,Minor Trail,EAST_FAIRMOUNT,,,,MINOR,HARD,EXISTING,,Y,Y,N,N,N,N,N,0.1055923,,N,221.712114817686
500,Minor Trail,EAST_FAIRMOUNT,,,,MINOR,HARD,EXISTING,,Y,Y,N,N,N,N,N,0.13622772,,N,286.037548588516
501,Minor Trail,EAST_FAIRMOUNT,,,,MINOR,HARD,EXISTING,,Y,Y,N,N,N,N,N,0.04925084,,N,103.529943063746
502,Minor Trail,EAST_FAIRMOUNT,,,,MINOR,SOFT,EXISTING,,Y,Y,N,N,N,N,N,0.02600056,,N,54.7349362647981
503,Minor Trail,EAST_FAIRMOUNT,,,,CONNECTOR,SOFT,EXISTING,,Y,Y,N,N,N,N,N,0.02198733,,N,46.1948521528046
504,Minor Trail,EAST_FAIRMOUNT,,,,CONNECTOR,HARD,EXISTING,,Y,Y,N,N,N,N,N,0.15026022,,N,315.748667494855
505,Minor Trail,FDR,,,,MINOR,HARD,EXISTING,,Y,Y,Y,N,N,N,N,0.02406453,,N,50.5944665087886
506,Minor Trail,FDR,,,,MINOR,HARD,EXISTING,,Y,Y,Y,N,N,N,N,0.07405314,,N,155.246611156452
507,Minor Trail,FDR,,,,MINOR,HARD,EXISTING,,Y,Y,Y,N,N,N,N,0.02895467,,N,60.6841650003921
508,Minor Trail,FDR,,,,CONNECTOR,HARD,EXISTING,,Y,Y,Y,N,N,N,N,0.02315445,,N,48.564725160364
509,Minor Trail,FDR,,,,MINOR,HARD,EXISTING,,Y,Y,Y,N,N,N,N,0.0485932,,N,101.810201644532
510,Minor Trail,FDR,,,,CONNECTOR,HARD,EXISTING,,Y,Y,Y,N,N,N,N,0.08341206,,N,175.16439835492
511,Minor Trail,FDR,,,,CONNECTOR,HARD,EXISTING,,Y,Y,Y,N,N,N,N,0.02249524,,N,47.2752818874079
512,Minor Trail,FDR,,,,CONNECTOR,HARD,EXISTING,,Y,Y,Y,N,N,N,N,0.06718474,,N,140.951300955356
513,Minor Trail,FDR,,,,CONNECTOR,HARD,EXISTING,,Y,Y,Y,N,N,N,N,0.02283035,,N,47.8515015924014
514,Minor Trail,FDR,,,,MINOR,HARD,EXISTING,,Y,Y,Y,N,N,N,N,0.18025933,,N,378.802838522594
515,Minor Trail,FDR,,,,CONNECTOR,HARD,EXISTING,,Y,Y,Y,N,N,N,N,0.01374933,,N,28.8132912012055
516,Minor Trail,FDR,,,,CONNECTOR,HARD,EXISTING,,Y,Y,Y,N,N,N,N,0.01707643,,N,35.8820674501569
517,Minor Trail,FDR,,,,CONNECTOR,HARD,EXISTING,,Y,Y,Y,N,N,N,N,0.03052437,,N,64.0964673824486
518,Minor Trail,FDR,,,,CONNECTOR,HARD,EXISTING,,Y,Y,Y,N,N,N,N,0.01411443,,N,29.6037067447181
519,Minor Trail,FDR,,,,CONNECTOR,HARD,EXISTING,,Y,Y,Y,N,N,N,N,0.0133721,,N,28.101140715975
520,Minor Trail,FDR,,,,MINOR,HARD,EXISTING,,Y,Y,Y,N,N,N,N,0.02404714,,N,50.3705622954758
521,Minor Trail,FDR,,,,CONNECTOR,HARD,EXISTING,,Y,Y,Y,N,N,N,N,0.01188914,,N,24.9961718610353
522,Minor Trail,FDR,,,,MINOR,HARD,EXISTING,,Y,Y,Y,N,N,N,N,0.07352793,,N,154.335043490686
523,Minor Trail,FDR,,,,MINOR,HARD,EXISTING,,Y,Y,Y,N,N,N,N,0.01459753,,N,30.5905245868743
524,Minor Trail,FDR,,,,CONNECTOR,HARD,EXISTING,,Y,Y,Y,N,N,N,N,0.00869732,,N,18.258711946414
525,Minor Trail,FDR,,,,CONNECTOR,HARD,EXISTING,,Y,Y,Y,N,N,N,N,0.00998907,,N,20.9922382657296
526,Minor Trail,FDR,,,,MINOR,HARD,EXISTING,,Y,Y,Y,N,N,N,N,0.01757993,,N,36.8607924912992
527,Minor Trail,FDR,,,,CONNECTOR,HARD,EXISTING,,Y,Y,Y,N,N,N,N,0.01468178,,N,30.8758196521218
528,Minor Trail,FDR,,,,MINOR,HARD,EXISTING,,Y,Y,Y,N,N,N,N,0.04403142,,N,92.4123713417796
529,Minor Trail,FDR,,,,CONNECTOR,HARD,EXISTING,,Y,Y,Y,N,N,N,N,0.04878388,,N,102.183289316113
530,Minor Trail,FDR,,,,MINOR,HARD,EXISTING,,Y,Y,Y,N,N,N,N,0.03333077,,N,69.9033133921777
531,Minor Trail,FDR,,,,CONNECTOR,HARD,EXISTING,,Y,Y,Y,N,N,N,N,0.01599489,,N,33.6402062898389
532,Minor Trail,FDR,,,,MINOR,HARD,EXISTING,,Y,Y,Y,N,N,N,N,0.09944752,,N,208.916086753179
533,Minor Trail,FDR,,,,MINOR,HARD,EXISTING,,Y,Y,Y,N,N,N,N,0.01737608,,N,36.4221704857763
534,Minor Trail,FDR,,,,CONNECTOR,HARD,EXISTING,,Y,Y,Y,N,N,N,N,0.03611,,N,75.913249929188
535,Minor Trail,FDR,,,,CONNECTOR,HARD,EXISTING,,Y,Y,Y,N,N,N,N,0.03553339,,N,74.4537931812015
536,Minor Trail,FDR,,,,MINOR,HARD,EXISTING,,Y,Y,Y,N,N,N,N,0.23012208,,N,482.379356883773
537,Minor Trail,FDR,,,,CONNECTOR,HARD,EXISTING,,Y,Y,Y,N,N,N,N,0.05551433,,N,116.617047558677
538,Minor Trail,FDR,,,,MINOR,HARD,EXISTING,,Y,Y,Y,N,N,N,N,0.07533971,,N,158.018085748746
539,Minor Trail,FDR,,,,MINOR,HARD,EXISTING,,Y,Y,Y,N,N,N,N,0.12952192,,N,272.189918373255
540,Minor Trail,FDR,,,,MINOR,HARD,EXISTING,,Y,Y,Y,N,N,N,N,0.04476797,,N,94.0806198216901
541,Minor Trail,FDR,,,,CONNECTOR,HARD,EXISTING,,Y,Y,Y,N,N,N,N,0.01702747,,N,35.699698436337
542,Minor Trail,FDR,,,,MINOR,HARD,EXISTING,,Y,Y,Y,N,N,N,N,0.14746879,,N,309.925465935677
543,Minor Trail,FDR,,,,MINOR,HARD,EXISTING,,Y,Y,Y,N,N,N,N,0.04048287,,N,85.0530317795424
544,Minor Trail,FDR,,,,CONNECTOR,HARD,EXISTING,,Y,Y,Y,N,N,N,N,0.02924778,,N,61.3142862344252
545,Minor Trail,FDR,,,,MINOR,HARD,EXISTING,,Y,Y,Y,N,N,N,N,0.20369075,,N,427.933624875452
546,Minor Trail,FDR,,,,CONNECTOR,HARD,EXISTING,,Y,Y,Y,N,N,N,N,0.03657401,,N,76.6470174997855
547,Minor Trail,COBBS_HADDINGTON,,,,MINOR,HARD,EXISTING,,Y,Y,Y,Y,N,N,N,0.03993492,,N,84.0381676453434
548,Minor Trail,COBBS_HADDINGTON,,,,MINOR,HARD,EXISTING,,Y,Y,Y,Y,N,N,N,0.08243541,,N,173.115050706825
549,Minor Trail,COBBS_HADDINGTON,,,,MINOR,SOFT,EXISTING,,Y,Y,Y,Y,N,N,N,0.17943082,,N,376.475212611895
550,Cobbs Creek Trail,COBBS_HADDINGTON,,,,CONNECTOR,SOFT,EXISTING,,Y,Y,Y,N,N,N,N,0.01363377,,N,28.6878304047532
551,Minor Trail,COBBS_HADDINGTON,,,,MINOR,SOFT,EXISTING,,Y,Y,Y,N,N,N,N,0.0821676,,N,172.587510771588
552,Minor Trail,COBBS_HADDINGTON,,,,MINOR,SOFT,EXISTING,,Y,Y,Y,N,N,N,N,0.02061978,,N,43.247807763989
553,Minor Trail,COBBS_HADDINGTON,,,,MINOR,SOFT,EXISTING,,Y,Y,Y,Y,N,N,N,0.02407825,,N,50.5614945819602
554,Minor Trail,COBBS_HADDINGTON,,,,MINOR,SOFT,EXISTING,,Y,Y,Y,Y,N,N,N,0.07276369,,N,152.562716330109
555,Minor Trail,COBBS_HADDINGTON,,,,MINOR,HARD,EXISTING,,Y,Y,Y,N,N,N,N,0.04430441,,N,93.1978095104012
556,Minor Trail,COBBS_HADDINGTON,,,,MINOR,SOFT,EXISTING,,Y,Y,Y,N,N,N,N,0.02490113,,N,52.3789536335427
557,Minor Trail,COBBS_HADDINGTON,,,,MINOR,SOFT,EXISTING,,Y,Y,Y,Y,N,N,N,0.01737767,,N,36.4422219037165
558,Minor Trail,COBBS_HADDINGTON,,,,MINOR,SOFT,EXISTING,,Y,Y,Y,N,N,N,N,0.11251581,,N,236.483318427773
559,Minor Trail,COBBS_HADDINGTON,,,,MINOR,SOFT,EXISTING,,Y,Y,Y,Y,N,N,N,0.07849517,,N,164.592236662068
560,Minor Trail,COBBS_HADDINGTON,,,,CONNECTOR,SOFT,EXISTING,,Y,Y,Y,N,N,N,N,0.08053406,,N,169.478645899088
561,Minor Trail,COBBS_LOWER,,,,CONNECTOR,HARD,EXISTING,,Y,Y,Y,N,N,N,N,0.09030795,,N,189.568722164174
562,Minor Trail,COBBS_LOWER,,,,MINOR,SOFT,EXISTING,,Y,Y,Y,N,N,N,N,0.02366165,,N,49.606732230053
563,Minor Trail,COBBS_LOWER,,,,MINOR,SOFT,EXISTING,,Y,Y,Y,N,N,N,N,0.16277483,,N,342.428581458416
564,Minor Trail,COBBS_LOWER,,,,CONNECTOR,SOFT,EXISTING,,Y,Y,Y,N,N,N,N,0.00678065,,N,14.2703277520874
565,Minor Trail,COBBS_HADDINGTON,,,,MINOR,SOFT,EXISTING,,Y,Y,Y,Y,N,N,N,0.23149814,,N,486.063577433601
566,Minor Trail,COBBS_HADDINGTON,,,,CONNECTOR,SOFT,EXISTING,,Y,Y,Y,N,N,N,N,0.01148886,,N,24.176703024809
567,Minor Trail,COBBS_HADDINGTON,,,,CONNECTOR,SOFT,EXISTING,,Y,Y,Y,N,N,N,N,0.04565694,,N,95.7636626678123
568,Minor Trail,COBBS_HADDINGTON,,,,CONNECTOR,SOFT,EXISTING,,Y,Y,Y,N,N,N,N,0.01220909,,N,25.6902587538522
569,Minor Trail,COBBS_HADDINGTON,,,,MINOR,SOFT,EXISTING,,Y,Y,Y,N,N,N,N,0.15490802,,N,325.013848512825
570,Minor Trail,COBBS_HADDINGTON,,,,MINOR,SOFT,EXISTING,,Y,Y,Y,N,N,N,N,0.06244502,,N,131.373015299005
571,Minor Trail,COBBS_HADDINGTON,,,,MINOR,SOFT,EXISTING,,Y,Y,Y,N,N,N,N,0.06500421,,N,136.602217313486
572,Minor Trail,COBBS_HADDINGTON,,,,MINOR,SOFT,EXISTING,,Y,Y,Y,N,N,N,N,0.09972352,,N,209.700878361959
573,Minor Trail,COBBS_HADDINGTON,,,,CONNECTOR,SOFT,EXISTING,,Y,Y,Y,N,N,N,N,0.00849313,,N,17.8775789345523
574,Minor Trail,COBBS_HADDINGTON,,,,MINOR,SOFT,EXISTING,,Y,Y,Y,N,N,N,N,0.08173568,,N,171.44802168472
575,Minor Trail,COBBS_HADDINGTON,,,,MINOR,SOFT,EXISTING,,Y,Y,Y,N,N,N,N,0.12134297,,N,255.109559480839
576,Minor Trail,COBBS_HADDINGTON,,,,MINOR,SOFT,EXISTING,,Y,Y,Y,N,N,N,N,0.08556011,,N,180.098229530531
577,Minor Trail,COBBS_HADDINGTON,,,,MINOR,SOFT,EXISTING,,Y,Y,Y,N,N,N,N,0.07780066,,N,163.157903832252
578,Cobbs Creek Trail,COBBS_LOWER,,Cobbs Creek Trail,,MAJOR,HARD,EXISTING,,Y,Y,Y,Y,N,N,N,0.35707257,,N,751.580950573224
579,Minor Trail,COBBS_LOWER,,,,MINOR,SOFT,EXISTING,,Y,Y,Y,N,N,N,N,0.09568926,,N,201.01962082961
580,Minor Trail,COBBS_LOWER,,,,CONNECTOR,HARD,EXISTING,,Y,Y,Y,N,N,N,N,0.08087466,,N,169.701758022984
581,Minor Trail,COBBS_LOWER,,,,CONNECTOR,SOFT,EXISTING,,Y,Y,Y,N,N,N,N,0.04047436,,N,84.9143888081556
582,Minor Trail,COBBS_LOWER,,,,CONNECTOR,SOFT,EXISTING,,Y,Y,Y,N,N,N,N,0.08938282,,N,187.890880364526
583,Minor Trail,COBBS_LOWER,,,,CONNECTOR,HARD,EXISTING,,Y,Y,Y,N,N,N,N,0.01613871,,N,33.9621425626904
584,Minor Trail,BARTRAMS,,,,MINOR,HARD,EXISTING,,Y,Y,N,N,N,N,N,0.09487491,,N,199.395595618771
585,Minor Trail,BARTRAMS,,,,MINOR,SOFT,EXISTING,,Y,Y,N,N,N,N,N,0.12348252,,N,258.854476569008
586,Minor Trail,BARTRAMS,,,,MINOR,SOFT,EXISTING,,Y,Y,N,N,N,N,N,0.12573016,,N,263.644252577814
587,Minor Trail,BARTRAMS,,,,CONNECTOR,SOFT,EXISTING,,Y,Y,N,N,N,N,N,0.00864262,,N,18.1677855895489
588,Minor Trail,BARTRAMS,,,,MINOR,SOFT,EXISTING,,Y,Y,N,N,N,N,N,0.06256437,,N,131.544077961905
589,Minor Trail,BARTRAMS,,,,MINOR,SOFT,EXISTING,,Y,Y,N,N,N,N,N,0.03430874,,N,72.0494028287965
590,Minor Trail,BARTRAMS,,,,MINOR,SOFT,EXISTING,,Y,Y,N,N,N,N,N,0.07081945,,N,148.549350120808
591,Minor Trail,BARTRAMS,,,,CONNECTOR,SOFT,EXISTING,,Y,Y,N,N,N,N,N,0.01724695,,N,36.2543309554929
592,Minor Trail,BARTRAMS,,,,MINOR,SOFT,EXISTING,,Y,Y,N,N,N,N,N,0.16338451,,N,343.201999972152
593,Minor Trail,BARTRAMS,,,,MINOR,SOFT,EXISTING,,Y,Y,N,N,N,N,N,0.07913434,,N,166.17267487803
594,Minor Trail,BARTRAMS,,,,MINOR,SOFT,EXISTING,,Y,Y,N,N,N,N,N,0.01984151,,N,41.7192310922149
595,Minor Trail,BARTRAMS,,,,MINOR,HARD,EXISTING,,Y,Y,N,N,N,N,N,0.02696368,,N,56.5497257825043
596,Minor Trail,BARTRAMS,,,,MINOR,HARD,EXISTING,,Y,Y,N,N,N,N,N,0.02393213,,N,50.1893380735945
597,Minor Trail,BARTRAMS,,,,CONNECTOR,HARD,EXISTING,,Y,Y,N,N,N,N,N,0.0197318,,N,41.4902988841061
598,Minor Trail,BARTRAMS,,,,CONNECTOR,HARD,EXISTING,,Y,Y,N,N,N,N,N,0.0201163,,N,42.2928009765489
599,Minor Trail,BARTRAMS,,,,CONNECTOR,HARD,EXISTING,,Y,Y,N,N,N,N,N,0.0207249,,N,43.5736772883164
600,Minor Trail,BARTRAMS,,,,CONNECTOR,HARD,EXISTING,,Y,Y,N,N,N,N,N,0.02218499,,N,46.6441884040661
601,Minor Trail,BARTRAMS,,,,MINOR,SOFT,EXISTING,,Y,Y,N,N,N,N,N,0.02945097,,N,61.7405619716868
602,Minor Trail,BARTRAMS,,,,MINOR,HARD,EXISTING,,Y,Y,N,N,N,N,N,0.01763349,,N,36.9855999544696
603,Minor Trail,BARTRAMS,,,,CONNECTOR,HARD,EXISTING,,Y,Y,N,N,N,N,N,0.0122357,,N,25.7308080186419
604,Minor Trail,BARTRAMS,,,,MINOR,HARD,EXISTING,,Y,Y,N,N,N,N,N,0.01195591,,N,25.1397107560197
605,Minor Trail,BARTRAMS,,,,MINOR,HARD,EXISTING,,Y,Y,N,N,N,N,N,0.00973994,,N,20.4262247598586
606,Minor Trail,BARTRAMS,,,,CONNECTOR,HARD,EXISTING,,Y,Y,N,N,N,N,N,0.00968719,,N,20.3155731790961
607,Minor Trail,BARTRAMS,,,,MINOR,HARD,EXISTING,,Y,Y,N,N,N,N,N,0.0543483,,N,114.13214012404
608,Minor Trail,BARTRAMS,,,,MINOR,HARD,EXISTING,,Y,Y,N,N,N,N,N,0.02939725,,N,61.8159301793649
609,Minor Trail,WISSAHICKON,,,,MINOR,SOFT,EXISTING,,Y,Y,N,N,N,N,N,0.013844,,N,29.1189506094746
610,Bartrams Driveway,BARTRAMS,,,,CONNECTOR,HARD,EXISTING,,Y,Y,N,N,Y,N,N,0.19518103,,N,409.286689615281
611,Minor Trail,BARTRAMS,,,,CONNECTOR,HARD,EXISTING,,Y,Y,N,N,N,N,N,0.00850542,,N,17.8369200709318
612,Minor Trail,BARTRAMS,,,,CONNECTOR,HARD,EXISTING,,Y,Y,N,N,N,N,N,0.01662195,,N,34.9048103743908
613,Minor Trail,BARTRAMS,,,,MINOR,HARD,EXISTING,,Y,Y,N,N,N,N,N,0.01606927,,N,33.7428062273576
614,Minor Trail,BARTRAMS,,,,MINOR,HARD,EXISTING,,Y,Y,N,N,N,N,N,0.01481358,,N,31.0730995947652
615,Minor Trail,BARTRAMS,,,,CONNECTOR,HARD,EXISTING,,Y,Y,N,N,N,N,N,0.02851141,,N,59.9336248653293
616,Minor Trail,BARTRAMS,,,,MINOR,SOFT,EXISTING,,Y,Y,Y,N,N,N,N,0.09038856,,N,189.643094155332
617,Minor Trail,BARTRAMS,,,,MINOR,SOFT,EXISTING,,Y,Y,Y,N,N,N,N,0.09093608,,N,191.135806492592
618,Minor Trail,BARTRAMS,,,,CONNECTOR,HARD,EXISTING,,Y,Y,N,N,N,N,N,0.01352147,,N,28.4307480025706
619,Minor Trail,SRT_SCHUYLKILL_BANKS,,,,CONNECTOR,HARD,EXISTING,,Y,Y,N,Y,Y,N,N,0.14310787,,N,300.107251135237
620,Minor Trail,SRT_SCHUYLKILL_BANKS,,,,MINOR,HARD,EXISTING,,Y,Y,N,Y,Y,N,N,0.09794302,,N,206.050108343008
621,Minor Trail,SRT_SCHUYLKILL_BANKS,,,,MINOR,HARD,EXISTING,,Y,Y,N,N,Y,N,N,0.01765632,,N,37.0153417542632
622,Minor Trail,SRT_SCHUYLKILL_BANKS,,,,MINOR,HARD,EXISTING,,Y,Y,N,N,Y,N,N,0.05193252,,N,109.20016809041
623,Minor Trail,SRT_SCHUYLKILL_BANKS,,,,MINOR,HARD,EXISTING,,Y,Y,N,N,Y,N,N,0.02591339,,N,54.4785252718905
624,Minor Trail,SRT_SCHUYLKILL_BANKS,,,,MINOR,HARD,EXISTING,,Y,Y,N,N,Y,N,N,0.01929807,,N,40.5060582994135
625,Minor Trail,SRT_SCHUYLKILL_BANKS,,,,MINOR,HARD,EXISTING,,Y,Y,N,N,Y,N,N,0.01763871,,N,37.0020718808247
626,Minor Trail,COBBS_HADDINGTON,,,,MINOR,HARD,EXISTING,,Y,Y,Y,N,N,N,N,0.04158754,,N,87.1849896387926
627,Minor Trail,MORRIS,,,,MINOR,HARD,EXISTING,,Y,Y,N,N,N,N,N,0.08459621,,N,178.048236117099
628,Minor Trail,MORRIS,,,,MINOR,SOFT,EXISTING,,Y,Y,N,N,N,N,N,0.27568719,,N,579.306418506513
629,Minor Trail,MORRIS,,,,MINOR,SOFT,EXISTING,,Y,Y,N,N,N,N,N,0.33444524,,N,703.196195769618
630,Minor Trail,MORRIS,,,,CONNECTOR,SOFT,EXISTING,,Y,Y,N,N,N,N,N,0.04633953,,N,97.2466247717326
631,Minor Trail,MORRIS,,,,MINOR,SOFT,EXISTING,,Y,Y,N,N,N,N,N,0.0651125,,N,136.654993746971
632,Minor Trail,MORRIS,,,,CONNECTOR,SOFT,EXISTING,,Y,Y,N,N,N,N,N,0.01806452,,N,37.9249631700887
633,Minor Trail,MORRIS,,,,MINOR,SOFT,EXISTING,,Y,Y,N,N,N,N,N,0.39240513,,N,824.007414331964
634,Minor Trail,MORRIS,,,,MINOR,SOFT,EXISTING,,Y,Y,N,N,N,N,N,0.05909095,,N,124.215002182505
635,Minor Trail,MORRIS,,,,MINOR,SOFT,EXISTING,,Y,Y,N,N,N,N,N,0.09908706,,N,207.85339481173
636,Minor Trail,MORRIS,,,,MINOR,SOFT,EXISTING,,Y,Y,N,N,N,N,N,0.0797922,,N,167.893678953851
637,Minor Trail,MORRIS,,,,MINOR,SOFT,EXISTING,,Y,Y,N,N,N,N,N,0.11310469,,N,237.988044440983
638,Minor Trail,MORRIS,,,,MINOR,SOFT,EXISTING,,Y,Y,N,N,N,N,N,0.12986171,,N,273.307714912277
639,Minor Trail,MORRIS,,,,CONNECTOR,SOFT,EXISTING,,Y,Y,N,N,N,N,N,0.0395289,,N,82.9040514204664
640,Minor Trail,MORRIS,,,,MINOR,SOFT,EXISTING,,Y,Y,N,N,N,N,N,0.05457757,,N,114.883251834825
641,Minor Trail,MORRIS,,,,CONNECTOR,SOFT,EXISTING,,Y,Y,N,N,N,N,N,0.07017389,,N,147.443165255389
642,Minor Trail,MORRIS,,,,MINOR,SOFT,EXISTING,,Y,Y,N,N,N,N,N,0.10941138,,N,230.131766883972
643,Minor Trail,MORRIS,,,,CONNECTOR,SOFT,EXISTING,,Y,Y,N,N,N,N,N,0.06354904,,N,133.322348291947
644,Minor Trail,PENNYPACK,,,,CONNECTOR,SOFT,EXISTING,,Y,Y,Y,N,N,N,N,0.33476153,,N,705.175693906339
645,Minor Trail,MORRIS,,,,MINOR,SOFT,EXISTING,,Y,Y,N,N,N,N,N,0.08442903,,N,177.246602530747
646,Minor Trail,MORRIS,,,,MINOR,SOFT,EXISTING,,Y,Y,N,N,N,N,N,0.13308924,,N,279.799644929984
647,Minor Trail,MORRIS,,,,CONNECTOR,SOFT,EXISTING,,Y,Y,N,N,N,N,N,0.06549565,,N,137.756318126272
648,Minor Trail,MORRIS,,,,MINOR,SOFT,EXISTING,,Y,Y,N,N,N,N,N,0.01712804,,N,35.9274789994954
649,Minor Trail,MORRIS,,,,CONNECTOR,SOFT,EXISTING,,Y,Y,N,N,N,N,N,0.0127628,,N,26.7867733257765
650,Minor Trail,MORRIS,,,,CONNECTOR,SOFT,EXISTING,,Y,Y,N,N,N,N,N,0.09429175,,N,198.137254075443
651,Minor Trail,MORRIS,,,,MINOR,SOFT,EXISTING,,Y,Y,N,N,N,N,N,0.0083641,,N,17.5732780429981
652,Minor Trail,MORRIS,,,,MINOR,SOFT,EXISTING,,Y,Y,N,N,N,N,N,0.03591041,,N,75.3996261473001
653,Minor Trail,MORRIS,,,,MINOR,SOFT,EXISTING,,Y,Y,N,N,N,N,N,0.02413365,,N,50.661102852587
654,Minor Trail,MORRIS,,,,MINOR,SOFT,EXISTING,,Y,Y,N,N,N,N,N,0.04277435,,N,89.9031503613526
655,Minor Trail,MORRIS,,,,CONNECTOR,SOFT,EXISTING,,Y,Y,N,N,N,N,N,0.02066361,,N,43.3854560076624
656,Minor Trail,MORRIS,,,,MINOR,SOFT,EXISTING,,Y,Y,N,N,N,N,N,0.03437564,,N,72.362480703475
657,Minor Trail,MORRIS,,,,MINOR,SOFT,EXISTING,,Y,Y,N,N,N,N,N,0.07579052,,N,159.397307366148
658,Minor Trail,MORRIS,,,,CONNECTOR,SOFT,EXISTING,,Y,Y,N,N,N,N,N,0.1645492,,N,346.163443011447
659,Minor Trail,MORRIS,,,,MINOR,SOFT,EXISTING,,Y,Y,N,N,N,N,N,0.01139444,,N,23.9657766078268
660,Minor Trail,MORRIS,,,,MINOR,SOFT,EXISTING,,Y,Y,N,N,N,N,N,0.05436516,,N,114.230914652592
661,Minor Trail,MORRIS,,,,CONNECTOR,SOFT,EXISTING,,Y,Y,N,N,N,N,N,0.01498974,,N,31.4750486188278
662,Minor Trail,MORRIS,,,,MINOR,SOFT,EXISTING,,Y,Y,N,N,N,N,N,0.04982336,,N,104.787247074973
663,Wooden Bridge Trail - Connector,PENNYPACK_HOLME,,,,CONNECTOR,SOFT,EXISTING,,Y,Y,Y,N,N,N,N,0.02751129,,N,57.9962459589652
664,Wooden Bridge Trail - Connector,PENNYPACK_HOLME,,,,CONNECTOR,SOFT,EXISTING,,Y,Y,Y,N,N,N,N,0.06472325,,N,136.355442597449
665,Minor Trail,MORRIS,,,,MINOR,SOFT,EXISTING,,Y,Y,N,N,N,N,N,0.15832555,,N,332.556435286958
666,Minor Trail,MORRIS,,,,CONNECTOR,SOFT,EXISTING,,Y,Y,N,N,N,N,N,0.01519089,,N,31.9085449052089
667,Minor Trail,MORRIS,,,,MINOR,SOFT,EXISTING,,Y,Y,N,N,N,N,N,0.05356127,,N,112.550167955633
668,Minor Trail,MORRIS,,,,MINOR,SOFT,EXISTING,,Y,Y,N,N,N,N,N,0.01753934,,N,36.906324014447
669,Minor Trail,MORRIS,,,,CONNECTOR,SOFT,EXISTING,,Y,Y,N,N,N,N,N,0.01344705,,N,28.2209365134381
670,Minor Trail,MORRIS,,,,MINOR,SOFT,EXISTING,,Y,Y,N,N,N,N,N,0.01213044,,N,25.5213579315144
671,Minor Trail,MORRIS,,,,CONNECTOR,SOFT,EXISTING,,Y,Y,N,N,N,N,N,0.00786988,,N,16.5694178706254
672,Minor Trail,MORRIS,,,,MINOR,SOFT,EXISTING,,Y,Y,N,N,N,N,N,0.10327141,,N,217.383369387831
673,Minor Trail,MORRIS,,,,MINOR,SOFT,EXISTING,,Y,Y,N,N,N,N,N,0.25822201,,N,543.373522076642
674,Minor Trail,MORRIS,,,,MINOR,SOFT,EXISTING,,Y,Y,N,N,N,N,N,0.06369838,,N,133.942837779158
675,Minor Trail,TACONY_FRANKFORD,,,,CONNECTOR,HARD,EXISTING,,Y,Y,Y,N,N,N,N,0.16229228,,N,340.866361877557
676,Minor Trail,PENNYPACK,,,,CONNECTOR,SOFT,EXISTING,,Y,Y,Y,N,N,N,N,0.03951188,,N,82.9375964426786
677,Minor Trail,PENNYPACK,,,,CONNECTOR,SOFT,EXISTING,,Y,Y,Y,N,N,N,N,0.00711092,,N,14.9630962697764
678,Minor Trail,PENNYPACK,,,,CONNECTOR,SOFT,EXISTING,,Y,Y,Y,N,N,N,N,0.04300189,,N,90.3609842800136
679,Minor Trail,TACONY_FRANKFORD,,,,CONNECTOR,HARD,EXISTING,,Y,Y,Y,N,N,N,N,0.15397294,,N,323.623026490156
680,Minor Trail,TACONY_FRANKFORD,,,,CONNECTOR,HARD,EXISTING,,Y,Y,Y,N,N,N,N,0.02814609,,N,59.1221471867685
681,Minor Trail,TACONY_FRANKFORD,,,,CONNECTOR,HARD,EXISTING,,Y,Y,Y,N,N,N,N,0.07573471,,N,159.412475397457
682,Minor Trail,TACONY_FRANKFORD,,,,CONNECTOR,HARD,EXISTING,,Y,Y,Y,N,N,N,N,0.01405091,,N,29.5907367832224
683,Minor Trail,TACONY_FRANKFORD,,,,CONNECTOR,HARD,EXISTING,,Y,Y,Y,N,N,N,N,0.02238471,,N,47.1603092805897
684,Minor Trail,TACONY_FRANKFORD,,,,CONNECTOR,HARD,EXISTING,,Y,Y,Y,N,N,N,N,0.01309759,,N,27.5566528094354
685,Minor Trail,TACONY_FRANKFORD,,,,CONNECTOR,HARD,EXISTING,,Y,Y,Y,N,N,N,N,0.02576624,,N,54.1592883475733
686,Minor Trail,TACONY_FRANKFORD,,,,CONNECTOR,HARD,EXISTING,,Y,Y,Y,N,N,N,N,0.04805201,,N,101.251640024437
687,Minor Trail,TACONY_FRANKFORD,,,,CONNECTOR,HARD,EXISTING,,Y,Y,Y,N,N,N,N,0.03798368,,N,80.043231385782
688,Minor Trail,PENNYPACK,,,,MINOR,SOFT,EXISTING,,Y,Y,Y,N,N,N,N,0.14910189,,N,314.023292281233
689,Minor Trail,PENNYPACK,,,,CONNECTOR,SOFT,EXISTING,,Y,Y,Y,N,N,N,N,0.00932589,,N,19.5777906628271
690,Minor Trail,PENNYPACK,,,,CONNECTOR,SOFT,EXISTING,,Y,Y,Y,N,N,N,N,0.17657096,,N,372.091888590911
691,Minor Trail,PENNYPACK,,,,CONNECTOR,SOFT,EXISTING,,Y,Y,Y,N,N,N,N,0.06946414,,N,145.854968929535
692,Minor Trail,PENNYPACK,,,,CONNECTOR,SOFT,EXISTING,,Y,Y,Y,N,N,N,N,0.05410354,,N,113.899568886685
693,Minor Trail,PENNYPACK,,,,CONNECTOR,SOFT,EXISTING,,Y,Y,Y,N,N,N,N,0.02785607,,N,58.6781819754856
694,Minor Trail,PENNYPACK,,,,CONNECTOR,SOFT,EXISTING,,Y,Y,Y,N,N,N,N,0.03019464,,N,63.4648450103094
695,Minor Trail,PENNYPACK,,,,MINOR,SOFT,EXISTING,,Y,Y,Y,N,N,N,N,0.40494762,,N,852.805061263039
696,Minor Trail,PENNYPACK,,,,CONNECTOR,SOFT,EXISTING,,Y,Y,Y,N,N,N,N,0.13105572,,N,275.327285736088
697,Minor Trail,PENNYPACK,,,,MINOR,SOFT,EXISTING,,Y,Y,Y,N,N,N,N,0.10682559,,N,224.607976594729
698,Minor Trail,PENNYPACK,,,,MINOR,SOFT,EXISTING,,Y,Y,Y,N,N,N,N,0.02732829,,N,57.3962852251401
699,Minor Trail,PENNYPACK,,,,MINOR,SOFT,EXISTING,,Y,Y,Y,N,N,N,N,0.42924469,,N,902.998091830388
700,Minor Trail,PENNYPACK,,,,CONNECTOR,SOFT,EXISTING,,Y,Y,Y,N,N,N,N,0.0637117,,N,134.118507984846
701,Wooden Bridge Run Bridge,PENNYPACK,,,,MINOR,HARD,EXISTING,,Y,Y,Y,N,N,N,N,0.0114537,,N,24.0582702326699
702,Minor Trail,PENNYPACK,,,,MINOR,SOFT,EXISTING,,Y,Y,Y,N,N,N,N,0.1455435,,N,306.269179509773
703,Minor Trail,PENNYPACK,,,,MINOR,SOFT,EXISTING,,Y,Y,Y,N,N,N,N,0.19030437,,N,399.901054736521
704,Minor Trail,PENNYPACK,,,,CONNECTOR,SOFT,EXISTING,,Y,Y,Y,N,N,N,N,0.07631941,,N,160.72137350884
705,Minor Trail,PENNYPACK_HOLME,,,,CONNECTOR,SOFT,EXISTING,,Y,Y,Y,N,N,N,N,0.07464603,,N,156.735105096957
706,Minor Trail,PENNYPACK_HOLME,,,,MINOR,SOFT,EXISTING,,Y,Y,Y,N,N,N,N,0.0308133,,N,64.7173415543901
707,Minor Trail,PENNYPACK_HOLME,,,,MINOR,SOFT,EXISTING,,Y,Y,Y,N,N,N,N,0.05086951,,N,107.006374498854
708,Minor Trail,PENNYPACK_HOLME,,,,MINOR,SOFT,EXISTING,,Y,Y,Y,N,N,N,N,0.044459,,N,93.3797560570757
709,Minor Trail,PENNYPACK_HOLME,,,,MINOR,SOFT,EXISTING,,Y,Y,Y,N,N,N,N,0.06111007,,N,128.642379543161
710,Minor Trail,PENNYPACK_HOLME,,,,MINOR,SOFT,EXISTING,,Y,Y,Y,N,N,N,N,0.04002471,,N,84.2168444172097
711,Minor Trail,PENNYPACK_HOLME,,,,MINOR,SOFT,EXISTING,,Y,Y,Y,N,N,N,N,0.03520219,,N,74.0600832346018
712,Minor Trail,PENNYPACK_HOLME,,,,CONNECTOR,SOFT,EXISTING,,Y,Y,Y,N,N,N,N,0.08039932,,N,169.114939548792
713,Minor Trail,PENNYPACK,,,,MINOR,SOFT,EXISTING,,Y,Y,Y,N,N,N,N,0.44660543,,N,939.146943764626
714,Minor Trail,PENNYPACK,,,,MINOR,SOFT,EXISTING,,Y,Y,Y,N,N,N,N,0.158969,,N,333.924504791735
715,Minor Trail,PENNYPACK,,,,MINOR,SOFT,EXISTING,,Y,Y,Y,N,N,N,N,0.77142536,"Does not look like trail; follows deer fence",N,1623.32284278265
716,Minor Trail,PENNYPACK,,,,MINOR,SOFT,EXISTING,,Y,Y,Y,N,N,N,N,0.06930666,,N,145.899249925085
717,Minor Trail,PENNYPACK,,,,CONNECTOR,SOFT,EXISTING,,Y,Y,Y,N,N,N,N,0.16557047,,N,348.06809197964
718,Minor Trail,PENNYPACK,,,,CONNECTOR,SOFT,EXISTING,,Y,Y,Y,N,N,N,N,0.02434395,,N,51.1789555105166
719,Minor Trail,PENNYPACK,,,,MINOR,HARD,EXISTING,,Y,Y,Y,N,N,N,N,0.19346385,,N,406.723014803027
720,Minor Trail,PENNYPACK,,,,CONNECTOR,SOFT,EXISTING,,Y,Y,Y,N,N,N,N,0.00908422,,N,19.0823462573732
721,Minor Trail,PENNYPACK,,,,MINOR,SOFT,EXISTING,,Y,Y,Y,N,N,N,N,0.05412895,,N,114.074909162336
722,Minor Trail,PENNYPACK,,,,CONNECTOR,HARD,EXISTING,,Y,Y,Y,N,N,N,N,0.13707919,,N,288.654918574058
723,Minor Trail,PENNYPACK,,,,MINOR,SOFT,EXISTING,,Y,Y,Y,N,N,N,N,0.54848356,,N,1152.92910752497
724,Minor Trail,PENNYPACK,,,,MINOR,SOFT,EXISTING,,Y,Y,Y,N,N,N,N,0.08869355,,N,186.56331987826
725,Minor Trail,PENNYPACK,,,,MINOR,SOFT,EXISTING,,Y,Y,Y,N,N,N,N,0.72505193,,N,1527.03169137685
726,Minor Trail,PENNYPACK,,,,MINOR,SOFT,EXISTING,,Y,Y,Y,N,N,N,N,0.62730869,,N,1320.95661281528
727,Minor Trail,PENNYPACK,,,,CONNECTOR,SOFT,EXISTING,,Y,Y,Y,N,N,N,N,0.06596341,,N,139.057579677185
728,Minor Trail,PENNYPACK,,,,CONNECTOR,SOFT,EXISTING,,Y,Y,Y,N,N,N,N,0.0526793,,N,110.907594462766
729,Minor Trail,PENNYPACK,,,,MINOR,SOFT,EXISTING,,Y,Y,Y,N,N,N,N,0.12085714,,N,254.151791262702
730,Minor Trail,PENNYPACK,,,,CONNECTOR,SOFT,EXISTING,,Y,Y,Y,N,N,N,N,0.0351967,,N,74.0542164589428
731,Minor Trail,PENNYPACK,,,,CONNECTOR,SOFT,EXISTING,,Y,Y,Y,N,N,N,N,0.01719186,,N,36.1084969033164
732,Minor Trail,PENNYPACK,,,,MINOR,SOFT,EXISTING,,Y,Y,Y,N,N,N,N,0.24170693,,N,508.268202571128
733,Minor Trail,PENNYPACK,,,,MINOR,SOFT,EXISTING,,Y,Y,Y,N,N,N,N,0.0727755,,N,153.197105621591
734,Minor Trail,PENNYPACK,,,,MINOR,SOFT,EXISTING,,Y,Y,Y,N,N,N,N,0.35777869,,N,752.519099148544
735,Minor Trail,PENNYPACK,,,,CONNECTOR,SOFT,EXISTING,,Y,Y,Y,N,N,N,N,0.05691535,,N,119.804186651618
736,Minor Trail,PENNYPACK,,,,MINOR,SOFT,EXISTING,,Y,Y,Y,N,N,N,N,0.01734498,,N,36.4088695296341
737,Minor Trail,PENNYPACK,,,,CONNECTOR,SOFT,EXISTING,,Y,Y,Y,N,N,N,N,0.01550242,,N,32.6671354339939
738,Minor Trail,PENNYPACK,,,,CONNECTOR,SOFT,EXISTING,,Y,Y,Y,N,N,N,N,0.07378452,,N,155.124886642454
739,Minor Trail,PENNYPACK,,,,CONNECTOR,SOFT,EXISTING,,Y,Y,Y,N,N,N,N,0.02319057,,N,48.7606028063192
740,Minor Trail,PENNYPACK,,,,MINOR,SOFT,EXISTING,,Y,Y,Y,N,N,N,N,0.32111758,,N,674.46627079038
741,Minor Trail,PENNYPACK,,,,CONNECTOR,SOFT,EXISTING,,Y,Y,Y,N,N,N,N,0.04243366,,N,89.3364703153601
742,Minor Trail,PENNYPACK,,,,CONNECTOR,SOFT,EXISTING,,Y,Y,Y,N,N,N,N,0.05122417,,N,107.698325746002
743,Minor Trail,PENNYPACK,,,,CONNECTOR,SOFT,EXISTING,,Y,Y,Y,N,N,N,N,0.01874421,,N,39.4684279980304
744,Minor Trail,PENNYPACK,,,,MINOR,SOFT,EXISTING,,Y,Y,Y,N,N,N,N,0.12350538,,N,259.589623868461
745,Minor Trail,PENNYPACK,,,,CONNECTOR,SOFT,EXISTING,,Y,Y,Y,N,N,N,N,0.07608581,,N,160.211651695814
746,Minor Trail,PENNYPACK,,,,MINOR,SOFT,EXISTING,,Y,Y,Y,N,N,N,N,0.10123603,,N,213.322155275717
747,Minor Trail,PENNYPACK,,,,CONNECTOR,HARD,EXISTING,,Y,Y,Y,N,N,N,N,0.04555058,,N,95.930359183537
748,Minor Trail,PENNYPACK,,,,CONNECTOR,SOFT,EXISTING,,Y,Y,Y,N,N,N,N,0.02637905,,N,55.5156789690493
749,Minor Trail,PENNYPACK,,,,CONNECTOR,SOFT,EXISTING,,Y,Y,Y,N,N,N,N,0.08136508,,N,171.18577119732
750,Minor Trail,PENNYPACK,,,,MINOR,SOFT,EXISTING,,Y,Y,Y,N,N,N,N,0.1237802,,N,260.78842233578
751,Minor Trail,PENNYPACK,,,,MINOR,SOFT,EXISTING,,Y,Y,Y,N,N,N,N,0.0837376,,N,176.342973049237
752,Minor Trail,PENNYPACK,,,,MINOR,SOFT,EXISTING,,Y,Y,Y,N,N,N,N,0.28463336,,N,598.658305998522
753,Sandy Run Bridge,PENNYPACK,,,,MINOR,HARD,EXISTING,,Y,Y,Y,N,N,N,N,0.01984284,,N,41.8185471345222
754,Minor Trail,PENNYPACK,,,,MINOR,SOFT,EXISTING,,Y,Y,Y,N,N,N,N,0.319405,,N,671.617258426548
755,Minor Trail,PENNYPACK,,,,CONNECTOR,SOFT,EXISTING,,Y,Y,Y,N,N,N,N,0.19809811,,N,416.343908961799
756,Minor Trail,PENNYPACK,,,,CONNECTOR,SOFT,EXISTING,,Y,Y,Y,N,N,N,N,0.1224377,,N,257.481730824947
757,Minor Trail,PENNYPACK,,,,CONNECTOR,SOFT,EXISTING,,Y,Y,Y,N,N,N,N,0.00827005,,N,17.3879207132845
758,Minor Trail,PENNYPACK,,,,CONNECTOR,SOFT,EXISTING,,Y,Y,Y,N,N,N,N,0.16725655,,N,352.314905152989
759,Baxter Trail - Connector,NORTH_DELAWARE,,,,CONNECTOR,HARD,EXISTING,,Y,Y,Y,N,N,N,N,0.00655355,,N,13.7687901576813
760,Minor Trail,PENNYPACK,,,,MINOR,SOFT,EXISTING,,Y,Y,Y,N,N,N,N,0.3859204,,N,813.045188093779
761,Minor Trail,PENNYPACK,,,,CONNECTOR,SOFT,EXISTING,,Y,Y,Y,N,N,N,N,0.0214332,,N,45.0440318785524
762,Minor Trail,PENNYPACK,,,,MINOR,SOFT,EXISTING,,Y,Y,Y,N,N,N,N,0.1750427,,N,368.393014282721
763,Minor Trail,PENNYPACK,,,,MINOR,SOFT,EXISTING,,Y,Y,Y,N,N,N,N,0.08456185,,N,177.956192182926
764,Minor Trail,PENNYPACK,,,,MINOR,SOFT,EXISTING,,Y,Y,Y,N,N,N,N,0.0696096,,N,146.601443195844
765,Minor Trail,PENNYPACK,,,,MINOR,SOFT,EXISTING,,Y,Y,Y,N,N,N,N,0.047556,,N,100.041453130811
766,Minor Trail,PENNYPACK,,,,CONNECTOR,SOFT,EXISTING,,Y,Y,Y,N,N,N,N,0.02623157,,N,55.1228129759919
767,Minor Trail,PENNYPACK,,,,MINOR,SOFT,EXISTING,,Y,Y,Y,N,N,N,N,0.14443762,,N,303.817349566138
768,Minor Trail,PENNYPACK,,,,CONNECTOR,SOFT,EXISTING,,Y,Y,Y,N,N,N,N,0.05866796,,N,123.287865238772
769,Wooden Bridge Trail,PENNYPACK_HOLME,,Wooden Bridge Trail,,MINOR,SOFT,EXISTING,,Y,Y,Y,N,N,N,N,0.0801717,,N,168.849591620854
770,Wooden Bridge Trail,PENNYPACK_HOLME,,Wooden Bridge Trail,,MINOR,SOFT,EXISTING,,Y,Y,Y,N,N,N,N,0.12987168,,N,273.299719810396
771,Wooden Bridge Trail,PENNYPACK_HOLME,,,,MINOR,SOFT,EXISTING,,Y,Y,Y,N,N,N,N,0.04802376,,N,100.894747879993
772,Wooden Bridge Trail,PENNYPACK_HOLME,,Wooden Bridge Trail,,MINOR,SOFT,EXISTING,,Y,Y,Y,N,N,N,N,0.08175443,,N,172.017975822405
773,Wooden Bridge Trail,PENNYPACK_HOLME,,,,MINOR,SOFT,EXISTING,,Y,Y,Y,N,N,N,N,0.04436622,,N,93.4058894751502
774,Wooden Bridge Trail - Connector,PENNYPACK_HOLME,,,,CONNECTOR,SOFT,EXISTING,,Y,Y,Y,N,N,N,N,0.04345851,,N,91.4145213631252
775,Wooden Bridge Trail - Connector,PENNYPACK_HOLME,,,,CONNECTOR,SOFT,EXISTING,,Y,Y,Y,N,N,N,N,0.0328639,,N,69.0324732737239
776,Wooden Bridge Trail,PENNYPACK_HOLME,,,,MINOR,SOFT,EXISTING,,Y,Y,Y,N,N,N,N,0.02860408,,N,60.2972062189138
777,Wooden Bridge Trail,PENNYPACK_HOLME,,Wooden Bridge Trail,,MINOR,SOFT,EXISTING,,Y,Y,Y,N,N,N,N,0.09663049,,N,203.273794304096
778,Wooden Bridge Trail,PENNYPACK_HOLME,,Wooden Bridge Trail,,MINOR,SOFT,EXISTING,,Y,Y,Y,N,N,N,N,0.09926857,,N,208.722674288473
779,Wooden Bridge Trail,PENNYPACK_HOLME,,Wooden Bridge Trail,,MINOR,SOFT,EXISTING,,Y,Y,Y,N,N,N,N,0.09434163,,N,198.438806972104
780,Wooden Bridge Trail,PENNYPACK_HOLME,,,,MINOR,SOFT,EXISTING,,Y,Y,Y,N,N,N,N,0.04193264,,N,88.2025964218445
781,Wooden Bridge Trail - Connector,PENNYPACK_HOLME,,,,CONNECTOR,SOFT,EXISTING,,Y,Y,Y,N,N,N,N,0.02343353,,N,49.2544709772403
782,Wooden Bridge Trail - Connector,PENNYPACK_HOLME,,,,CONNECTOR,SOFT,EXISTING,,Y,Y,Y,N,N,N,N,0.04769633,,N,100.187553820757
783,Wooden Bridge Trail - Connector,PENNYPACK_HOLME,,,,CONNECTOR,SOFT,EXISTING,,Y,Y,Y,N,N,N,N,0.03577695,,N,75.3597016327449
784,Wooden Bridge Trail - Connector,PENNYPACK_HOLME,,,,CONNECTOR,SOFT,EXISTING,,Y,Y,Y,N,N,N,N,0.03672308,,N,77.30431838025
785,Wooden Bridge Trail - Connector,PENNYPACK_HOLME,,,,CONNECTOR,SOFT,EXISTING,,Y,Y,Y,N,N,N,N,0.0152371,,N,32.0725747085808
786,Wooden Bridge Trail - Connector,PENNYPACK_HOLME,,,,CONNECTOR,SOFT,EXISTING,,Y,Y,Y,N,N,N,N,0.03209324,,N,67.4830472018989
787,Minor Trail,PENNYPACK,,,,MINOR,SOFT,EXISTING,,Y,Y,Y,N,N,N,N,0.2286278,,N,481.242159979854
788,Minor Trail,PENNYPACK,,,,CONNECTOR,SOFT,EXISTING,,Y,Y,Y,N,N,N,N,0.07086155,,N,149.168910822345
789,Minor Trail,PENNYPACK,,,,MINOR,SOFT,EXISTING,,Y,Y,Y,N,N,N,N,0.08604602,,N,181.067583985262
790,Minor Trail,PENNYPACK,,,,CONNECTOR,SOFT,EXISTING,,Y,Y,Y,N,N,N,N,0.02583938,,N,54.3278486160036
791,Minor Trail,PENNYPACK,,,,CONNECTOR,SOFT,EXISTING,,Y,Y,Y,N,N,N,N,0.03359194,,N,70.6296978613613
792,Minor Trail,PENNYPACK,,,,MINOR,SOFT,EXISTING,,Y,Y,Y,N,N,N,N,0.01701455,,N,35.7955579099877
793,Minor Trail,PENNYPACK,,,,MINOR,SOFT,EXISTING,,Y,Y,Y,N,N,N,N,0.17151225,,N,361.219979297475
794,Minor Trail,PENNYPACK,,,,CONNECTOR,SOFT,EXISTING,,Y,Y,Y,N,N,N,N,0.042732,,N,89.7934588601758
795,Minor Trail,PENNYPACK,,,,CONNECTOR,SOFT,EXISTING,,Y,Y,Y,N,N,N,N,0.06755853,,N,142.199509786748
796,Minor Trail,PENNYPACK,,,,CONNECTOR,SOFT,EXISTING,,Y,Y,Y,N,N,N,N,0.15040193,,N,316.545544611157
797,Minor Trail,PENNYPACK,,,,CONNECTOR,SOFT,EXISTING,,Y,Y,Y,N,N,N,N,0.16105012,,N,338.67776257428
798,Axe Factory Lane,PENNYPACK,,Axe Factory Lane,,CONNECTOR,HARD,EXISTING,,Y,Y,Y,N,N,N,N,0.08132173,,N,171.418146158133
799,Axe Factory Driveway,PENNYPACK,,Axe Factory Driveway,,CONNECTOR,HARD,EXISTING,,Y,Y,Y,N,N,N,N,0.11996351,,N,252.180694532293
800,Axe Factory Lane,PENNYPACK,,Axe Factory Lane,,MINOR,HARD,EXISTING,,Y,Y,Y,N,N,N,N,0.1028065,,N,216.549870966362
801,Minor Trail,PENNYPACK,,,,CONNECTOR,SOFT,EXISTING,,Y,Y,Y,N,N,N,N,0.01839965,,N,38.789915599985
802,Minor Trail,PENNYPACK,,,,MINOR,SOFT,EXISTING,,Y,Y,Y,N,N,N,N,0.25506294,,N,537.304753387786
803,Minor Trail,PENNYPACK,,,,MINOR,SOFT,EXISTING,,Y,Y,Y,N,N,N,N,0.06776085,,N,142.685098684535
804,Minor Trail,PENNYPACK,,,,MINOR,SOFT,EXISTING,,Y,Y,Y,N,N,N,N,0.11565273,,N,243.376557513214
805,Minor Trail,PENNYPACK,,,,MINOR,SOFT,EXISTING,,Y,Y,Y,N,N,N,N,0.03815514,,N,80.2036042063008
806,Minor Trail,PENNYPACK,,,,MINOR,SOFT,EXISTING,,Y,Y,Y,N,N,N,N,0.1024344,,N,215.620254036141
807,Minor Trail,PENNYPACK,,,,MINOR,SOFT,EXISTING,,Y,Y,Y,N,N,N,N,0.23441367,,N,492.746347672419
808,Minor Trail,PENNYPACK,,,,CONNECTOR,SOFT,EXISTING,,Y,Y,Y,N,N,N,N,0.04073259,,N,85.7029255506868
809,Minor Trail,PENNYPACK,,,,CONNECTOR,SOFT,EXISTING,,Y,Y,Y,N,N,N,N,0.0285284,,N,59.9188819419847
810,Minor Trail,PENNYPACK,,,,CONNECTOR,SOFT,EXISTING,,Y,Y,Y,N,N,N,N,0.08798508,,N,185.228257311297
811,Minor Trail,PENNYPACK,,,,MINOR,HARD,EXISTING,,Y,Y,Y,N,N,N,N,0.02405032,,N,50.5238586460401
812,Minor Trail,PENNYPACK,,,,CONNECTOR,SOFT,EXISTING,,Y,Y,Y,N,N,N,N,0.01542202,,N,32.4924213100415
813,Minor Trail,PENNYPACK,,,,MINOR,SOFT,EXISTING,,Y,Y,Y,N,N,N,N,0.07667429,,N,161.325403707487
814,Minor Trail,PENNYPACK,,,,MINOR,SOFT,EXISTING,,Y,Y,Y,N,N,N,N,0.13240678,,N,278.313876439204
815,Minor Trail,PENNYPACK,,,,CONNECTOR,HARD,EXISTING,,Y,Y,Y,N,N,N,N,0.17212652,,N,361.551299041149
816,Minor Trail,PENNYPACK,,,,CONNECTOR,SOFT,EXISTING,,Y,Y,Y,N,N,N,N,0.05542984,,N,116.657070508402
817,Minor Trail,PENNYPACK,,,,CONNECTOR,SOFT,EXISTING,,Y,Y,Y,N,N,N,N,0.00476561,,N,10.0155277258191
818,Minor Trail,PENNYPACK,,,,MINOR,SOFT,EXISTING,,Y,Y,Y,N,N,N,N,0.46645481,,N,980.233350772631
819,Minor Trail,PENNYPACK,,,,MINOR,HARD,EXISTING,,Y,Y,Y,N,N,N,N,0.25198299,,N,530.29930114872
820,Minor Trail,PENNYPACK,,,,MINOR,HARD,EXISTING,,Y,Y,Y,N,N,N,N,0.10066274,,N,212.073289189338
821,Minor Trail,PENNYPACK,,,,CONNECTOR,SOFT,EXISTING,,Y,Y,Y,N,N,N,N,0.01580509,,N,33.2343413862025
822,Minor Trail,PENNYPACK,,,,MINOR,SOFT,EXISTING,,Y,Y,Y,N,N,N,N,0.11853604,,N,249.277299812903
823,Minor Trail,PENNYPACK,,,,MINOR,SOFT,EXISTING,,Y,Y,Y,N,N,N,N,0.1452647,,N,305.339480708351
824,Minor Trail,PENNYPACK,,,,MINOR,SOFT,EXISTING,,Y,Y,Y,N,N,N,N,0.327655,,N,689.636135189957
825,Minor Trail,PENNYPACK,,,,MINOR,HARD,EXISTING,,Y,Y,Y,N,N,N,N,0.22126595,,N,466.116282084676
826,Minor Trail,PENNYPACK,,,,CONNECTOR,SOFT,EXISTING,,Y,Y,Y,N,N,N,N,0.01736507,,N,36.5864654046265
827,Minor Trail,PENNYPACK,,,,CONNECTOR,SOFT,EXISTING,,Y,Y,Y,N,N,N,N,0.01536417,,N,32.2847425330822
828,Minor Trail,PENNYPACK,,,,MINOR,SOFT,EXISTING,,Y,Y,Y,N,N,N,N,0.05688533,,N,119.678824610697
829,Minor Trail,PENNYPACK,,,,CONNECTOR,SOFT,EXISTING,,Y,Y,Y,N,N,N,N,0.03753295,,N,78.9486464041008
830,Minor Trail,PENNYPACK,,,,MINOR,SOFT,EXISTING,,Y,Y,Y,N,N,N,N,0.0900477,,N,189.584857493743
831,Minor Trail,PENNYPACK,,,,MINOR,SOFT,EXISTING,,Y,Y,Y,N,N,N,N,0.20234009,,N,425.635551619198
832,Minor Trail,PENNYPACK,,,,MINOR,SOFT,EXISTING,,Y,Y,Y,N,N,N,N,0.03877464,,N,81.4451476195474
833,Minor Trail,PENNYPACK,,,,MINOR,SOFT,EXISTING,,Y,Y,Y,N,N,N,N,0.34007111,,N,715.637755306249
834,Minor Trail,PENNYPACK,,,,CONNECTOR,SOFT,EXISTING,,Y,Y,Y,N,N,N,N,0.03168684,,N,66.6455651390949
835,Minor Trail,PENNYPACK,,,,MINOR,HARD,EXISTING,,Y,Y,Y,N,N,N,N,0.18679238,,N,393.180412559898
836,Minor Trail,PENNYPACK,,,,MINOR,SOFT,EXISTING,,Y,Y,Y,N,N,N,N,0.13471289,,N,283.8524644261
837,Minor Trail,PENNYPACK,,,,CONNECTOR,SOFT,EXISTING,,Y,Y,Y,N,N,N,N,0.06980185,,N,146.853516709613
838,Minor Trail,PENNYPACK,,,,CONNECTOR,HARD,EXISTING,,Y,Y,Y,N,N,N,N,0.07916667,,N,166.931894238461
839,Minor Trail,PENNYPACK,,,,CONNECTOR,HARD,EXISTING,,Y,Y,Y,N,N,N,N,0.01038967,,N,21.8836487943097
840,Minor Trail,PENNYPACK,,,,CONNECTOR,HARD,EXISTING,,Y,Y,Y,N,N,N,N,0.03141989,,N,66.103008186667
841,Minor Trail,PENNYPACK,,,,CONNECTOR,HARD,EXISTING,,Y,Y,Y,N,N,N,N,0.07563229,,N,159.361405428191
842,Minor Trail,PENNYPACK,,,,MINOR,HARD,EXISTING,,Y,Y,Y,N,N,N,N,0.16175549,,N,339.928974104496
843,Minor Trail,PENNYPACK,,,,CONNECTOR,SOFT,EXISTING,,Y,Y,Y,N,N,N,N,0.09567759,,N,201.09963365679
844,Minor Trail,PENNYPACK,,,,CONNECTOR,SOFT,EXISTING,,Y,Y,Y,N,N,N,N,0.03026405,,N,63.5791367996603
845,Minor Trail,PENNYPACK,,,,MINOR,HARD,EXISTING,,Y,Y,Y,N,N,N,N,0.19220978,,N,403.816309443822
846,Minor Trail,PENNYPACK,,,,CONNECTOR,SOFT,EXISTING,,Y,Y,Y,N,N,N,N,0.071143,,N,149.885239615052
847,Minor Trail,PENNYPACK,,,,MINOR,SOFT,EXISTING,,Y,Y,Y,N,N,N,N,0.18706894,,N,393.076179861564
848,Minor Trail,PENNYPACK,,,,MINOR,SOFT,EXISTING,,Y,Y,Y,N,N,N,N,0.42956608,,N,903.581512078019
849,Pennypack-Lorimer Connector,PENNYPACK,,Pennypack-Lorimer Connector,,MAJOR,SOFT,EXISTING,,Y,Y,Y,Y,N,N,N,0.21299621,,N,448.683218764412
850,Minor Trail,PENNYPACK,,,,MINOR,HARD,EXISTING,,Y,Y,Y,N,N,N,N,0.12599897,,N,265.329838226797
851,Minor Trail,PENNYPACK,,,,CONNECTOR,SOFT,EXISTING,,Y,Y,Y,N,N,N,N,0.04041612,,N,84.9533441174473
852,Minor Trail,PENNYPACK,,,,MINOR,HARD,EXISTING,,Y,Y,Y,N,N,N,N,0.13720729,,N,289.040635693727
853,Minor Trail,PENNYPACK,,,,CONNECTOR,HARD,EXISTING,,Y,Y,Y,N,N,N,N,0.05054277,,N,106.410743353782
854,Minor Trail,PENNYPACK,,,,MINOR,HARD,EXISTING,,Y,Y,Y,N,N,N,N,0.08359899,,N,175.913495305907
855,Minor Trail,PENNYPACK,,,,MINOR,SOFT,EXISTING,,Y,Y,Y,N,N,N,N,0.16820349,,N,353.753653853955
856,Minor Trail,PENNYPACK,,,,CONNECTOR,SOFT,EXISTING,,Y,Y,Y,N,N,N,N,0.14666929,,N,308.528813028381
857,Minor Trail,PENNYPACK,,,,MINOR,SOFT,EXISTING,,Y,Y,Y,N,N,N,N,0.03467799,,N,73.1342880111147
858,Minor Trail,PENNYPACK,,,,CONNECTOR,SOFT,EXISTING,,Y,Y,Y,N,N,N,N,0.18422863,,N,387.624735804744
859,Minor Trail,PENNYPACK,,,,MINOR,SOFT,EXISTING,,Y,Y,Y,N,N,N,N,0.35578993,,N,748.814325126229
860,Baxter Trail,NORTH_DELAWARE,,Baxter Trail,,MAJOR,HARD,EXISTING,,Y,Y,Y,Y,Y,N,Y,0.10841247,,N,228.194156157242
861,Minor Trail,SCHUYLKILL_RIVER_PARK,,,,CONNECTOR,HARD,EXISTING,,Y,Y,Y,N,N,N,N,0.00372982,,N,7.82075035105566
862,Minor Trail,PENNYPACK,,,,MINOR,SOFT,EXISTING,,Y,Y,Y,N,N,N,N,0.14906692,,N,313.724595825064
863,Minor Trail,PENNYPACK,,,,MINOR,SOFT,EXISTING,,Y,Y,Y,N,N,N,N,0.08612405,,N,181.397598502783
864,Minor Trail,PENNYPACK,,,,MINOR,SOFT,EXISTING,,Y,Y,Y,N,N,N,N,0.21541945,,N,453.183825326208
865,Minor Trail,PENNYPACK,,,,MINOR,SOFT,EXISTING,,Y,Y,Y,N,N,N,N,0.05349688,,N,112.37249770818
866,Minor Trail,PENNYPACK,,,,CONNECTOR,SOFT,EXISTING,,Y,Y,Y,N,N,N,N,0.02395973,,N,50.5308045059173
867,Minor Trail,PENNYPACK,,,,MINOR,SOFT,EXISTING,,Y,Y,Y,N,N,N,N,0.27217104,,N,572.571088226057
868,Minor Trail,PENNYPACK,,,,MINOR,SOFT,EXISTING,,Y,Y,Y,N,N,N,N,0.19457547,,N,409.427726746114
869,Minor Trail,PENNYPACK,,,,MINOR,SOFT,EXISTING,,Y,Y,Y,N,N,N,N,0.06893584,,N,145.280146864288
870,Minor Trail,PENNYPACK,,,,CONNECTOR,SOFT,EXISTING,,Y,Y,Y,N,N,N,N,0.03847612,,N,80.9705161368473
871,Minor Trail,PENNYPACK,,,,MINOR,SOFT,EXISTING,,Y,Y,Y,N,N,N,N,0.0985551,,N,207.147428318469
872,Minor Trail,PENNYPACK,,,,CONNECTOR,SOFT,EXISTING,,Y,Y,Y,N,N,N,N,0.01745024,,N,36.7998166193425
873,Minor Trail,PENNYPACK,,,,CONNECTOR,SOFT,EXISTING,,Y,Y,Y,N,N,N,N,0.01323607,,N,27.902841723223
874,Minor Trail,PENNYPACK,,,,MINOR,SOFT,EXISTING,,Y,Y,Y,N,N,N,N,0.10319342,,N,217.283504362579
875,Minor Trail,PENNYPACK,,,,MINOR,SOFT,EXISTING,,Y,Y,Y,N,N,N,N,0.33362797,,N,702.319095420675
876,Minor Trail,PENNYPACK,,,,MINOR,HARD,EXISTING,,Y,Y,Y,N,N,N,N,0.03850715,,N,81.0082202324427
877,Minor Trail,PENNYPACK,,,,MINOR,SOFT,EXISTING,,Y,Y,Y,N,N,N,N,0.08105467,,N,170.805423199929
878,Minor Trail,PENNYPACK,,,,CONNECTOR,SOFT,EXISTING,,Y,Y,Y,N,N,N,N,0.03878903,,N,81.7944019922324
879,Minor Trail,PENNYPACK,,,,CONNECTOR,SOFT,EXISTING,,Y,Y,Y,N,N,N,N,0.02876881,,N,60.530704770183
880,Minor Trail,PENNYPACK,,,,CONNECTOR,SOFT,EXISTING,,Y,Y,Y,N,N,N,N,0.01600362,,N,33.7271141321561
881,Minor Trail,PENNYPACK,,,,CONNECTOR,SOFT,EXISTING,,Y,Y,Y,N,N,N,N,0.04039866,,N,84.9158637911994
882,Minor Trail,PENNYPACK,,,,CONNECTOR,SOFT,EXISTING,,Y,Y,Y,N,N,N,N,0.06033859,,N,127.015841785193
883,Pleasant Hill Trail,NORTH_DELAWARE,,Pleasant Hill Trail,,MINOR,HARD,EXISTING,,Y,Y,Y,N,N,N,N,0.08993238,,N,189.448786322654
884,Baxter Trail - Connector,NORTH_DELAWARE,,,,CONNECTOR,HARD,EXISTING,,Y,Y,Y,N,N,N,N,0.01206149,,N,25.4033311568923
885,Trolley Trail,WEST_FAIRMOUNT,,,,MINOR,SOFT,EXISTING,,Y,Y,Y,N,N,N,N,0.00992759,,N,20.8918395103595
886,Minor Trail,PENNYPACK,,,,MINOR,SOFT,EXISTING,,Y,Y,Y,N,N,N,N,0.06692147,,N,140.821282688889
887,Minor Trail,PENNYPACK,,,,MINOR,SOFT,EXISTING,,Y,Y,Y,N,N,N,N,0.0749398,,N,157.786439075905
888,Minor Trail,PENNYPACK,,,,MINOR,SOFT,EXISTING,,Y,Y,Y,N,N,N,N,0.0669167,,N,141.019990079403
889,Minor Trail,PENNYPACK,,,,MINOR,SOFT,EXISTING,,Y,Y,Y,N,N,N,N,0.01476081,,N,31.1255380229898
890,Minor Trail,PENNYPACK,,,,MINOR,SOFT,EXISTING,,Y,Y,Y,N,N,N,N,0.02966569,,N,62.3602822826509
891,Minor Trail,PENNYPACK,,,,MINOR,HARD,EXISTING,,Y,Y,Y,N,N,N,N,0.01188364,,N,25.0420928937912
892,Minor Trail,PENNYPACK,,,,MINOR,SOFT,EXISTING,,Y,Y,Y,N,N,N,N,0.21132641,,N,445.243535470196
893,Minor Trail,PENNYPACK,,,,MINOR,HARD,EXISTING,,Y,Y,Y,N,N,N,N,0.04583708,,N,96.4727806397517
894,Pennypack Trail,NORTH_DELAWARE,,Pennypack Trail,,MAJOR,HARD,EXISTING,,Y,Y,Y,Y,Y,N,Y,0.10971559,,N,230.928954923452
895,Minor Trail,NORTH_DELAWARE,,,,MINOR,HARD,EXISTING,,Y,Y,Y,N,N,N,N,0.27393793,,N,575.922356829578
896,Minor Trail,NORTH_DELAWARE,,,,CONNECTOR,HARD,EXISTING,,Y,Y,Y,N,N,N,N,0.07570705,,N,159.121824459222
897,Pennypack Trail,NORTH_DELAWARE,,Pennypack Trail,,MAJOR,HARD,EXISTING,,Y,Y,Y,Y,Y,N,Y,0.18103077,,N,380.582403096138
898,Pleasant Hill Trail,NORTH_DELAWARE,,Pleasant Hill Trail,,MINOR,HARD,EXISTING,,Y,Y,Y,N,N,N,N,0.17659534,,N,371.975535115984
899,Baxter Trail - Connector,NORTH_DELAWARE,,,,CONNECTOR,HARD,EXISTING,,Y,Y,Y,N,N,N,N,0.04280078,,N,89.9766724693617
900,Baxter Trail,NORTH_DELAWARE,,,,MAJOR,HARD,EXISTING,,Y,Y,Y,Y,Y,N,Y,0.02894348,,N,60.9402696670455
901,Baxter Trail - Connector,NORTH_DELAWARE,,,,CONNECTOR,HARD,EXISTING,,Y,Y,Y,N,N,N,N,0.04700868,,N,98.9166948474029
902,Pleasant Hill Trail,NORTH_DELAWARE,,Pleasant Hill Trail,,MINOR,HARD,EXISTING,,Y,Y,Y,N,N,N,N,0.08994384,,N,189.398555509219
903,Pleasant Hill Trail,NORTH_DELAWARE,,,,MINOR,HARD,EXISTING,,Y,Y,Y,N,N,N,N,0.01092368,,N,23.0220976371541
904,Pleasant Hill Trail,NORTH_DELAWARE,,Pleasant Hill Trail,,MINOR,HARD,EXISTING,,Y,Y,Y,N,N,N,N,0.07224694,,N,152.02828270522
905,Pleasant Hill Trail - Connector,NORTH_DELAWARE,,,,CONNECTOR,HARD,EXISTING,,Y,Y,Y,N,N,N,N,0.01158475,,N,24.412500743771
906,Pleasant Hill Trail - Connector,NORTH_DELAWARE,,,,CONNECTOR,HARD,EXISTING,,Y,Y,Y,N,N,N,N,0.01631103,,N,34.3733213941231
907,Pleasant Hill Trail - Connector,NORTH_DELAWARE,,,,CONNECTOR,HARD,EXISTING,,Y,Y,Y,N,N,N,N,0.00631194,,N,13.2948008843045
908,Pleasant Hill Trail,NORTH_DELAWARE,,Pleasant Hill Trail,,MINOR,HARD,EXISTING,,Y,Y,Y,N,N,N,N,0.07582591,,N,159.714999409737
909,Pleasant Hill Trail,NORTH_DELAWARE,,Pleasant Hill Trail,,MINOR,HARD,EXISTING,,Y,Y,Y,N,N,N,N,0.15674919,,N,329.4619021481
910,Poquessing Creek Trail - Connector,POQUESSING,,,,CONNECTOR,SOFT,EXISTING,,Y,Y,Y,N,N,N,N,0.10216304,,N,215.304781330729
911,Poquessing 3 Trail,POQUESSING,,Poquessing 3 Trail,,MINOR,SOFT,EXISTING,,Y,Y,Y,N,N,N,N,0.09228227,,N,194.623920882091
912,Poquessing 3 Trail - Connector,POQUESSING,,,,CONNECTOR,SOFT,EXISTING,,Y,Y,Y,N,N,N,N,0.03281555,,N,68.9719955929354
913,Poquessing 3 Trail,POQUESSING,,Poquessing 3 Trail,,MINOR,SOFT,EXISTING,,Y,Y,Y,N,N,N,N,0.09226423,,N,194.188288798279
914,Poquessing 3 Trail,POQUESSING,,,,MINOR,SOFT,EXISTING,,Y,Y,Y,N,N,N,N,0.02997318,,N,63.0330171846896
915,Poquessing 3 Trail - Connector,POQUESSING,,,,CONNECTOR,SOFT,EXISTING,,Y,Y,Y,N,N,N,N,0.03111826,,N,65.4117474783572
916,Poquessing 3 Trail,POQUESSING,,,,MINOR,SOFT,EXISTING,,Y,Y,Y,N,N,N,N,0.01303135,,N,27.4792859518846
917,Poquessing 3 Trail,POQUESSING,,,,MINOR,SOFT,EXISTING,,Y,Y,Y,N,N,N,N,0.02975283,,N,62.5352142957414
918,Poquessing 3 Trail - Connector,POQUESSING,,,,CONNECTOR,SOFT,EXISTING,,Y,Y,Y,N,N,N,N,0.00522943,,N,11.0005290134029
919,Poquessing 3 Trail,POQUESSING,,,,MINOR,SOFT,EXISTING,,Y,Y,Y,N,N,N,N,0.04087293,,N,86.1466138679587
920,Belmont Cross Country Trail,WEST_FAIRMOUNT,Army Road,Belmont Cross Country Trail,,MINOR,HARD,EXISTING,,Y,Y,Y,N,N,N,N,0.06644505,,N,139.417222632145
921,Poquessing 3 Trail,POQUESSING,,Poquessing 3 Trail,,MINOR,SOFT,EXISTING,,Y,Y,Y,N,N,N,N,0.05756419,,N,121.325939438644
922,Poquessing 3 Trail,POQUESSING,,Poquessing 3 Trail,,MINOR,SOFT,EXISTING,,Y,Y,Y,N,N,N,N,0.05103483,,N,107.636052091304
923,Poquessing 3 Trail,POQUESSING,,Poquessing 3 Trail,,MINOR,SOFT,EXISTING,,Y,Y,Y,N,N,N,N,0.05042694,,N,106.368002478355
924,Poquessing 3 Trail,POQUESSING,,,,MINOR,SOFT,EXISTING,,Y,Y,Y,N,N,N,N,0.02806826,,N,59.0261809758206
925,Poquessing 3 Trail,POQUESSING,,,,MINOR,SOFT,EXISTING,,Y,Y,Y,N,N,N,N,0.03084465,,N,64.9248003770646
926,Poquessing 3 Trail,POQUESSING,,Poquessing 3 Trail,,MINOR,SOFT,EXISTING,,Y,Y,Y,N,N,N,N,0.14699499,,N,309.507578521991
927,Poquessing 3 Trail,POQUESSING,,Poquessing 3 Trail,,MINOR,SOFT,EXISTING,,Y,Y,Y,N,N,N,N,0.06131331,,N,128.908548141837
928,Poquessing 3 Trail,POQUESSING,,Poquessing 3 Trail,,MINOR,SOFT,EXISTING,,Y,Y,Y,N,N,N,N,0.24006912,,N,506.251059192789
929,Poquessing 3 Trail,POQUESSING,,,,MINOR,SOFT,EXISTING,,Y,Y,Y,N,N,N,N,0.04235657,,N,89.0123067680818
930,Poquessing 3 Trail,POQUESSING,,Poquessing 3 Trail,,MINOR,SOFT,EXISTING,,Y,Y,Y,N,N,N,N,0.09653364,,N,203.359719989349
931,Minor Trail,NORTH_DELAWARE,,,,CONNECTOR,HARD,EXISTING,,Y,Y,Y,N,N,N,N,0.21155417,,N,444.64731925831
932,Minor Trail,PENNYPACK,,,,CONNECTOR,SOFT,EXISTING,,Y,Y,Y,N,N,N,N,0.05069979,,N,106.636295019908
933,Minor Trail,SRT_SCHUYLKILL_BANKS,,,,MINOR,HARD,EXISTING,,Y,Y,N,N,Y,N,N,0.07077752,,N,148.589869337571
934,Minor Trail,SRT_SCHUYLKILL_BANKS,,,,MINOR,HARD,EXISTING,,Y,Y,N,N,Y,N,N,0.03139151,,N,65.7864721016136
935,Minor Trail,SRT_SCHUYLKILL_BANKS,,,,MINOR,HARD,EXISTING,,Y,Y,N,N,Y,N,N,0.01699212,,N,35.7394234459565
936,Minor Trail,SRT_SCHUYLKILL_BANKS,,,,CONNECTOR,HARD,EXISTING,,Y,Y,N,N,N,N,N,0.04680123,,N,98.3384280928339
937,Minor Trail,SRT_SCHUYLKILL_BANKS,,,,CONNECTOR,HARD,EXISTING,,Y,Y,N,N,Y,N,N,0.11447619,,N,240.458625818293
938,Schuylkill River Park Spur,SRT_SCHUYLKILL_BANKS,,,,CONNECTOR,HARD,EXISTING,,Y,Y,N,Y,Y,N,N,0.13355521,,N,280.547146010178
939,Minor Trail,SCHUYLKILL_RIVER_PARK,,,,MINOR,HARD,EXISTING,,Y,Y,Y,N,N,N,N,0.02722832,,N,57.0751259847496
940,Minor Trail,SCHUYLKILL_RIVER_PARK,,,,CONNECTOR,HARD,EXISTING,,Y,Y,Y,N,N,N,N,0.01309555,,N,27.5267512858294
941,Minor Trail,WISSAHICKON,,,,MINOR,HARD,EXISTING,,Y,Y,Y,N,N,N,N,0.01732804,,N,36.3305085574668
942,Minor Trail,SCHUYLKILL_RIVER_PARK,,,,MINOR,HARD,EXISTING,,Y,Y,Y,N,N,N,N,0.02965214,,N,62.3520936912868
943,Minor Trail,SCHUYLKILL_RIVER_PARK,,,,MINOR,HARD,EXISTING,,Y,Y,Y,N,N,N,N,0.00969039,,N,20.3902227886353
944,Minor Trail,SCHUYLKILL_RIVER_PARK,,,,MINOR,HARD,EXISTING,,Y,Y,Y,N,N,N,N,0.01772888,,N,37.2294993940536
945,Minor Trail,SCHUYLKILL_RIVER_PARK,,,,MINOR,HARD,EXISTING,,Y,Y,Y,N,N,N,N,0.01439547,,N,30.2814756033288
946,Minor Trail,SCHUYLKILL_RIVER_PARK,,,,CONNECTOR,HARD,EXISTING,,Y,Y,Y,N,N,N,N,0.00705376,,N,14.7800323516609
947,Minor Trail,SCHUYLKILL_RIVER_PARK,,,,MINOR,HARD,EXISTING,,Y,Y,Y,N,N,N,N,0.04749703,,N,99.745354731656
948,Minor Trail,SCHUYLKILL_RIVER_PARK,,,,CONNECTOR,HARD,EXISTING,,Y,Y,Y,N,N,N,N,0.00483565,,N,10.1590107584895
949,Minor Trail,SCHUYLKILL_RIVER_PARK,,,,CONNECTOR,HARD,EXISTING,,Y,Y,Y,N,N,N,N,0.01390159,,N,29.2007859509007
950,Minor Trail,SCHUYLKILL_RIVER_PARK,,,,CONNECTOR,HARD,EXISTING,,Y,Y,Y,N,N,N,N,0.0110801,,N,23.2302435917098
951,Locust Street Spur,SRT_SCHUYLKILL_BANKS,,,,CONNECTOR,HARD,EXISTING,,Y,Y,N,N,N,N,N,0.03646616,,Y,76.5270204929748
952,Minor Trail,SRT_SCHUYLKILL_BANKS,,,,CONNECTOR,HARD,EXISTING,,Y,Y,N,N,N,N,N,0.01960617,,Y,41.2320636469241
953,Minor Trail,SRT_SCHUYLKILL_BANKS,,,,CONNECTOR,HARD,EXISTING,,Y,Y,N,N,N,N,N,0.01975404,,Y,41.5325388241987
954,Minor Trail,SRT_SCHUYLKILL_BANKS,,,,CONNECTOR,HARD,EXISTING,,Y,Y,N,N,N,N,N,0.05865349,,Y,123.376637106474
955,Minor Trail,SRT_SCHUYLKILL_BANKS,,,,CONNECTOR,HARD,EXISTING,,Y,Y,N,N,N,N,N,0.05606035,,Y,117.907535476534
956,Minor Trail,SRT_SCHUYLKILL_BANKS,,,,CONNECTOR,HARD,EXISTING,,Y,Y,N,N,N,N,N,0.04339483,,Y,91.2808027642213
957,Minor Trail,SRT_SCHUYLKILL_BANKS,,,,MINOR,HARD,EXISTING,,Y,Y,N,N,N,N,N,0.04742715,,Y,99.7492389410867
958,Minor Trail,SRT_SCHUYLKILL_BANKS,,,,CONNECTOR,HARD,EXISTING,,Y,Y,N,N,N,N,N,0.02096806,,Y,44.1213969847236
959,Minor Trail,SRT_SCHUYLKILL_BANKS,,,,MINOR,HARD,EXISTING,,Y,Y,N,N,N,N,N,0.02069532,,Y,43.5429710021504
960,Minor Trail,SRT_SCHUYLKILL_BANKS,,,,CONNECTOR,HARD,EXISTING,,Y,Y,N,N,N,N,N,0.0165525,,N,34.7962511320075
961,Minor Trail,SRT_SCHUYLKILL_BANKS,,,,CONNECTOR,HARD,EXISTING,,Y,Y,N,N,N,N,N,0.01830622,,Y,38.3852005549181
962,Minor Trail,SRT_SCHUYLKILL_BANKS,,,,MINOR,HARD,EXISTING,,Y,Y,N,N,N,N,N,0.14972091,,N,314.860380794949
963,Minor Trail,SRT_SCHUYLKILL_BANKS,,,,CONNECTOR,HARD,EXISTING,,Y,Y,N,N,N,N,N,0.00821602,,N,17.2734767882105
964,Minor Trail,SRT_SCHUYLKILL_BANKS,,,,CONNECTOR,HARD,EXISTING,,Y,Y,N,N,N,N,N,0.00823159,,N,17.2640031429923
965,Minor Trail,WISSAHICKON,,,,CONNECTOR,SOFT,EXISTING,,Y,Y,Y,N,N,N,N,0.10858291,,N,228.139043530667
966,Fountain Street Steps,SRT_TOWPATH,,Fountain Street Steps,,CONNECTOR,HARD,EXISTING,,Y,Y,N,N,N,N,N,0.07442254,,Y,156.537747414133
967,Minor Trail,SRT_TOWPATH,,,,CONNECTOR,HARD,EXISTING,,Y,Y,N,N,N,N,N,0.02860492,,Y,60.1148558818346
968,Canal View Spur,SRT_TOWPATH,,,,CONNECTOR,HARD,EXISTING,,Y,Y,N,N,N,N,N,0.00739146,,Y,15.5629336379824
969,Minor Trail,SRT_TOWPATH,,,,MINOR,HARD,EXISTING,,Y,Y,N,N,N,N,N,0.00659674,,Y,13.8629725625979
970,Chamounix Sidepath,WEST_FAIRMOUNT,,Chamounix Sidepath,,MINOR,HARD,EXISTING,,Y,Y,Y,N,N,N,N,0.57224952,,N,1203.02408035578
971,Minor Trail,PENNYPACK,,,,MINOR,SOFT,EXISTING,,Y,Y,Y,N,N,N,N,1.38708521,,N,2918.64862822671
972,Minor Trail,COBBS_LOWER,,,,MINOR,HARD,EXISTING,,Y,Y,Y,N,N,N,N,0.11524302,,N,242.118150217825
973,Minor Trail,COBBS_LOWER,,,,MINOR,SOFT,EXISTING,,Y,Y,Y,N,N,N,N,0.05595108,,N,117.725995383764
974,Trolley Trail,WEST_FAIRMOUNT,Demo Trail,Trolley Trail,,MINOR,SOFT,EXISTING,,Y,Y,Y,N,N,N,N,0.07267968,,N,152.797794190163
975,Minor Trail,COBBS_LOWER,,,,MINOR,SOFT,EXISTING,,Y,Y,Y,N,N,N,N,0.17169225,,N,360.555394367907
976,Minor Trail,MORRIS,,,,MINOR,SOFT,EXISTING,,Y,Y,N,N,N,N,N,0.10433466,,N,219.589811500004
977,Minor Trail,MORRIS,,,,CONNECTOR,SOFT,EXISTING,,Y,Y,N,N,N,N,N,0.01385761,,N,29.1357342286587
978,Minor Trail,MORRIS,,,,CONNECTOR,SOFT,EXISTING,,Y,Y,N,N,N,N,N,0.0219758,,N,46.2466341164934
979,Minor Trail,MORRIS,,,,CONNECTOR,SOFT,EXISTING,,Y,Y,N,N,N,N,N,0.01148439,,N,24.115646329764
980,Minor Trail,COBBS_LOWER,,,,CONNECTOR,HARD,EXISTING,,Y,Y,Y,N,N,N,N,0.20466831,,N,429.150984638106
981,Minor Trail,COBBS_LOWER,,,,MINOR,SOFT,EXISTING,,Y,Y,Y,N,N,N,N,0.1302078,,N,273.492241803038
982,Minor Trail,COBBS_LOWER,,,,MINOR,SOFT,EXISTING,,Y,Y,Y,N,N,N,N,0.03784818,,N,79.4769321915159
983,Minor Trail,COBBS_LOWER,,,,MINOR,SOFT,EXISTING,,Y,Y,Y,N,N,N,N,0.30837463,,N,646.96181728166
984,Baxter Trail - Connector,NORTH_DELAWARE,,,,CONNECTOR,HARD,EXISTING,,Y,Y,Y,N,N,N,N,0.01707498,,N,35.934170190315
985,Poquessing 8 - Connector,POQUESSING,,,,CONNECTOR,SOFT,EXISTING,,Y,Y,Y,N,N,N,N,0.21465174,,N,451.516253696113
986,Walbach St Spur,NORTH_DELAWARE,,K&T - Tacony Spur,,CONNECTOR,HARD,EXISTING,,Y,Y,Y,N,N,N,N,0.35658612,,N,750.096667178785
987,Minor Trail,OTHER,,,,MINOR,SOFT,EXISTING,,Y,Y,Y,N,N,N,N,0.0318934,,N,67.0786341773739
988,Minor Trail,OTHER,,,,MINOR,SOFT,EXISTING,,Y,Y,Y,N,N,N,N,0.11407271,,N,239.731778736663
989,Minor Trail,COBBS_CARROLL,,,,MINOR,SOFT,EXISTING,,Y,N,N,N,N,N,N,0.08297012,,N,174.445375462724
990,Minor Trail,COBBS_CARROLL,,,,MINOR,SOFT,EXISTING,,Y,N,N,N,N,N,N,0.08599009,,N,180.661397273871
991,Minor Trail,COBBS_CARROLL,,,,CONNECTOR,SOFT,EXISTING,,Y,N,N,N,N,N,N,0.00792293,,N,16.6799471099724
992,Minor Trail,COBBS_CARROLL,,,,MINOR,SOFT,EXISTING,,Y,N,N,N,N,N,N,0.12860462,,N,270.374515155218
993,Minor Trail,COBBS_CARROLL,,,,CONNECTOR,SOFT,EXISTING,,Y,N,N,N,N,N,N,0.08613497,,N,180.930867776468
994,Minor Trail,COBBS_CARROLL,,,,MINOR,SOFT,EXISTING,,Y,N,N,N,N,N,N,0.02585014,,N,54.3395817568474
995,Minor Trail,COBBS_CARROLL,,,,MINOR,SOFT,EXISTING,,Y,N,N,N,N,N,N,0.03423236,,N,72.0757732909249
996,Minor Trail,COBBS_CARROLL,,,,MINOR,SOFT,EXISTING,,Y,N,N,N,N,N,N,0.03829635,,N,80.5469485390313
997,Minor Trail,COBBS_CARROLL,,,,CONNECTOR,SOFT,EXISTING,,Y,N,N,N,N,N,N,0.02726947,,N,57.2611194038668
998,Minor Trail,COBBS_CARROLL,,,,CONNECTOR,SOFT,EXISTING,,Y,N,N,N,N,N,N,0.02532219,,N,53.2035317672545
999,Minor Trail,COBBS_CARROLL,,,,MINOR,SOFT,EXISTING,,Y,N,N,N,N,N,N,0.0568205,,N,119.347876309993
1000,Minor Trail,COBBS_CARROLL,,,,MINOR,SOFT,EXISTING,,Y,N,N,N,N,N,N,0.12199849,,N,256.702242666285
1001,Minor Trail,COBBS_CARROLL,,,,MINOR,SOFT,EXISTING,,Y,N,N,N,N,N,N,0.07484987,,N,157.322972122163
1002,Minor Trail,EAST_FAIRMOUNT,,,,MINOR,HARD,EXISTING,,Y,Y,N,N,N,N,N,0.25705393,,N,539.551701134161
1003,Trolley Trail,WEST_FAIRMOUNT,,Trolley Trail,,MINOR,SOFT,EXISTING,,Y,Y,Y,N,N,N,N,0.11106294,,N,233.010890185349
1004,Minor Trail,COBBS_CARROLL,,,,MINOR,SOFT,EXISTING,,Y,N,N,N,N,N,N,0.07518849,,N,157.768100741788
1005,Minor Trail,COBBS_CARROLL,,,,MINOR,SOFT,EXISTING,,Y,N,N,N,N,N,N,0.03817668,,N,80.3427972653594
1006,Minor Trail,WISSAHICKON,,,,CONNECTOR,SOFT,EXISTING,,Y,Y,Y,N,N,N,N,0.09823169,,N,206.554617509567
1007,Minor Trail,FDR,,,,MINOR,HARD,EXISTING,,Y,Y,Y,N,N,N,N,0.11027663,,N,231.627016729014
1008,Minor Trail,WISSAHICKON,,,,MINOR,SOFT,EXISTING,<Null>,Y,Y,Y,N,N,N,N,0.14204822,,N,298.372026797896
1009,Minor Trail,WISSAHICKON,,,,MINOR,SOFT,EXISTING,<Null>,Y,Y,Y,N,N,N,N,0.0653741,,N,137.381216128091
1010,Minor Trail,WISSAHICKON,,,,MINOR,SOFT,EXISTING,,Y,Y,Y,N,N,N,N,0.0294006,,N,61.8133338487341
1011,Boxers Trail,EAST_FAIRMOUNT,,Boxers' Trail,,MINOR,HARD,EXISTING,,Y,Y,Y,N,N,N,N,0.68315496,,N,1435.13961050982
1012,Discovery Center - Reservoir Walk,EAST_FAIRMOUNT,,Discovery Center - Reservoir Walk,,MINOR,HARD,EXISTING,,Y,Y,N,N,N,N,N,0.14857449,,N,312.1264589191
1013,Trolley Trail,WEST_FAIRMOUNT,,,,MINOR,SOFT,EXISTING,,Y,Y,Y,N,N,N,N,0.00353308,,N,7.43675331348771
1014,Minor Trail,WISSAHICKON,,,,MINOR,SOFT,EXISTING,,Y,Y,Y,N,N,N,N,0.27756601,,N,583.012786664156
1015,Minor Trail,BARTRAMS,,,,CONNECTOR,HARD,EXISTING,,Y,Y,N,N,N,N,N,0.01394485,,N,29.2376747691648
1016,Minor Trail,BARTRAMS,,,,CONNECTOR,HARD,EXISTING,,Y,Y,N,N,N,N,N,0.01255681,,N,26.399732639266
1017,Cobbs Creek Trail,COBBS_LOWER,,Cobbs Creek Trail,,MAJOR,HARD,EXISTING,,Y,Y,Y,Y,N,N,N,0.21728829,,N,456.51397995425
1018,Minor Trail,NORTH_DELAWARE,,,,MINOR,HARD,EXISTING,,Y,Y,Y,N,N,N,N,0.11893705,,N,250.093075940845
1019,Minor Trail,NORTH_DELAWARE,,,,CONNECTOR,HARD,EXISTING,,Y,Y,Y,N,N,N,N,0.00652504,,N,13.7169046545983
1020,Minor Trail,NORTH_DELAWARE,,,,MINOR,HARD,EXISTING,,Y,Y,Y,N,N,N,N,0.00650003,,N,13.6900514691926
1021,Minor Trail,NORTH_DELAWARE,,,,MINOR,HARD,EXISTING,,Y,Y,Y,N,N,N,N,0.01243479,,N,26.1809986211799
1022,Minor Trail,NORTH_DELAWARE,,,,CONNECTOR,HARD,EXISTING,,Y,Y,Y,N,N,N,N,0.04769929,,N,100.465485001914
1023,Minor Trail,NORTH_DELAWARE,,,,CONNECTOR,HARD,EXISTING,,Y,Y,Y,N,N,N,N,0.02027998,,N,42.6901151195154
1024,Minor Trail,NORTH_DELAWARE,,,,CONNECTOR,HARD,EXISTING,,Y,Y,Y,N,N,N,N,0.0276666,,N,58.1879986873264
1025,Orange Trail,WISSAHICKON,,Orange Trail,,MINOR,HARD,EXISTING,,Y,Y,Y,N,N,N,N,0.06122572,,N,128.970185480037
1026,Minor Trail,WISSAHICKON,,,,MINOR,SOFT,EXISTING,,Y,Y,Y,N,N,N,N,0.2736707,,N,575.46273412038
1027,Trolley Trail,WEST_FAIRMOUNT,,,,MINOR,SOFT,EXISTING,,Y,Y,Y,N,N,N,N,0.03725476,,N,78.2989424017885
1028,Trolley Trail,WEST_FAIRMOUNT,,,,MINOR,HARD,EXISTING,,Y,Y,Y,N,N,N,N,0.00787494,,N,16.5515668824598
1029,Trolley Trail,WEST_FAIRMOUNT,,Trolley Trail,,MINOR,SOFT,EXISTING,,Y,Y,Y,N,N,N,N,0.14084798,,N,296.341807244571
1030,Minor Trail,EAST_FAIRMOUNT,,,,MINOR,HARD,EXISTING,,Y,Y,N,N,N,N,N,0.02123847,,Y,44.6703987879059
1031,Minor Trail,EAST_FAIRMOUNT,,,,MINOR,HARD,EXISTING,,Y,Y,N,N,N,N,N,0.00588341,,Y,12.3641617675836
1032,Minor Trail,EAST_FAIRMOUNT,,,,CONNECTOR,HARD,EXISTING,,Y,Y,N,N,N,N,N,0.00339547,,Y,7.12417686306101
1033,Minor Trail,EAST_FAIRMOUNT,,,,MINOR,HARD,EXISTING,,Y,N,N,N,N,N,N,0.04095951,,N,85.9565900964715
1034,Fairmount Water Works Boardwalk,EAST_FAIRMOUNT,,Fairmount Water Works Trail and Boardwalk,,MINOR,HARD,EXISTING,,Y,N,N,N,N,N,N,0.05926966,,N,124.641042270616
1035,Trolley Trail,WEST_FAIRMOUNT,,Trolley Trail,,MINOR,SOFT,EXISTING,,Y,Y,Y,N,N,N,N,0.09221831,,N,193.59833305424
1036,East Fairmount Greenway,EAST_FAIRMOUNT,,East Fairmount Greenway,,MINOR,HARD,EXISTING,,Y,Y,Y,N,N,N,N,0.63998911,,N,1347.55930055425
1037,East Fairmount Greenway,EAST_FAIRMOUNT,,East Fairmount Greenway,,MINOR,HARD,EXISTING,,Y,Y,Y,N,N,N,N,0.07739053,,N,162.967044580443
1038,East Fairmount Greenway,EAST_FAIRMOUNT,,East Fairmount Greenway,,MINOR,HARD,EXISTING,,Y,Y,Y,N,N,N,N,0.28307073,,N,595.944746687067
1039,East Fairmount Greenway,EAST_FAIRMOUNT,,,,CONNECTOR,HARD,EXISTING,,Y,Y,Y,N,N,N,N,0.04005949,,N,84.3689376508918
1040,Boxers Trail,EAST_FAIRMOUNT,,Boxers' Trail,,MINOR,HARD,EXISTING,,Y,Y,Y,N,N,N,N,0.15893207,,N,333.835170414894
1041,Boxers Trail,EAST_FAIRMOUNT,,,,MINOR,HARD,EXISTING,,Y,Y,Y,N,N,N,N,0.04528686,,N,95.0907258360062
1042,Minor Trail,EAST_FAIRMOUNT,,,,MINOR,HARD,EXISTING,,Y,Y,Y,N,N,N,N,0.01686066,,N,35.4609567058219
1043,Strawberry Mansion Stairs,EAST_FAIRMOUNT,,,,CONNECTOR,HARD,EXISTING,,Y,N,N,N,N,N,N,0.03951238,,N,83.1416536657823
1044,Minor Trail,EAST_FAIRMOUNT,,,,MINOR,HARD,EXISTING,,Y,Y,Y,N,N,N,N,0.24832131,,N,521.834534536423
1045,Minor Trail,EAST_FAIRMOUNT,,,,MINOR,HARD,EXISTING,,Y,Y,Y,N,N,N,N,0.03103571,,N,65.2494858400988
1046,Minor Trail,EAST_FAIRMOUNT,,,,CONNECTOR,HARD,EXISTING,,Y,Y,N,N,N,N,N,0.01601758,,N,33.7084898004319
1047,Strawberry Mansion Bridge North Sidepath,EAST_FAIRMOUNT,,Strawberry Mansion Bridge North Sidepath,,MINOR,HARD,EXISTING,,Y,Y,N,N,N,N,N,0.17837091,,N,374.544845673093
1048,Minor Trail,WEST_FAIRMOUNT,,,,MINOR,HARD,EXISTING,,Y,Y,Y,N,N,N,N,0.39632964,,N,832.136176867299
1049,Minor Trail,WEST_FAIRMOUNT,,,,MINOR,HARD,EXISTING,,Y,Y,Y,N,N,N,N,0.11266862,,N,236.547183443351
1050,Strawberry Mansion Bridge South Sidepath,EAST_FAIRMOUNT,,Strawberry Mansion Bridge South Sidepath,,MINOR,HARD,EXISTING,,Y,Y,N,N,N,N,N,0.17894809,,N,375.756616281121
1051,Trolley Trail,WEST_FAIRMOUNT,,,,MINOR,SOFT,EXISTING,,Y,Y,Y,N,N,N,N,0.01763355,,N,36.9990279427241
1052,Trolley Trail - Falls Road Connector,WEST_FAIRMOUNT,Falls Road Connector,Trolley Trail Connector,,MINOR,SOFT,EXISTING,,Y,Y,Y,Y,N,N,N,0.06057057,,N,127.357226681102
1053,Trolley Trail,WEST_FAIRMOUNT,,Trolley Trail,,MINOR,SOFT,EXISTING,,Y,Y,Y,N,N,N,N,0.18858158,,N,396.307059919619
1054,Minor Trail,WEST_FAIRMOUNT,,,,CONNECTOR,HARD,EXISTING,,Y,Y,Y,N,N,N,N,0.05730871,,N,120.54545512678
1055,Chamounix Sidepath,WEST_FAIRMOUNT,,,,CONNECTOR,HARD,EXISTING,,Y,Y,Y,N,N,N,N,0.02450536,,N,51.5529077657101
1056,Chamounix Sidepath,WEST_FAIRMOUNT,,Chamounix Sidepath,,MINOR,HARD,EXISTING,,Y,Y,Y,N,N,N,N,0.6098129,,N,1280.4153946743
1057,Trolley Trail,WEST_FAIRMOUNT,,,,MINOR,HARD,EXISTING,,Y,Y,Y,N,N,N,N,0.02122688,,N,44.6885154062852
1058,Grays Ferry Crescent,SRT_SCHUYLKILL_BANKS,,,,MAJOR,HARD,EXISTING,,Y,Y,N,Y,Y,Y,N,0.05689265,,N,119.551737684248
1059,Cobbs Creek Trail,COBBS_LOWER,"Cobbs Creek Connector Trail - C,D",Cobbs Creek Trail,,MAJOR,HARD,EXISTING,,Y,Y,N,Y,Y,N,N,0.3370284,Construction 2022-2023,Y,707.522079887326
1060,Delaware River Trail - Penn Treaty,OTHER,,Delaware River Trail,,MAJOR,HARD,EXISTING,,Y,Y,Y,Y,Y,N,Y,0.10793891,,N,226.448989237604
1061,Kensington and Tacony Trail,NORTH_DELAWARE,"Kensington and Tacony Trail - Phase 2; Delaware Riverfront Greenway",K and T Trail,,MAJOR,HARD,EXISTING,,Y,Y,Y,Y,Y,N,Y,0.49516712,Open as of 8/23,N,1040.40345052007
1062,Fleuhr Trail,POQUESSING_FLUEHR,,Fleuhr Trail,,MINOR,HARD,EXISTING,,Y,Y,Y,N,N,N,N,0.12449896,,N,262.025711400465
1063,Fleuhr Trail,POQUESSING_FLUEHR,,,,MINOR,HARD,EXISTING,,Y,Y,Y,N,N,N,N,0.04062138,,N,85.4010844644936
1064,Fluehr Trail - Connector,POQUESSING_FLUEHR,,,,CONNECTOR,HARD,EXISTING,,Y,Y,Y,N,N,N,N,0.04651066,,N,97.7952128392123
1065,Fleuhr Trail,POQUESSING_FLUEHR,,Fleuhr Trail,,MINOR,HARD,EXISTING,,Y,Y,Y,N,N,N,N,0.26102627,,N,549.042036312147
1066,Fluehr Trail - Connector,POQUESSING_FLUEHR,,,,CONNECTOR,HARD,EXISTING,,Y,Y,Y,N,N,N,N,0.01696856,,N,35.7124403184999
1067,Fluehr Trail - Connector,POQUESSING_FLUEHR,,,,CONNECTOR,HARD,EXISTING,,Y,Y,Y,N,N,N,N,0.01559901,,N,32.7580363309652
1068,Fleuhr Trail,POQUESSING_FLUEHR,,Fleuhr Trail,,MINOR,HARD,EXISTING,,Y,Y,Y,N,N,N,N,0.42952418,,N,903.389201700937
1069,Trolley Trail,WEST_FAIRMOUNT,,,,MINOR,SOFT,EXISTING,,Y,Y,Y,N,N,N,N,0.04035313,,N,84.9446601547474
1070,Trolley Trail,WEST_FAIRMOUNT,,,,MINOR,SOFT,EXISTING,,Y,Y,Y,N,N,N,N,0.02193349,,N,46.1616055832941
1071,Minor Trail,WEST_FAIRMOUNT,,,,MINOR,SOFT,EXISTING,,Y,Y,Y,N,N,N,N,0.04111458,,N,86.4719635922481
1072,Minor Trail,WEST_FAIRMOUNT,,,,CONNECTOR,SOFT,EXISTING,,Y,Y,Y,N,N,N,N,0.03673225,,N,77.1160464281026
1073,Minor Trail,WEST_FAIRMOUNT,,,,MINOR,SOFT,EXISTING,,Y,Y,Y,N,N,N,N,0.15407679,,N,324.210202467618
1074,Frankford Creek Greenway,TACONY_FRANKFORD,,Frankford Creek Greenway,,MAJOR,HARD,EXISTING,,Y,Y,Y,Y,N,N,N,0.61878028,,N,1301.79973357343
1075,Trolley Trail,WEST_FAIRMOUNT,,Trolley Trail,,MINOR,SOFT,EXISTING,,Y,Y,Y,N,N,N,N,0.07136126,,N,150.120154137311
1076,Trolley Trail,WEST_FAIRMOUNT,,,,MINOR,SOFT,EXISTING,,Y,Y,Y,N,N,N,N,0.08399552,,N,176.570081291387
1077,Trolley Trail,WEST_FAIRMOUNT,,,,MINOR,SOFT,EXISTING,,Y,Y,Y,N,N,N,N,0.04739717,,N,99.6189980967008
1078,Minor Trail,WEST_FAIRMOUNT,,,,MINOR,SOFT,EXISTING,,Y,Y,Y,N,N,N,N,0.0705444,,N,148.368933609378
1079,Minor Trail,WEST_FAIRMOUNT,,,,CONNECTOR,HARD,EXISTING,,Y,Y,Y,N,N,N,N,0.15614991,,N,328.435657486459
1080,Belmont Cross Country Trail,WEST_FAIRMOUNT,,Belmont Cross Country Trail,,MINOR,HARD,EXISTING,,Y,Y,Y,N,N,N,N,0.10358042,,N,217.566214887407
1081,Minor Trail,WEST_FAIRMOUNT,420,,,MINOR,SOFT,EXISTING,,Y,Y,Y,N,N,N,N,0.05598897,,N,117.647418444959
1082,Minor Trail,FDR,,,,MINOR,HARD,EXISTING,,Y,Y,Y,N,N,N,N,0.01052661,,N,22.0533829765369
1083,Minor Trail,WEST_FAIRMOUNT,420,,,MINOR,SOFT,EXISTING,,Y,Y,Y,N,N,N,N,0.06341476,,N,133.276388132215
1084,Minor Trail,WEST_FAIRMOUNT,420,,,MINOR,SOFT,EXISTING,,Y,Y,Y,N,N,N,N,0.4348696,,N,913.970117878629
1085,Minor Trail,WEST_FAIRMOUNT,420 Connector,,,MINOR,SOFT,EXISTING,,Y,Y,Y,N,N,N,N,0.02126262,,N,44.619456409562
1086,Minor Trail,WEST_FAIRMOUNT,CP Shortcut,,,CONNECTOR,SOFT,EXISTING,,Y,Y,Y,N,N,N,N,0.02912409,,N,61.1480815710144
1087,Trolley Trail,WEST_FAIRMOUNT,,,,MINOR,SOFT,EXISTING,,Y,Y,Y,N,N,N,N,0.03376852,,N,70.9289177139021
1088,Minor Trail,WEST_FAIRMOUNT,Cabbage Patch,,,MINOR,SOFT,EXISTING,,Y,Y,Y,N,N,N,N,0.07026576,,N,147.603146634006
1089,Minor Trail,WEST_FAIRMOUNT,,,,CONNECTOR,SOFT,EXISTING,,Y,Y,Y,N,N,N,N,0.04623864,,N,97.1016233904699
1090,Minor Trail,WEST_FAIRMOUNT,Brass Monkey,,,MINOR,SOFT,EXISTING,,Y,Y,Y,N,N,N,N,0.23639597,,N,496.605554721737
1091,Minor Trail,WEST_FAIRMOUNT,,,,MINOR,SOFT,EXISTING,,Y,Y,Y,N,N,N,N,0.13052108,,N,274.39027075162
1092,Minor Trail,WEST_FAIRMOUNT,,,,CONNECTOR,SOFT,EXISTING,,Y,Y,Y,N,N,N,N,0.03852101,,N,80.8775404856652
1093,Minor Trail,WEST_FAIRMOUNT,Sampler,,,MINOR,SOFT,EXISTING,,Y,Y,Y,N,N,N,N,0.03084855,,N,64.8143434297972
1094,Minor Trail,WEST_FAIRMOUNT,Sampler,,,MINOR,SOFT,EXISTING,,Y,Y,Y,N,N,N,N,0.03105861,,N,65.2722761838533
1095,Trolley Trail,WEST_FAIRMOUNT,,,,MINOR,SOFT,EXISTING,,Y,Y,Y,N,N,N,N,0.02461306,,N,51.6616931523585
1096,Trolley Trail,WEST_FAIRMOUNT,,,,MINOR,SOFT,EXISTING,,Y,Y,Y,N,N,N,N,0.01209817,,N,25.3814552633617
1097,Trolley Trail,WEST_FAIRMOUNT,,,,MINOR,SOFT,EXISTING,,Y,Y,Y,N,N,N,N,0.00932118,,N,19.5527910727705
1098,Trolley Trail,WEST_FAIRMOUNT,,,,MINOR,SOFT,EXISTING,,Y,Y,Y,N,N,N,N,0.00703527,,N,14.786776790611
1099,Trolley Trail,WEST_FAIRMOUNT,,,,MINOR,SOFT,EXISTING,,Y,Y,Y,N,N,N,N,0.01122459,,N,23.5916315259822
1100,Trolley Trail,WEST_FAIRMOUNT,,,,MINOR,SOFT,EXISTING,,Y,Y,Y,N,N,N,N,0.00616988,,N,12.9446298689186
1101,Trolley Trail,WEST_FAIRMOUNT,,,,MINOR,SOFT,EXISTING,,Y,Y,Y,N,N,N,N,0.0186105,,N,39.0950281522056
1102,Trolley Trail,WEST_FAIRMOUNT,,,,MINOR,SOFT,EXISTING,,Y,Y,Y,N,N,N,N,0.00341521,,N,7.16909462215642
1103,Trolley Trail,WEST_FAIRMOUNT,,,,MINOR,SOFT,EXISTING,,Y,Y,Y,N,N,N,N,0.00277195,,N,5.82939383921104
1104,Minor Trail,WEST_FAIRMOUNT,Brass Monkey,,,MINOR,SOFT,EXISTING,,Y,Y,Y,N,N,N,N,0.01647683,,N,34.6579175036005
1105,Minor Trail,WEST_FAIRMOUNT,,,,CONNECTOR,SOFT,EXISTING,,Y,Y,Y,N,N,N,N,0.02795807,,N,58.6849310477374
1106,Trolley Trail,WEST_FAIRMOUNT,,,,MINOR,SOFT,EXISTING,,Y,Y,Y,N,N,N,N,0.00954316,,N,20.0543975916187
1107,Minor Trail,WEST_FAIRMOUNT,Sampler,,,MINOR,SOFT,EXISTING,,Y,Y,Y,N,N,N,N,0.19041764,,N,400.386889610482
1108,Minor Trail,WEST_FAIRMOUNT,Sampler,,,MINOR,SOFT,EXISTING,,Y,Y,Y,N,N,N,N,0.07487144,,N,157.32577373438
1109,Trolley Trail,WEST_FAIRMOUNT,,,,MINOR,SOFT,EXISTING,,Y,Y,Y,N,N,N,N,0.02979339,,N,62.6605794705005
1110,Trolley Trail,WEST_FAIRMOUNT,,,,MINOR,SOFT,EXISTING,,Y,Y,Y,N,N,N,N,0.00932667,,N,19.5821071056728
1111,Minor Trail,WEST_FAIRMOUNT,,,,MINOR,SOFT,EXISTING,,Y,Y,Y,N,N,N,N,0.00623726,,N,13.1029379494516
1112,Trolley Trail,WEST_FAIRMOUNT,,,,MINOR,SOFT,EXISTING,,Y,Y,Y,N,N,N,N,0.02378828,,N,50.0457717438841
1113,Minor Trail,WEST_FAIRMOUNT,,,,CONNECTOR,SOFT,EXISTING,,Y,Y,Y,N,N,N,N,0.01562136,,N,32.7793866436265
1114,Belmont Cross Country Trail,WEST_FAIRMOUNT,,Belmont Cross Country Trail,,MINOR,SOFT,EXISTING,,Y,Y,Y,N,N,N,N,0.05346403,,N,112.226237982823
1115,Trolley Trail,WEST_FAIRMOUNT,,,,MINOR,SOFT,EXISTING,,Y,Y,Y,N,N,N,N,0.02391741,,N,50.3339466356773
1116,Trolley Trail,WEST_FAIRMOUNT,,Trolley Trail,,MINOR,SOFT,EXISTING,,Y,Y,Y,N,N,N,N,0.05321172,,N,111.912663909733
1117,Trolley Trail,WEST_FAIRMOUNT,,,,MINOR,SOFT,EXISTING,,Y,Y,Y,N,N,N,N,0.01607625,,N,33.7993691762284
1118,Trolley Trail,WEST_FAIRMOUNT,,,,MINOR,SOFT,EXISTING,,Y,Y,Y,N,N,N,N,0.01105032,,N,23.2327623410457
1119,Trolley Trail,WEST_FAIRMOUNT,,,,MINOR,SOFT,EXISTING,,Y,Y,Y,N,N,N,N,0.00904335,,N,19.0120098179931
1120,Trolley Trail,WEST_FAIRMOUNT,,,,MINOR,SOFT,EXISTING,,Y,Y,Y,N,N,N,N,0.00714737,,N,15.0315387993332
1121,Trolley Trail,WEST_FAIRMOUNT,,Trolley Trail,,MINOR,SOFT,EXISTING,,Y,Y,Y,N,N,N,N,0.07624075,,N,160.053442770428
1122,Trolley Trail,WEST_FAIRMOUNT,,,,MINOR,SOFT,EXISTING,,Y,Y,Y,N,N,N,N,0.01046813,,N,22.0432381102862
1123,Trolley Trail,WEST_FAIRMOUNT,,,,MINOR,SOFT,EXISTING,,Y,Y,Y,N,N,N,N,0.01302487,,N,27.4270086904458
1124,Trolley Trail,WEST_FAIRMOUNT,,,,MINOR,SOFT,EXISTING,,Y,Y,Y,N,N,N,N,0.01280459,,N,26.9339107485197
1125,Minor Trail,WEST_FAIRMOUNT,Kitchen Sink,,,MINOR,SOFT,EXISTING,,Y,Y,Y,N,N,N,N,1.00864181,,N,2121.1098032334
1126,Minor Trail,WEST_FAIRMOUNT,Brass Monkey,,,MINOR,SOFT,EXISTING,,Y,Y,Y,N,N,N,N,0.17070948,,N,358.595666158878
1127,Minor Trail,WEST_FAIRMOUNT,Brass Monkey,,,MINOR,SOFT,EXISTING,,Y,Y,Y,N,N,N,N,0.02933709,,N,61.5652124295295
1128,Trolley Trail,WEST_FAIRMOUNT,,Trolley Trail,,MINOR,SOFT,EXISTING,,Y,Y,Y,N,N,N,N,0.07402731,,N,155.560926712704
1129,Minor Trail,WEST_FAIRMOUNT,Short-n-Sweet,,,CONNECTOR,SOFT,EXISTING,,Y,Y,Y,N,N,N,N,0.01673598,,N,35.2392121400756
1130,Belmont Cross Country Trail,WEST_FAIRMOUNT,,,,MINOR,HARD,EXISTING,,Y,Y,Y,N,N,N,N,0.03877052,,N,81.5034687849199
1131,Belmont Cross Country Trail,WEST_FAIRMOUNT,,,,MINOR,SOFT,EXISTING,,Y,Y,Y,N,N,N,N,0.03224062,,N,67.6501207268336
1132,Trolley Trail,WEST_FAIRMOUNT,,,,MINOR,SOFT,EXISTING,,Y,Y,Y,N,N,N,N,0.02878948,,N,60.4274591345083
1133,Minor Trail,WEST_FAIRMOUNT,CX,,,CONNECTOR,SOFT,EXISTING,,Y,Y,Y,N,N,N,N,0.21875846,,N,459.88140109014
1134,Minor Trail,WEST_FAIRMOUNT,Sampler,,,MINOR,SOFT,EXISTING,,Y,Y,Y,N,N,N,N,0.01619196,,N,34.0782045922959
1135,Belmont Cross Country Trail,WEST_FAIRMOUNT,,Belmont Cross Country Trail,,MINOR,HARD,EXISTING,,Y,Y,Y,N,N,N,N,0.11597819,,N,244.023408036338
1136,Belmont Cross Country Trail,WEST_FAIRMOUNT,,,,MINOR,HARD,EXISTING,,Y,Y,Y,N,N,N,N,0.0076229,,N,15.9924789235361
1137,Minor Trail,WEST_FAIRMOUNT,,,,CONNECTOR,SOFT,EXISTING,,Y,Y,Y,N,N,N,N,0.00787975,,N,16.5782173578804
1138,Minor Trail,WEST_FAIRMOUNT,,,,CONNECTOR,SOFT,EXISTING,,Y,Y,Y,N,N,N,N,0.01234465,,N,25.9398556317142
1139,Trolley Trail,WEST_FAIRMOUNT,,,,MINOR,SOFT,EXISTING,,Y,Y,Y,N,N,N,N,0.01675217,,N,35.2565638240058
1140,Trolley Trail,WEST_FAIRMOUNT,,,,MINOR,SOFT,EXISTING,,Y,Y,Y,N,N,N,N,0.00994911,,N,20.9144585761219
1141,Minor Trail,WEST_FAIRMOUNT,Mousetrap,,,CONNECTOR,SOFT,EXISTING,,Y,Y,Y,N,N,N,N,0.05008212,,N,105.322350655547
1142,Trolley Trail,WEST_FAIRMOUNT,,Trolley Trail,,MINOR,SOFT,EXISTING,,Y,Y,Y,N,N,N,N,0.07153849,,N,150.155465133972
1143,Trolley Trail,WEST_FAIRMOUNT,,Trolley Trail,,MINOR,SOFT,EXISTING,,Y,Y,Y,N,N,N,N,0.05847475,,N,122.723069875664
1144,Trolley Trail,WEST_FAIRMOUNT,,,,MINOR,SOFT,EXISTING,,Y,Y,Y,N,N,N,N,0.01821281,,N,38.2195157072309
1145,Minor Trail,WEST_FAIRMOUNT,South Edgley,,,CONNECTOR,SOFT,EXISTING,,Y,Y,Y,N,N,N,N,0.05014412,,N,105.45768620199
1146,Minor Trail,WEST_FAIRMOUNT,Wild Mouse,,,MINOR,SOFT,EXISTING,,Y,Y,Y,N,N,N,N,0.79166005,,N,1663.61835904741
1147,Trolley Trail,WEST_FAIRMOUNT,,,,MINOR,SOFT,EXISTING,,Y,Y,Y,N,N,N,N,0.02174619,,N,45.646539871688
1148,Trolley Trail,WEST_FAIRMOUNT,,,,MINOR,SOFT,EXISTING,,Y,Y,Y,N,N,N,N,0.01454274,,N,30.5277348009436
1149,Trolley Trail,WEST_FAIRMOUNT,,,,MINOR,SOFT,EXISTING,,Y,Y,Y,N,N,N,N,0.00315699,,N,6.6279471989489
1150,Trolley Trail,WEST_FAIRMOUNT,,,,MINOR,SOFT,EXISTING,,Y,Y,Y,N,N,N,N,0.03631292,,N,76.2370108659545
1151,Trolley Trail,WEST_FAIRMOUNT,,,,MINOR,SOFT,EXISTING,,Y,Y,Y,N,N,N,N,0.01427688,,N,29.9640183233201
1152,Trolley Trail,WEST_FAIRMOUNT,,,,MINOR,SOFT,EXISTING,,Y,Y,Y,N,N,N,N,0.00684244,,N,14.3608327872592
1153,Trolley Trail,WEST_FAIRMOUNT,,,,MINOR,SOFT,EXISTING,,Y,Y,Y,N,N,N,N,0.00795703,,N,16.7000927202153
1154,Minor Trail,WEST_FAIRMOUNT,,,,CONNECTOR,SOFT,EXISTING,,Y,Y,Y,N,N,N,N,0.0510455,,N,107.369368634915
1155,Minor Trail,WEST_FAIRMOUNT,Three Dollar Bill,,,MINOR,SOFT,EXISTING,,Y,Y,Y,N,N,N,N,0.330761,,N,695.387383158758
1156,Minor Trail,WEST_FAIRMOUNT,Rose,,,MINOR,SOFT,EXISTING,,Y,Y,Y,N,N,N,N,0.07535491,,N,158.262170243152
1157,Minor Trail,EAST_FAIRMOUNT,,,,CONNECTOR,HARD,EXISTING,,Y,Y,N,N,N,N,N,0.00677551,,N,14.2174220364998
1158,Minor Trail,WEST_FAIRMOUNT,Mighty Mouse,,,MINOR,SOFT,EXISTING,,Y,Y,Y,N,N,N,N,0.61224163,,N,1286.94524176205
1159,Minor Trail,WEST_FAIRMOUNT,Mighty Mouse,,,CONNECTOR,SOFT,EXISTING,,Y,Y,Y,N,N,N,N,0.02583604,,N,54.3458669391155
1160,Trolley Trail,WEST_FAIRMOUNT,,Trolley Trail,,MINOR,SOFT,EXISTING,,Y,Y,Y,N,N,N,N,0.15740745,,N,330.388890508041
1161,Trolley Trail,WEST_FAIRMOUNT,,,,MINOR,SOFT,EXISTING,,Y,Y,Y,N,N,N,N,0.00889813,,N,18.6752412113691
1162,Minor Trail,WEST_FAIRMOUNT,Edgley-Chamounix Path,,,MINOR,SOFT,EXISTING,,Y,Y,Y,N,N,N,N,0.00654105,,N,13.748120697144
1163,Minor Trail,WEST_FAIRMOUNT,Edgley-Chamounix Path,,,CONNECTOR,SOFT,EXISTING,,Y,Y,Y,N,N,N,N,0.01751209,,N,36.835444023756
1164,Trolley Trail,WEST_FAIRMOUNT,,Trolley Trail,,MINOR,SOFT,EXISTING,,Y,Y,Y,N,N,N,N,0.17208937,,N,361.980021744829
1165,Minor Trail,WEST_FAIRMOUNT,Rose,,,MINOR,SOFT,EXISTING,,Y,Y,Y,N,N,N,N,0.02756427,,N,57.9788706818296
1166,Trolley Trail,WEST_FAIRMOUNT,,,,MINOR,SOFT,EXISTING,,Y,Y,Y,N,N,N,N,0.01149111,,N,24.1955686555271
1167,Minor Trail,WEST_FAIRMOUNT,John Brown,,,MINOR,SOFT,EXISTING,,Y,Y,Y,N,N,N,N,0.40662839,,N,854.492984296613
1168,Minor Trail,WEST_FAIRMOUNT,John Brown,,,MINOR,SOFT,EXISTING,,Y,Y,Y,N,N,N,N,0.00543976,,N,11.4338279957176
1169,Minor Trail,WEST_FAIRMOUNT,John Brown,,,CONNECTOR,SOFT,EXISTING,,Y,Y,Y,N,N,N,N,0.00464609,,N,9.78414027753992
1170,Minor Trail,WEST_FAIRMOUNT,John Brown,,,MINOR,SOFT,EXISTING,,Y,Y,Y,N,N,N,N,0.04793631,,N,100.771751453168
1171,Minor Trail,WEST_FAIRMOUNT,Rose,,,MINOR,SOFT,EXISTING,,Y,Y,Y,N,N,N,N,0.07604729,,N,160.028709318931
1172,Trolley Trail,WEST_FAIRMOUNT,,Trolley Trail,,MINOR,SOFT,EXISTING,,Y,Y,Y,N,N,N,N,0.09048631,,N,190.518632510685
1173,Minor Trail,WEST_FAIRMOUNT,Rose,,,MINOR,SOFT,EXISTING,,Y,Y,Y,N,N,N,N,0.0760452,,N,159.741737552524
1174,Minor Trail,WEST_FAIRMOUNT,Rose,,,MINOR,SOFT,EXISTING,,Y,Y,Y,N,N,N,N,0.12874336,,N,270.584381560977
1175,Trolley Trail,WEST_FAIRMOUNT,,,,MINOR,SOFT,EXISTING,,Y,Y,Y,N,N,N,N,0.00383757,,N,8.06246436204897
1176,Trolley Trail,WEST_FAIRMOUNT,,,,MINOR,SOFT,EXISTING,,Y,Y,Y,N,N,N,N,0.02662297,,N,55.9586584776598
1177,Minor Trail,WEST_FAIRMOUNT,Rose,,,MINOR,SOFT,EXISTING,,Y,Y,Y,N,N,N,N,0.06740703,,N,141.551409410987
1178,Minor Trail,WEST_FAIRMOUNT,Wild Mouse,,,MINOR,SOFT,EXISTING,,Y,Y,Y,N,N,N,N,0.02614643,,N,54.9118834646983
1179,Minor Trail,WEST_FAIRMOUNT,Wild Mouse,,,MINOR,SOFT,EXISTING,,Y,Y,Y,N,N,N,N,0.13049563,,N,274.549017063469
1180,Trolley Trail,WEST_FAIRMOUNT,,Trolley Trail,,MINOR,SOFT,EXISTING,,Y,Y,Y,N,N,N,N,0.09255865,,N,194.307048910305
1181,Minor Trail,WEST_FAIRMOUNT,Old Trolley Line,,,CONNECTOR,SOFT,EXISTING,,Y,Y,Y,N,N,N,N,0.00345268,,N,7.26712114169293
1182,Trolley Trail,WEST_FAIRMOUNT,,,,MINOR,SOFT,EXISTING,,Y,Y,Y,N,N,N,N,0.01380431,,N,28.9938832312854
1183,Trolley Trail,WEST_FAIRMOUNT,,,,MINOR,SOFT,EXISTING,,Y,Y,Y,N,N,N,N,0.00729908,,N,15.3289597816376
1184,Trolley Trail,WEST_FAIRMOUNT,,,,MINOR,SOFT,EXISTING,,Y,Y,Y,N,N,N,N,0.04290139,,N,90.1861389000278
1185,Trolley Trail,WEST_FAIRMOUNT,,,,MINOR,SOFT,EXISTING,,Y,Y,Y,N,N,N,N,0.01972287,,N,41.4429886108042
1186,Trolley Trail,WEST_FAIRMOUNT,,,,MINOR,SOFT,EXISTING,,Y,Y,Y,N,N,N,N,0.0157257,,N,33.0599964523177
1187,Minor Trail,WEST_FAIRMOUNT,,,,CONNECTOR,SOFT,EXISTING,,Y,Y,Y,N,N,N,N,0.04695981,,N,98.5986564673042
1188,Trolley Trail,WEST_FAIRMOUNT,,,,MINOR,SOFT,EXISTING,,Y,Y,Y,N,N,N,N,0.04286801,,N,90.0408304694798
1189,Minor Trail,WEST_FAIRMOUNT,Edgley-Chamounix Path,,,MINOR,SOFT,ON_STREET,,Y,Y,Y,N,N,N,N,0.00832233,,N,17.5273177206543
1190,Minor Trail,WEST_FAIRMOUNT,,,,CONNECTOR,SOFT,EXISTING,,Y,Y,Y,N,N,N,N,0.01013523,,N,21.2725224015016
1191,Belmont Cross Country Trail,WEST_FAIRMOUNT,,Belmont Cross Country Trail,,MINOR,HARD,EXISTING,,Y,Y,Y,N,N,N,N,0.15451533,,N,324.549057564186
1192,Minor Trail,EAST_FAIRMOUNT,,,,MINOR,HARD,EXISTING,,Y,Y,N,N,N,N,N,0.00516898,,N,10.8598201126587
1193,Minor Trail,WEST_FAIRMOUNT,420,,,MINOR,SOFT,EXISTING,,Y,Y,Y,N,N,N,N,0.05003415,,N,105.161505821341
1194,Trolley Trail,WEST_FAIRMOUNT,,Trolley Trail,,MINOR,SOFT,EXISTING,,Y,Y,Y,N,N,N,N,0.05935869,,N,124.553892644434
1195,Minor Trail,WEST_FAIRMOUNT,,,,CONNECTOR,SOFT,EXISTING,,Y,Y,Y,N,N,N,N,0.01853465,,N,38.9721727742456
1196,Trolley Trail,WEST_FAIRMOUNT,,,,MINOR,SOFT,EXISTING,,Y,Y,Y,N,N,N,N,0.01809129,,N,37.9708545676119
1197,Minor Trail,WEST_FAIRMOUNT,,,,CONNECTOR,SOFT,EXISTING,,Y,Y,Y,N,N,N,N,0.08430568,,N,176.944165546441
1198,Trolley Trail,WEST_FAIRMOUNT,,Trolley Trail,,MINOR,SOFT,EXISTING,,Y,Y,Y,N,N,N,N,0.10875096,,N,228.483638100507
1199,Minor Trail,WEST_FAIRMOUNT,,,,CONNECTOR,SOFT,EXISTING,,Y,Y,Y,N,N,N,N,0.03728754,,N,78.2379373229309
1200,Minor Trail,WEST_FAIRMOUNT,Wild Mouse,,,MINOR,SOFT,EXISTING,,Y,Y,Y,N,N,N,N,0.11973746,,N,251.622703538767
1201,Minor Trail,WEST_FAIRMOUNT,Wild Mouse,,,MINOR,SOFT,EXISTING,,Y,Y,Y,N,N,N,N,0.08212222,,N,172.538616735
1202,Minor Trail,WEST_FAIRMOUNT,,,,CONNECTOR,SOFT,EXISTING,,Y,Y,Y,N,N,N,N,0.02208092,,N,46.4584325573154
1203,Minor Trail,WEST_FAIRMOUNT,Wild Mouse,,,MINOR,SOFT,EXISTING,,Y,Y,Y,N,N,N,N,0.01269978,,N,26.7439616630598
1204,Minor Trail,WEST_FAIRMOUNT,Wild Mouse,,,MINOR,SOFT,EXISTING,,Y,Y,Y,N,N,N,N,0.06709004,,N,141.197476246194
1205,Minor Trail,WEST_FAIRMOUNT,Wild Mouse,,,MINOR,SOFT,EXISTING,,Y,Y,Y,N,N,N,N,0.00600008,,N,12.6050648765037
1206,Wooden Bridge Trail,PENNYPACK_HOLME,,Wooden Bridge Trail,,MINOR,SOFT,EXISTING,,Y,Y,Y,N,N,N,N,0.06531561,,N,137.600295115346
1207,Wissahickon EEC Driveway,WISSAHICKON_ANDORRA,EEC Driveway,,,MINOR,HARD,EXISTING,,Y,Y,Y,N,N,N,N,0.04078908,,N,85.99949448111
1208,Minor Trail,WISSAHICKON_ANDORRA,Green Trail,,,MINOR,SOFT,EXISTING,,Y,N,Y,N,N,N,N,0.04163055,,N,87.6625913634989
1209,Azalea Garden Path,EAST_FAIRMOUNT,,,,MINOR,HARD,EXISTING,,Y,Y,N,N,N,N,N,0.01007653,,N,21.1767470002941
1210,Trolley Trail Gateway,WEST_FAIRMOUNT,,,,CONNECTOR,SOFT,EXISTING,,Y,Y,Y,N,N,N,N,0.03640653,,N,76.5786990175658
1211,Minor Trail,WEST_FAIRMOUNT,Wild Mouse,,,MINOR,SOFT,EXISTING,,Y,Y,Y,N,N,N,N,0.20081424,,N,422.101727969212
1212,Minor Trail,WEST_FAIRMOUNT,Wild Mouse,,,MINOR,SOFT,EXISTING,,Y,Y,Y,N,N,N,N,0.0272563,,N,57.2899018465068
1213,Minor Trail,WEST_FAIRMOUNT,Wild Mouse,,,MINOR,SOFT,EXISTING,,Y,Y,Y,N,N,N,N,0.17349693,,N,364.431075158202
1214,Trolley Trail,WEST_FAIRMOUNT,,,,MINOR,SOFT,EXISTING,,Y,Y,Y,N,N,N,N,0.03430763,,N,72.1013285914471
1215,Trolley Trail,WEST_FAIRMOUNT,,Trolley Trail,,MINOR,SOFT,EXISTING,,Y,Y,Y,N,N,N,N,0.19360436,,N,406.460942378326
1216,Minor Trail,WEST_FAIRMOUNT,Hostel Trail,,,MINOR,SOFT,EXISTING,,Y,Y,Y,N,N,N,N,0.04548561,,N,95.454515827172
1217,Trolley Trail - Falls Road Connector,WEST_FAIRMOUNT,,Falls Road Connector,,CONNECTOR,SOFT,EXISTING,,Y,Y,Y,N,N,N,N,0.05248194,,N,110.237595473906
1218,Roberts Hollow Connector,WEST_FAIRMOUNT,,Roberts Hollow Connector,,MINOR,SOFT,EXISTING,,Y,Y,Y,Y,N,N,N,0.29424419,,N,618.454376456081
1219,Minor Trail,WEST_FAIRMOUNT,Skew Arch Bridge Connector,,,MINOR,SOFT,EXISTING,,Y,Y,Y,N,N,N,N,0.01117837,,N,23.5369860419885
1220,Trolley Trail,WEST_FAIRMOUNT,,Trolley Trail,,MINOR,SOFT,EXISTING,,Y,Y,Y,N,N,N,N,0.46923048,,N,987.124214067875
1221,Minor Trail,SCHUYLKILL_RIVER_PARK,,,,CONNECTOR,HARD,EXISTING,,Y,Y,Y,N,N,N,N,0.00326304,,N,6.84830159300708
1222,58th Street Greenway,OTHER,,58th Street Greenway,,MINOR,HARD,EXISTING,,Y,Y,Y,Y,Y,N,N,0.1838363,,Y,386.046660762707
1223,Minor Trail,EAST_FAIRMOUNT,,,,MINOR,HARD,EXISTING,,Y,Y,N,N,N,N,N,0.02234605,,N,46.9088276376674
1224,Minor Trail,EAST_FAIRMOUNT,,,,MINOR,HARD,EXISTING,,Y,Y,N,N,N,N,N,0.01138395,,N,23.9668003841044
1225,Tacony Creek Trail,TACONY_FRANKFORD,,Tacony Creek Trail,,MAJOR,HARD,EXISTING,,Y,Y,Y,Y,N,N,N,0.27690243,,N,582.576553126617
1226,Grays Ferry Crescent,SRT_SCHUYLKILL_BANKS,,,,MAJOR,HARD,EXISTING,,Y,Y,N,Y,Y,Y,N,0.02804628,,N,58.8790734208426
1227,Grays Ferry Crescent,SRT_SCHUYLKILL_BANKS,,Schuylkill River Trail,,MAJOR,HARD,EXISTING,,Y,Y,N,Y,Y,Y,N,0.18944394,,N,397.473690847379
1228,Poquessing Creek Trail,POQUESSING,,Poquessing Creek Trail,,MAJOR,HARD,EXISTING,,Y,Y,Y,N,N,N,N,0.44901511,,N,945.790416172546
1229,Poquessing Creek Trail,POQUESSING,,Poquessing Creek Trail,,MAJOR,HARD,EXISTING,,Y,Y,Y,N,N,N,N,0.06938202,,N,145.902027044846
1230,Poquessing Creek Trail,POQUESSING,,Poquessing Creek Trail,,MAJOR,HARD,EXISTING,,Y,Y,Y,N,N,N,N,0.39653114,,N,834.148681047273
1231,Minor Trail,WEST_FAIRMOUNT,Rose,,,MINOR,SOFT,EXISTING,,Y,Y,Y,N,N,N,N,0.10539773,,N,221.708238347642
1232,Minor Trail,WEST_FAIRMOUNT,Rose,,,MINOR,SOFT,EXISTING,,Y,Y,Y,N,N,N,N,0.14106245,,N,296.75099412684
1233,Minor Trail,FDR,,,,MINOR,HARD,EXISTING,,Y,Y,Y,N,N,N,N,0.12189662,,N,255.79749392894
1234,Tidal Schuylkill River Trail,SRT_TIDAL,Tidal Schuylkill River Trail - 56th to 61st,Schuylkill River Trail,,MAJOR,HARD,EXISTING,,Y,Y,N,Y,N,Y,N,0.35178892,New alignment about to be opened in October 2021.,N,740.049349765361
1235,Minor Trail,BARTRAMS,,,,CONNECTOR,HARD,EXISTING,,Y,Y,N,N,N,N,N,0.00870048,,N,18.2918337690489
1236,Minor Trail,BARTRAMS,,,,CONNECTOR,HARD,EXISTING,,Y,Y,N,N,N,N,N,0.00807021,,N,16.9363402254082
1237,Minor Trail,BARTRAMS,,,,MINOR,HARD,EXISTING,,Y,Y,N,N,N,N,N,0.02453016,,N,51.4508155102628
1238,Minor Trail,BARTRAMS,,,,CONNECTOR,HARD,EXISTING,,Y,Y,N,N,N,N,N,0.00859091,,N,18.0179281503984
1239,Bartrams Mile,BARTRAMS,,,,MAJOR,HARD,EXISTING,,Y,Y,N,Y,N,Y,N,0.01032827,,N,21.7141550372434
1240,Minor Trail,BARTRAMS,,,,MINOR,HARD,EXISTING,,Y,Y,N,N,N,N,N,0.01136829,,N,23.8896741625254
1241,Bartrams Mile,BARTRAMS,,,,MAJOR,HARD,EXISTING,,Y,Y,N,Y,N,Y,N,0.01766837,,N,37.1649308654691
1242,Minor Trail,BARTRAMS,,,,CONNECTOR,HARD,EXISTING,,Y,Y,N,N,N,N,N,0.01907928,,N,40.1158461421721
1243,Minor Trail,BARTRAMS,,,,MINOR,HARD,EXISTING,,Y,Y,N,N,N,N,N,0.01013236,,N,21.2508976729514
1244,Minor Trail,BARTRAMS,,,,MINOR,HARD,EXISTING,,Y,Y,N,N,N,N,N,0.01440825,,N,30.2201127376928
1245,Minor Trail,BARTRAMS,,,,MINOR,HARD,EXISTING,,Y,Y,N,N,N,N,N,0.01654079,,N,34.6926353210531
1246,Minor Trail,BARTRAMS,,,,MINOR,HARD,EXISTING,,Y,Y,N,N,N,N,N,0.01852874,,N,38.864057302342
1247,Minor Trail,BARTRAMS,,,,MINOR,HARD,EXISTING,,Y,Y,N,N,N,N,N,0.01574611,,N,33.0184605325507
1248,Minor Trail,BARTRAMS,,,,CONNECTOR,HARD,EXISTING,,Y,Y,N,N,N,N,N,0.00897666,,N,18.877465075621
1249,Minor Trail,BARTRAMS,,,,MINOR,HARD,EXISTING,,Y,Y,N,N,N,N,N,0.00897164,,N,18.8672203015333
1250,Minor Trail,BARTRAMS,,,,MINOR,HARD,EXISTING,,Y,Y,N,N,N,N,N,0.00222599,,N,4.68094525632217
1251,Minor Trail,BARTRAMS,,,,CONNECTOR,HARD,EXISTING,,Y,Y,N,N,N,N,N,0.00601422,,N,12.6470288764864
1252,Minor Trail,BARTRAMS,,,,CONNECTOR,HARD,EXISTING,,Y,Y,N,N,N,N,N,0.02248632,,N,47.2788522186143
1253,Minor Trail,BARTRAMS,,,,MINOR,SOFT,EXISTING,,Y,Y,N,N,N,N,N,0.05759051,,N,120.835650721244
1254,Minor Trail,BARTRAMS,,,,MINOR,SOFT,EXISTING,,Y,Y,N,N,N,N,N,0.02084676,,N,43.7378036927193
1255,Minor Trail,BARTRAMS,,,,MINOR,SOFT,EXISTING,,Y,Y,N,N,N,N,N,0.02556256,,N,53.7032649407457
1256,Minor Trail,BARTRAMS,,,,MINOR,SOFT,EXISTING,,Y,Y,N,N,N,N,N,0.01809087,,N,38.0420897319687
1257,Bartrams Mile,BARTRAMS,,Schuylkill River Trail,,MAJOR,HARD,EXISTING,,Y,Y,N,Y,N,Y,N,0.07465468,,N,156.946424465374
1258,Grays Ferry Crescent,SRT_SCHUYLKILL_BANKS,,,,MAJOR,HARD,EXISTING,,Y,Y,N,Y,Y,Y,N,0.0253574,,N,53.3344996294294
1259,Minor Trail,SRT_SCHUYLKILL_BANKS,,,,MINOR,HARD,EXISTING,,Y,Y,N,N,Y,N,N,0.01656211,,N,34.8377746950392
1260,Grays Ferry Crescent,SRT_SCHUYLKILL_BANKS,,,,MAJOR,HARD,EXISTING,,Y,Y,N,Y,Y,Y,N,0.02969684,,N,62.4710937602785
1261,Grays Ferry Crescent,SRT_SCHUYLKILL_BANKS,,,,MAJOR,HARD,EXISTING,,Y,Y,N,Y,Y,Y,N,0.01283045,,N,26.9901158241358
1262,Minor Trail,SRT_SCHUYLKILL_BANKS,,,,MINOR,HARD,EXISTING,,Y,Y,N,N,Y,N,N,0.01476186,,N,30.9450730996986
1263,Minor Trail,SRT_SCHUYLKILL_BANKS,,,,MINOR,HARD,EXISTING,,Y,Y,N,N,Y,N,N,0.00275486,,N,5.77587591764017
1264,Grays Ferry Crescent,SRT_SCHUYLKILL_BANKS,,,,MAJOR,HARD,EXISTING,,Y,Y,N,Y,Y,Y,N,0.02362065,,N,49.6971199504521
1265,Minor Trail,FDR,,,,CONNECTOR,HARD,EXISTING,,Y,Y,Y,N,N,N,N,0.01375339,,N,28.8224001886275
1266,Minor Trail,FDR,,,,CONNECTOR,HARD,EXISTING,,Y,Y,Y,N,N,N,N,0.01980916,,N,41.5119098212951
1267,Minor Trail,FDR,,,,MINOR,HARD,EXISTING,,Y,Y,Y,N,N,N,N,0.0138629,,N,29.14774977996
1268,Minor Trail,FDR,,,,MINOR,HARD,EXISTING,,Y,Y,Y,N,N,N,N,0.01972134,,N,41.3444188302856
1269,Minor Trail,FDR,,,,MINOR,HARD,EXISTING,,Y,Y,Y,N,N,N,N,0.01117669,,N,23.4343877583635
1270,Bartrams Mile,BARTRAMS,,,,MAJOR,HARD,EXISTING,,Y,Y,N,Y,N,Y,N,0.01001837,,N,21.0623012195761
1271,Minor Trail,BARTRAMS,,,,MINOR,HARD,EXISTING,,Y,Y,N,N,N,N,N,0.01958501,,N,41.1821853647747
1272,Minor Trail,COBBS_LOWER,,,,MINOR,SOFT,EXISTING,,Y,Y,Y,N,N,N,N,0.066371,,N,139.245393707776
1273,Minor Trail,SCHUYLKILL_RIVER_PARK,,,,MINOR,HARD,EXISTING,,Y,Y,Y,N,N,N,N,0.01775231,,N,37.2931944973606
1274,Minor Trail,SCHUYLKILL_RIVER_PARK,,,,MINOR,HARD,EXISTING,,Y,Y,Y,N,N,N,N,0.01052652,,N,22.0630207143231
1275,Minor Trail,SCHUYLKILL_RIVER_PARK,,,,MINOR,HARD,EXISTING,,Y,Y,Y,N,N,N,N,0.01454032,,N,30.5656096572856
1276,Minor Trail,SCHUYLKILL_RIVER_PARK,,,,MINOR,HARD,EXISTING,,Y,Y,Y,N,N,N,N,0.01187479,,N,24.8940253765284
1277,Minor Trail,SCHUYLKILL_RIVER_PARK,,,,MINOR,HARD,EXISTING,,Y,Y,Y,N,N,N,N,0.00593526,,N,12.4352238566212
1278,Minor Trail,SCHUYLKILL_RIVER_PARK,,,,CONNECTOR,HARD,EXISTING,,Y,Y,Y,N,N,N,N,0.00518008,,N,10.8744838123179
1279,Minor Trail,SCHUYLKILL_RIVER_PARK,,,,CONNECTOR,HARD,EXISTING,,Y,Y,Y,N,N,N,N,0.00282814,,N,5.93879128392108
1280,Minor Trail,SCHUYLKILL_RIVER_PARK,,,,MINOR,HARD,EXISTING,,Y,Y,Y,N,N,N,N,0.0106843,,N,22.3964423551665
1281,Minor Trail,SCHUYLKILL_RIVER_PARK,,,,MINOR,HARD,EXISTING,,Y,Y,Y,N,N,N,N,0.00985417,,N,20.6748558897055
1282,Minor Trail,SCHUYLKILL_RIVER_PARK,,,,MINOR,HARD,EXISTING,,Y,Y,Y,N,N,N,N,0.0099773,,N,20.9252737813581
1283,Minor Trail,SCHUYLKILL_RIVER_PARK,,,,MINOR,HARD,EXISTING,,Y,Y,Y,N,N,N,N,0.01572155,,N,33.0241356486764
1284,Minor Trail,SCHUYLKILL_RIVER_PARK,,,,MINOR,HARD,EXISTING,,Y,Y,Y,N,N,N,N,0.01191468,,N,25.0659986765646
1285,Minor Trail,SCHUYLKILL_RIVER_PARK,,,,CONNECTOR,HARD,EXISTING,,Y,Y,Y,N,N,N,N,0.00351143,,N,7.38970533126331
1286,Minor Trail,SCHUYLKILL_RIVER_PARK,,,,CONNECTOR,HARD,EXISTING,,Y,Y,Y,N,N,N,N,0.00857597,,N,17.9911178617593
1287,Minor Trail,SCHUYLKILL_RIVER_PARK,,,,CONNECTOR,HARD,EXISTING,,Y,Y,Y,N,N,N,N,0.00375975,,N,7.90391111235938
1288,Minor Trail,SCHUYLKILL_RIVER_PARK,,,,CONNECTOR,HARD,EXISTING,,Y,Y,Y,N,N,N,N,0.01574375,,N,33.0624970586979
1289,Minor Trail,SCHUYLKILL_RIVER_PARK,,,,CONNECTOR,HARD,EXISTING,,Y,Y,Y,N,N,N,N,0.00611202,,N,12.8624909629837
1290,Minor Trail,SCHUYLKILL_RIVER_PARK,,,,MINOR,HARD,EXISTING,,Y,Y,Y,N,N,N,N,0.01730424,,N,36.3380932243057
1291,Cobbs Creek Trail,COBBS_LOWER,,Cobbs Creek Trail,,MAJOR,HARD,EXISTING,,Y,Y,Y,Y,N,N,N,0.70063292,,N,1473.02128838569
1292,Minor Trail,COBBS_LOWER,,,,MINOR,SOFT,EXISTING,,Y,Y,Y,N,N,N,N,0.03603168,,N,75.6431413238308
1293,Schuylkill Banks,SRT_SCHUYLKILL_BANKS,,,,MAJOR,HARD,EXISTING,,Y,Y,N,Y,Y,Y,N,0.03871829,,Y,81.4409829276085
1294,Schuylkill Banks,SRT_SCHUYLKILL_BANKS,,,,MAJOR,HARD,EXISTING,,Y,Y,N,Y,Y,Y,N,0.02786009,,Y,58.6056407405464
1295,Schuylkill Banks,SRT_SCHUYLKILL_BANKS,,,,MAJOR,HARD,EXISTING,,Y,Y,N,Y,Y,Y,N,0.01905753,,Y,40.0946920697605
1296,Minor Trail,SRT_SCHUYLKILL_BANKS,,,,CONNECTOR,HARD,EXISTING,,Y,Y,N,N,N,N,N,0.01512505,,Y,31.8245804259559
1297,Minor Trail,SRT_SCHUYLKILL_BANKS,,,,CONNECTOR,HARD,EXISTING,,Y,Y,N,N,N,N,N,0.00393213,,Y,8.24599988326808
1298,Minor Trail,SRT_SCHUYLKILL_BANKS,,,,MINOR,HARD,EXISTING,,Y,Y,N,N,N,N,N,0.01558516,,Y,32.788065759228
1299,Schuylkill Banks,SRT_SCHUYLKILL_BANKS,,,,MAJOR,HARD,EXISTING,,Y,Y,N,Y,Y,Y,N,0.0022232,,N,4.66203100431214
1300,Schuylkill Banks,SRT_SCHUYLKILL_BANKS,,Schuylkill River Trail,,MAJOR,HARD,EXISTING,,Y,Y,N,Y,Y,Y,N,0.07588124,,Y,159.664505646379
1301,Cobbs Creek Trail,COBBS_LOWER,,Cobbs Creek Trail,,MAJOR,HARD,EXISTING,,Y,Y,Y,Y,N,N,N,0.37993946,,N,799.640914477275
1302,Schuylkill Banks,SRT_SCHUYLKILL_BANKS,,Schuylkill River Trail,,MAJOR,HARD,EXISTING,,Y,Y,N,Y,Y,Y,N,0.17731294,,Y,373.148264424457
1303,Schuylkill Banks,SRT_SCHUYLKILL_BANKS,,,,MAJOR,HARD,EXISTING,,Y,Y,N,Y,Y,Y,N,0.0127368,,Y,26.7976032322614
1304,Minor Trail,SRT_SCHUYLKILL_BANKS,,,,MINOR,HARD,EXISTING,,Y,Y,N,N,N,N,N,0.03940305,,N,82.849985209136
1305,Minor Trail,SRT_SCHUYLKILL_BANKS,,,,MINOR,HARD,EXISTING,,Y,Y,N,N,N,N,N,0.00331012,,Y,6.96337885873604
1306,Schuylkill Banks,SRT_SCHUYLKILL_BANKS,,,,MAJOR,HARD,EXISTING,,Y,Y,N,Y,Y,Y,N,0.0111201,,Y,23.4069115368821
1307,Minor Trail,EAST_FAIRMOUNT,,,,MINOR,HARD,EXISTING,,Y,Y,N,N,N,N,N,0.01016963,,N,21.3415004186822
1308,Minor Trail,EAST_FAIRMOUNT,,,,MINOR,HARD,EXISTING,,Y,Y,N,N,N,N,N,0.01933663,,N,40.6362482745528
1309,Kelly Drive Trail,EAST_FAIRMOUNT,,,,MAJOR,HARD,EXISTING,,Y,Y,N,Y,Y,Y,N,0.01487388,,Y,31.2692332734923
1310,Minor Trail,EAST_FAIRMOUNT,,,,MINOR,HARD,EXISTING,,Y,Y,N,N,N,N,N,0.00677618,,N,14.1987037459413
1311,Minor Trail,EAST_FAIRMOUNT,,,,MINOR,HARD,EXISTING,,Y,Y,N,N,N,N,N,0.00681143,,N,14.3071543560074
1312,Minor Trail,EAST_FAIRMOUNT,,,,CONNECTOR,HARD,EXISTING,,Y,Y,N,N,N,N,N,0.00757415,,N,15.8913380804725
1313,Minor Trail,EAST_FAIRMOUNT,,,,MINOR,HARD,EXISTING,,Y,Y,N,N,N,N,N,0.01596502,,N,33.6115451731371
1314,Kelly Drive Trail,EAST_FAIRMOUNT,,,,MAJOR,HARD,EXISTING,,Y,Y,N,Y,Y,Y,N,0.01616031,,Y,34.000233471606
1315,Minor Trail,EAST_FAIRMOUNT,,,,MINOR,HARD,EXISTING,,Y,Y,N,N,N,N,N,0.00311855,,N,6.5396002303924
1316,Minor Trail,EAST_FAIRMOUNT,,,,MINOR,HARD,EXISTING,,Y,Y,N,N,N,N,N,0.01377235,,N,28.9394130433895
1317,Minor Trail,EAST_FAIRMOUNT,,,,MINOR,HARD,EXISTING,,Y,Y,N,N,N,N,N,0.0260445,,N,54.6930413267777
1318,Minor Trail,EAST_FAIRMOUNT,,,,MINOR,HARD,EXISTING,,Y,Y,N,N,N,N,N,0.02513665,,N,52.8222690521263
1319,Minor Trail,EAST_FAIRMOUNT,,,,MINOR,HARD,EXISTING,,Y,Y,N,N,N,N,N,0.00432748,,N,9.11035109563064
1320,Minor Trail,EAST_FAIRMOUNT,,,,MINOR,HARD,EXISTING,,Y,Y,N,N,N,N,N,0.00830961,,N,17.4599701481005
1321,Minor Trail,EAST_FAIRMOUNT,,,,MINOR,HARD,EXISTING,,Y,Y,N,N,N,N,N,0.00459521,,N,9.63590795096033
1322,Minor Trail,EAST_FAIRMOUNT,,,,MINOR,HARD,EXISTING,,Y,Y,N,N,N,N,N,0.0502162,,N,105.508709804768
1323,Minor Trail,EAST_FAIRMOUNT,,,,CONNECTOR,HARD,EXISTING,,Y,Y,N,N,N,N,N,0.01122181,,N,23.5800753352317
1324,Minor Trail,EAST_FAIRMOUNT,,,,MINOR,HARD,EXISTING,,Y,Y,N,N,N,N,N,0.00958612,,N,20.1093117826129
1325,Minor Trail,EAST_FAIRMOUNT,,,,MINOR,HARD,EXISTING,,Y,Y,N,N,N,N,N,0.00642426,,N,13.4660155320963
1326,Minor Trail,EAST_FAIRMOUNT,,,,MINOR,HARD,EXISTING,,Y,Y,N,N,N,N,N,0.02088736,,N,43.8866566349369
1327,Kelly Drive Trail,EAST_FAIRMOUNT,"Waterworks Drive, Seahorse Circle",,,MINOR,HARD,EXISTING,,Y,Y,N,Y,Y,N,N,0.00481413,,N,10.1017506788954
1328,Kelly Drive Trail,EAST_FAIRMOUNT,"Waterworks Drive, Seahorse Circle",,,MINOR,HARD,EXISTING,,Y,Y,N,Y,Y,N,N,0.01102026,,N,23.1561197856189
1329,Kelly Drive Trail,EAST_FAIRMOUNT,,,,MAJOR,HARD,EXISTING,,Y,Y,N,Y,Y,Y,N,0.0374623,,Y,78.8425857101501
1330,Minor Trail,EAST_FAIRMOUNT,,,,MINOR,HARD,EXISTING,,Y,Y,N,N,N,N,N,0.07078583,,N,148.704646267767
1331,Minor Trail,EAST_FAIRMOUNT,,,,MINOR,HARD,EXISTING,,Y,Y,N,N,N,N,N,0.04783541,,N,100.534896031717
1332,Minor Trail,EAST_FAIRMOUNT,,,,MINOR,SOFT,EXISTING,,Y,Y,N,N,N,N,N,0.04561512,,N,95.9131737029924
1333,Minor Trail,EAST_FAIRMOUNT,,,,MINOR,HARD,EXISTING,,Y,Y,N,N,N,N,N,0.01422336,,N,29.8947650732782
1334,Minor Trail,EAST_FAIRMOUNT,,,,MINOR,HARD,EXISTING,,Y,Y,N,N,N,N,N,0.00214403,,N,4.5039834858278
1335,Minor Trail,OTHER,,,,MINOR,HARD,EXISTING,,Y,Y,Y,N,N,N,N,0.09201842,,N,193.49460631918
1336,Minor Trail,COBBS_HADDINGTON,,,,CONNECTOR,SOFT,EXISTING,,Y,Y,Y,N,N,N,N,0.0146364,,N,30.8088924093604
1337,Minor Trail,COBBS_HADDINGTON,,,,CONNECTOR,SOFT,EXISTING,,Y,Y,Y,N,N,N,N,0.0732892,,N,153.706994354251
1338,Minor Trail,EAST_FAIRMOUNT,,,,MINOR,HARD,EXISTING,,Y,Y,N,N,N,N,N,0.0531965,,N,111.990465701047
1339,Minor Trail,OTHER,,,,MINOR,SOFT,EXISTING,,Y,Y,Y,N,N,N,N,0.00466875,,N,9.80053307917377
1340,Minor Trail,COBBS_CARROLL,,,,MINOR,SOFT,EXISTING,,Y,N,N,N,N,N,N,0.02318288,,N,48.6478910300016
1341,Minor Trail,COBBS_CARROLL,,,,MINOR,SOFT,EXISTING,,Y,N,N,N,N,N,N,0.01642734,,N,34.5809725897663
1342,Minor Trail,COBBS_CARROLL,,,,MINOR,SOFT,EXISTING,,Y,N,N,N,N,N,N,0.01969875,,N,41.3290271887421
1343,Minor Trail,COBBS_CARROLL,,,,MINOR,SOFT,EXISTING,,Y,N,N,N,N,N,N,0.00454826,,N,9.57591554874891
1344,Minor Trail,COBBS_CARROLL,,,,MINOR,SOFT,EXISTING,,Y,N,N,N,N,N,N,0.00905513,,N,19.0027301032565
1345,Minor Trail,MORRIS,,,,MINOR,SOFT,EXISTING,,Y,Y,N,N,N,N,N,0.05322321,,N,111.964908403722
1346,East Fairmount Greenway,EAST_FAIRMOUNT,,,,CONNECTOR,HARD,EXISTING,,Y,Y,Y,N,N,N,N,0.00369141,,N,7.7727440814869
1347,Minor Trail,MORRIS,,,,MINOR,SOFT,EXISTING,,Y,Y,N,N,N,N,N,0.0279437,,N,58.6983906376939
1348,Minor Trail,MORRIS,,,,MINOR,SOFT,EXISTING,,Y,Y,N,N,N,N,N,0.03698676,,N,77.8571418521824
1349,Trolley Trail,WEST_FAIRMOUNT,,,,MINOR,SOFT,EXISTING,,Y,Y,Y,N,N,N,N,0.00642396,,N,13.518766616825
1350,Trolley Trail,WEST_FAIRMOUNT,,,,MINOR,SOFT,EXISTING,,Y,Y,Y,N,N,N,N,0.01946956,,N,40.9964398068656
1351,Trolley Trail,WEST_FAIRMOUNT,,Trolley Trail,,MINOR,SOFT,EXISTING,,Y,Y,Y,N,N,N,N,0.0694883,,N,145.963930028354
1352,Trolley Trail,WEST_FAIRMOUNT,Demo Trail,,,MINOR,SOFT,EXISTING,,Y,Y,Y,N,N,N,N,0.02747997,,N,57.6785264822568
1353,Chamounix Sidepath,WEST_FAIRMOUNT,,,,MINOR,HARD,EXISTING,,Y,Y,Y,N,N,N,N,0.02860982,,N,60.1628004412555
1354,Trolley Trail,WEST_FAIRMOUNT,,,,MINOR,SOFT,EXISTING,,Y,Y,Y,N,N,N,N,0.0111326,,N,23.3572959188492
1355,Trolley Trail,WEST_FAIRMOUNT,,,,MINOR,SOFT,EXISTING,,Y,Y,Y,N,N,N,N,0.03842201,,N,80.635843030002
1356,Trolley Trail,WEST_FAIRMOUNT,,,,MINOR,SOFT,EXISTING,,Y,Y,Y,N,N,N,N,0.0196173,,N,41.243643045308
1357,Minor Trail,WEST_FAIRMOUNT,,,,MINOR,SOFT,EXISTING,,Y,Y,Y,N,N,N,N,0.01907984,,N,40.1291557311217
1358,Walbach St Spur,NORTH_DELAWARE,,,,CONNECTOR,HARD,EXISTING,,Y,Y,Y,N,N,N,N,0.01753281,,N,36.8343673827486
1359,Kensington and Tacony Trail,NORTH_DELAWARE,,Delaware Riverfront Greenway - K&T Trail,,MAJOR,HARD,EXISTING,,Y,Y,Y,Y,Y,N,Y,0.07670761,,N,161.459912883807
1360,Minor Trail,WISSAHICKON,,,,MINOR,HARD,EXISTING,,Y,Y,Y,N,N,N,N,0.00357159,,N,7.50249646686468
1361,Manayunk Canal Towpath,SRT_TOWPATH,,Schuylkill River Trail,,MAJOR,HARD,EXISTING,,Y,Y,N,Y,N,Y,N,0.12794481,,Y,268.822410270591
1362,Green Lane Steps,SRT_TOWPATH,,,,CONNECTOR,HARD,EXISTING,,Y,N,N,N,N,N,N,0.00913019,,Y,19.2044265368402
1363,Manayunk Canal Towpath,SRT_TOWPATH,,Schuylkill River Trail,,MAJOR,HARD,EXISTING,,Y,Y,N,Y,N,Y,N,0.10015313,,Y,210.405915465672
1364,Minor Trail,WISSAHICKON,,,,CONNECTOR,SOFT,EXISTING,,Y,Y,Y,N,N,N,N,0.12820695,,N,269.640051417954
1365,Minor Trail,WISSAHICKON,,,,CONNECTOR,HARD,EXISTING,,Y,Y,Y,N,N,N,N,0.07132415,,N,150.059687625624
1366,Minor Trail,WISSAHICKON,,,,CONNECTOR,SOFT,EXISTING,,Y,Y,Y,N,N,N,N,0.03522267,,N,74.0377160582987
1367,Minor Trail,WISSAHICKON,,,,MINOR,SOFT,EXISTING,,Y,Y,Y,N,N,N,N,0.10508057,,N,221.230346258248
1368,Minor Trail,EAST_FAIRMOUNT,,,,CONNECTOR,HARD,EXISTING,,Y,Y,N,N,N,N,N,0.0078709,,N,16.5094243685307
1369,Minor Trail,WISSAHICKON,,,,CONNECTOR,HARD,EXISTING,,Y,Y,Y,N,N,N,N,0.03894565,,N,81.9362830726421
1370,Yellow Trail,WISSAHICKON,,,,MINOR,SOFT,EXISTING,,Y,Y,Y,N,N,N,N,0.00263549,,N,5.55296467581934
1371,Minor Trail,WISSAHICKON,,,,MINOR,SOFT,EXISTING,,Y,Y,Y,N,N,N,N,0.30151794,,N,633.854253429106
1372,Minor Trail,WISSAHICKON,,,,MINOR,SOFT,EXISTING,,Y,Y,Y,N,N,N,N,0.32091953,,N,674.945727068809
1373,Forbidden Drive,WISSAHICKON,,,,MAJOR,HARD,EXISTING,,Y,Y,Y,Y,N,N,N,0.01158976,,N,24.4095576311331
1374,Minor Trail,SRT_TOWPATH,,,,CONNECTOR,HARD,EXISTING,,Y,Y,Y,N,N,N,N,0.0057954,,Y,12.1871486232535
1375,Manayunk Canal Towpath,SRT_TOWPATH,,Schuylkill River Trail,,MAJOR,HARD,EXISTING,,Y,Y,N,Y,N,Y,N,0.07797768,,Y,163.966402212744
1376,Lincoln Drive Trail,WISSAHICKON,,Lincoln Drive Trail,,MAJOR,HARD,EXISTING,,Y,Y,Y,N,N,N,N,0.0600447,,N,126.358012190114
1377,Lincoln Drive Trail,WISSAHICKON,,Lincoln Drive Trail,,MAJOR,HARD,EXISTING,,Y,Y,Y,N,N,N,N,0.06048356,,N,127.072049886059
1378,Fountain Street Spur,SRT_TOWPATH,,,,MAJOR,HARD,EXISTING,,Y,Y,N,Y,N,Y,N,0.02053105,,Y,43.2074794983538
1379,Pennypack Trail,PENNYPACK,,,,MAJOR,HARD,EXISTING,,Y,Y,Y,Y,Y,N,Y,0.00743217,,N,15.6027088226082
1380,Minor Trail,WISSAHICKON,,,,MINOR,SOFT,EXISTING,,Y,Y,Y,N,N,N,N,0.1039344,,N,218.730282018568
1381,Minor Trail,WISSAHICKON,,,,CONNECTOR,SOFT,EXISTING,,Y,Y,Y,N,N,N,N,0.00832374,,N,17.4811140994523
1382,Trolley Trail,WEST_FAIRMOUNT,,,,MINOR,SOFT,EXISTING,,Y,Y,Y,N,N,N,N,0.03829551,,N,80.5537150174571
1383,Minor Trail,WISSAHICKON,,,,MINOR,SOFT,EXISTING,,Y,Y,Y,N,N,N,N,0.43116087,<Null>,N,906.47170956618
1384,Minor Trail,WISSAHICKON,,,,MINOR,SOFT,EXISTING,,Y,Y,Y,N,N,N,N,0.06053739,,N,127.511906824147
1385,Yellow Trail,WISSAHICKON,,Yellow Trail,,MINOR,SOFT,EXISTING,,Y,Y,Y,N,N,N,N,0.5931474,<Null>,N,1247.99919920316
1386,Yellow Trail,WISSAHICKON,,Yellow Trail,,MINOR,SOFT,EXISTING,,Y,Y,Y,N,N,N,N,0.29604667,,N,622.376203330713
1387,Minor Trail,WISSAHICKON,,,,CONNECTOR,SOFT,EXISTING,,Y,Y,Y,N,N,N,N,0.12001414,<Null>,N,252.815838652223
1388,Minor Trail,WISSAHICKON,,,,CONNECTOR,SOFT,EXISTING,,Y,Y,Y,N,N,N,N,0.04639426,,N,97.4925652965732
1389,Yellow Trail,WISSAHICKON,,,,MINOR,SOFT,EXISTING,,Y,Y,Y,N,N,N,N,0.03353964,<Null>,N,70.6627279406132
1390,Minor Trail,WISSAHICKON,,,,MINOR,SOFT,EXISTING,,Y,Y,Y,N,N,N,N,0.29924609,,N,630.116440482408
1391,Minor Trail,WISSAHICKON,,,,MINOR,SOFT,EXISTING,,Y,Y,Y,N,N,N,N,0.04452527,,N,93.8022633742011
1392,Minor Trail,WISSAHICKON,,,,CONNECTOR,SOFT,EXISTING,,Y,Y,Y,N,N,N,N,0.14501417,<Null>,N,305.409956533509
1393,Minor Trail,WISSAHICKON,,,,CONNECTOR,SOFT,EXISTING,,Y,Y,Y,N,N,N,N,0.0267011,,N,56.1983440461484
1394,Minor Trail,WISSAHICKON_CARPENTERS_WOODS,,,,MINOR,SOFT,EXISTING,,Y,Y,Y,N,N,N,N,0.02599019,,N,54.6180222474743
1395,Minor Trail,WISSAHICKON_CARPENTERS_WOODS,,,,MINOR,SOFT,EXISTING,,Y,Y,Y,N,N,N,N,0.03025826,,N,63.7325738926962
1396,Minor Trail,WISSAHICKON_CARPENTERS_WOODS,,,,MINOR,SOFT,EXISTING,,Y,Y,Y,N,N,N,N,0.00522751,,N,10.9820893571557
1397,Minor Trail,WISSAHICKON_CARPENTERS_WOODS,,,,MINOR,SOFT,EXISTING,,Y,Y,Y,N,N,N,N,0.05537749,<Null>,N,116.531970968612
1398,Minor Trail,WISSAHICKON,,,,CONNECTOR,HARD,EXISTING,,Y,Y,Y,N,N,N,N,0.07317369,,N,153.940015477753
1399,Minor Trail,WISSAHICKON,,,,MINOR,HARD,EXISTING,,Y,Y,Y,N,N,N,N,0.04282277,,N,90.213660878452
1400,Minor Trail,WISSAHICKON,,,,MINOR,HARD,EXISTING,,Y,Y,Y,N,N,N,N,0.00826929,,N,17.3649692976317
1401,Minor Trail,WISSAHICKON,,,,MINOR,HARD,EXISTING,,Y,Y,Y,N,N,N,N,0.00309374,,N,6.49643290490904
1402,Pleasant Hill Trail,NORTH_DELAWARE,,,,MINOR,HARD,EXISTING,,Y,Y,Y,N,N,N,N,0.00645539,,N,13.5523018631192
1403,Minor Trail,WISSAHICKON,,,,CONNECTOR,SOFT,EXISTING,,Y,Y,Y,N,N,N,N,0.14206479,<Null>,N,298.837009473174
1404,Lincoln Drive Trail,WISSAHICKON,,Lincoln Drive Trail,,MAJOR,HARD,EXISTING,,Y,Y,Y,Y,N,N,N,0.25324429,,N,533.09162501615
1405,Forbidden Drive,WISSAHICKON,,Forbidden Drive,,MAJOR,HARD,EXISTING,,Y,Y,Y,Y,N,N,N,0.5535689,,N,1165.6767592437
1406,Forbidden Drive,WISSAHICKON,,,,MAJOR,HARD,EXISTING,,Y,Y,Y,Y,N,N,N,0.00710206,,N,14.9550758304301
1407,White Trail,WISSAHICKON,,White Trail,,MINOR,SOFT,EXISTING,,Y,Y,Y,N,N,N,N,0.12631694,,N,265.263314331654
1408,Minor Trail,NORTH_DELAWARE,,,,MINOR,HARD,EXISTING,,Y,Y,Y,N,N,N,N,0.01782377,,N,37.4681892797849
1409,Pennypack Trail,PENNYPACK,,,,MAJOR,HARD,EXISTING,,Y,Y,Y,Y,N,N,N,0.02694343,,N,56.6788816259536
1410,Minor Trail,WISSAHICKON,,,,CONNECTOR,SOFT,EXISTING,,Y,Y,Y,N,N,N,N,0.04476805,,N,94.0560746280209
1411,Minor Trail,WISSAHICKON,,,,CONNECTOR,SOFT,EXISTING,,Y,Y,Y,N,N,N,N,0.0029767,,N,6.26887218468415
1412,Yellow Trail,WISSAHICKON,,,,MINOR,SOFT,EXISTING,,Y,Y,Y,N,N,N,N,0.03645649,,N,76.8168184929438
1413,Pleasant Hill Trail - Connector,NORTH_DELAWARE,,,,CONNECTOR,HARD,EXISTING,,Y,Y,Y,N,N,N,N,0.01408882,,N,29.5867091780642
1414,Baxter Trail - Connector,NORTH_DELAWARE,,,,CONNECTOR,HARD,EXISTING,,Y,Y,Y,N,N,N,N,0.04362327,,N,91.6934876376248
1415,Pleasant Hill Trail,NORTH_DELAWARE,,,,MINOR,HARD,EXISTING,,Y,Y,Y,N,N,N,N,0.02126052,,N,44.8044426338854
1416,Baxter Trail,NORTH_DELAWARE,,,,MAJOR,HARD,EXISTING,,Y,Y,Y,Y,Y,N,Y,0.0166834,,N,35.1418332311852
1417,Baxter Trail,NORTH_DELAWARE,,,,MAJOR,HARD,EXISTING,,Y,Y,Y,Y,Y,N,Y,0.0219737,,N,46.2747100336224
1418,Baxter Trail,NORTH_DELAWARE,,,,MAJOR,HARD,EXISTING,,Y,Y,Y,Y,Y,N,Y,0.02479677,,N,52.1446382501086
1419,Baxter Trail,NORTH_DELAWARE,,,,MAJOR,HARD,EXISTING,,Y,Y,Y,Y,Y,N,Y,0.01324325,,N,27.8958309674812
1420,Baxter Trail,NORTH_DELAWARE,,,,MAJOR,HARD,EXISTING,,Y,Y,Y,Y,Y,N,Y,0.00499027,,N,10.5116131926011
1421,Pleasant Hill Trail - Connector,NORTH_DELAWARE,,,,CONNECTOR,HARD,EXISTING,,Y,Y,Y,N,N,N,N,0.01154388,,N,24.2888239380208
1422,Pleasant Hill Trail - Connector,NORTH_DELAWARE,,,,CONNECTOR,HARD,EXISTING,,Y,Y,Y,N,N,N,N,0.0230811,,N,48.6319886352426
1423,Pleasant Hill Trail,NORTH_DELAWARE,,,,MINOR,HARD,EXISTING,,Y,Y,Y,N,N,N,N,0.03382389,,N,71.2825460360667
1424,Pleasant Hill Trail - Connector,NORTH_DELAWARE,,,,CONNECTOR,HARD,EXISTING,,Y,Y,Y,N,N,N,N,0.01426698,,N,29.9673068347303
1425,Pleasant Hill Trail,NORTH_DELAWARE,,,,MINOR,HARD,EXISTING,,Y,Y,Y,N,N,N,N,0.03518797,,N,74.1558132853018
1426,Baxter Trail,NORTH_DELAWARE,,,,MAJOR,HARD,EXISTING,,Y,Y,Y,Y,Y,N,Y,0.01115631,,N,23.4966462664861
1427,Baxter Trail,NORTH_DELAWARE,,,,MAJOR,HARD,EXISTING,,Y,Y,Y,Y,Y,N,Y,0.00666357,,N,14.0253570733925
1428,Pleasant Hill Trail,NORTH_DELAWARE,,,,MINOR,HARD,EXISTING,,Y,Y,Y,N,N,N,N,0.02477043,,N,52.1142631705443
1429,Pleasant Hill Trail,NORTH_DELAWARE,,,,MINOR,HARD,EXISTING,,Y,Y,Y,N,N,N,N,0.0165093,,N,34.7061323043264
1430,Pleasant Hill Trail,NORTH_DELAWARE,,,,MINOR,HARD,EXISTING,,Y,Y,Y,N,N,N,N,0.04835078,,N,101.707577399951
1431,Pennypack Trail,PENNYPACK,,Pennypack Trail,,MAJOR,HARD,EXISTING,,Y,Y,Y,Y,N,N,N,0.24685244,,N,519.873809744758
1432,Pennypack Trail,PENNYPACK,,Pennypack Trail,,MAJOR,HARD,EXISTING,,Y,Y,Y,Y,N,N,N,0.21717113,,N,456.610576869008
1433,Minor Trail,PENNYPACK,,,,MINOR,SOFT,EXISTING,,Y,Y,Y,N,N,N,N,0.01280111,,N,26.9755958297678
1434,Minor Trail,PENNYPACK,,,,MINOR,SOFT,EXISTING,,Y,Y,Y,N,N,N,N,0.15244109,,N,320.301097756908
1435,Minor Trail,PENNYPACK,,,,MINOR,HARD,EXISTING,,Y,Y,Y,N,N,N,N,0.01379147,,N,28.9914071079719
1436,Minor Trail,PENNYPACK,,,,MINOR,SOFT,EXISTING,,Y,Y,Y,N,N,N,N,0.01907059,,N,40.1893227654877
1437,Minor Trail,PENNYPACK,,,,MINOR,SOFT,EXISTING,,Y,Y,Y,N,N,N,N,0.08136206,,N,171.269157001232
1438,Pennypack Trail,PENNYPACK,,Pennypack Trail,,MAJOR,HARD,EXISTING,,Y,Y,Y,Y,N,N,N,0.46161042,,N,971.587191139653
1439,Minor Trail,WISSAHICKON,,,,CONNECTOR,SOFT,EXISTING,,Y,Y,Y,N,N,N,N,0.03728749,,N,78.3504663379832
1440,White Trail,WISSAHICKON,,,,MINOR,SOFT,EXISTING,,Y,Y,Y,N,N,N,N,0.00991094,,N,20.8805589861327
1441,White Trail,WISSAHICKON,,,,MINOR,HARD,EXISTING,,Y,Y,Y,N,N,N,N,0.00986103,,N,20.7690629343966
1442,Minor Trail,WISSAHICKON,,,,CONNECTOR,SOFT,EXISTING,,Y,Y,Y,N,N,N,N,0.01560858,,N,32.8115676703719
1443,Pennypack Trail,PENNYPACK,,Pennypack Trail,,MAJOR,HARD,EXISTING,,Y,Y,Y,Y,N,N,N,0.06720756,,N,141.592595377864
1444,Pennypack Trail,PENNYPACK,,Pennypack Trail,,MAJOR,HARD,EXISTING,,Y,Y,Y,Y,N,N,N,0.10628315,,N,223.121352456048
1445,Pennypack Trail,PENNYPACK,,,,MAJOR,HARD,EXISTING,,Y,Y,Y,Y,N,N,N,0.04576198,,N,96.3228116415601
1446,Pennypack Trail,PENNYPACK,,Pennypack Trail,,MAJOR,HARD,EXISTING,,Y,Y,Y,Y,N,N,N,0.1113778,,N,233.972747442002
1447,Minor Trail,WISSAHICKON,,,,MINOR,SOFT,EXISTING,,Y,Y,Y,N,N,N,N,0.03627304,,N,76.2908441236513
1448,Minor Trail,WISSAHICKON,,,,MINOR,SOFT,EXISTING,,Y,Y,Y,N,N,N,N,0.02653516,,N,55.9246514263026
1449,Minor Trail,PENNYPACK,,,,MINOR,SOFT,EXISTING,,Y,Y,Y,N,N,N,N,0.13167983,,N,277.03360895612
1450,Minor Trail,WISSAHICKON,,,,CONNECTOR,SOFT,EXISTING,,Y,Y,Y,N,N,N,N,0.07032847,,N,147.824542574202
1451,Minor Trail,PENNYPACK,,,,MINOR,SOFT,EXISTING,,Y,Y,Y,N,N,N,N,0.00693833,,N,14.6233730091942
1452,Minor Trail,WISSAHICKON,,,,MINOR,SOFT,EXISTING,,Y,Y,Y,N,N,N,N,0.09386863,,N,197.550788215041
1453,Forbidden Drive,WISSAHICKON,,Forbidden Drive,,MAJOR,HARD,EXISTING,,Y,Y,Y,Y,N,N,N,0.52933747,,N,1114.67763345045
1454,White Trail,WISSAHICKON,,,,MINOR,SOFT,EXISTING,,Y,Y,Y,N,N,N,N,0.04300882,,N,90.486081489235
1455,Minor Trail,WISSAHICKON,,,,CONNECTOR,SOFT,EXISTING,,Y,Y,Y,N,N,N,N,0.06697419,,N,140.784475392809
1456,Minor Trail,WISSAHICKON,,,,MINOR,SOFT,EXISTING,,Y,Y,Y,N,N,N,N,0.05952492,,N,125.3091773832
1457,Wooden Bridge Trail,PENNYPACK_HOLME,,,,MINOR,SOFT,EXISTING,,Y,Y,Y,N,N,N,N,0.03603772,,N,75.9028285762986
1458,Wooden Bridge Trail,PENNYPACK_HOLME,,,,MINOR,SOFT,EXISTING,,Y,Y,Y,N,N,N,N,0.02572631,,N,54.0813035450435
1459,Wooden Bridge Trail,PENNYPACK_HOLME,,,,MINOR,SOFT,EXISTING,,Y,Y,Y,N,N,N,N,0.01025836,,N,21.5926689025597
1460,Wooden Bridge Trail,PENNYPACK_HOLME,,,,MINOR,SOFT,EXISTING,,Y,Y,Y,N,N,N,N,0.02739237,,N,57.5748316206565
1461,Minor Trail,WISSAHICKON,,,,MINOR,HARD,EXISTING,,Y,Y,Y,N,N,N,N,0.00391994,,N,8.23320906020293
1462,Minor Trail,WISSAHICKON,,,,MINOR,SOFT,EXISTING,,Y,Y,Y,N,N,N,N,0.16620302,,N,349.937818203451
1463,Pennypack Trail,PENNYPACK,,,,MAJOR,HARD,EXISTING,,Y,Y,Y,Y,N,N,N,0.01199952,,N,25.2864900095058
1464,Pennypack Trail,PENNYPACK,,Pennypack Trail,,MAJOR,HARD,EXISTING,,Y,Y,Y,Y,N,N,N,0.07887673,,N,166.155327713187
1465,Fleuhr Trail,POQUESSING_FLUEHR,,,,MINOR,HARD,EXISTING,,Y,Y,Y,N,N,N,N,0.01677547,,N,35.3509630767014
1466,Minor Trail,PENNYPACK_HOLME,,,,CONNECTOR,SOFT,EXISTING,,Y,Y,Y,N,N,N,N,0.02079665,,N,43.8215331345269
1467,Minor Trail,PENNYPACK_HOLME,,,,CONNECTOR,SOFT,EXISTING,,Y,Y,Y,N,N,N,N,0.03607582,,N,75.9363948642916
1468,Minor Trail,PENNYPACK_HOLME,,,,MINOR,SOFT,EXISTING,,Y,Y,Y,N,N,N,N,0.01659837,,N,34.8834014813308
1469,Minor Trail,PENNYPACK_HOLME,,,,CONNECTOR,SOFT,EXISTING,,Y,Y,Y,N,N,N,N,0.01788222,,N,37.6772141170968
1470,Minor Trail,PENNYPACK_HOLME,,,,MINOR,SOFT,EXISTING,,Y,Y,Y,N,N,N,N,0.03369353,,N,70.9017018770509
1471,Pennypack Trail,PENNYPACK,,,,MAJOR,HARD,EXISTING,,Y,Y,Y,Y,N,N,N,0.04622246,,N,97.3207986828548
1472,Minor Trail,PENNYPACK,,,,MINOR,SOFT,EXISTING,,Y,Y,Y,N,N,N,N,0.01904963,,N,40.1294929187783
1473,Minor Trail,PENNYPACK,,,,CONNECTOR,SOFT,EXISTING,,Y,Y,Y,N,N,N,N,0.01327302,,N,27.9066796898695
1474,Pennypack Trail,PENNYPACK,,,,MAJOR,HARD,EXISTING,,Y,Y,Y,Y,N,N,N,0.03077992,,N,64.8391096267355
1475,Pennypack Trail,PENNYPACK,,Pennypack Trail,,MAJOR,HARD,EXISTING,,Y,Y,Y,Y,N,N,N,0.06053334,,N,127.515494801575
1476,Wooden Bridge Trail,PENNYPACK_HOLME,,,,MINOR,SOFT,EXISTING,,Y,Y,Y,N,N,N,N,0.0038353,,N,8.05910965711467
1477,Wooden Bridge Trail,PENNYPACK_HOLME,,Wooden Bridge Trail,,MINOR,SOFT,EXISTING,,Y,Y,Y,N,N,N,N,0.10365227,,N,217.963444642057
1478,Wooden Bridge Trail,PENNYPACK_HOLME,,,,MINOR,SOFT,EXISTING,,Y,Y,Y,N,N,N,N,0.01643788,,N,34.6007847288482
1479,Wooden Bridge Trail,PENNYPACK_HOLME,,,,MINOR,SOFT,EXISTING,,Y,Y,Y,N,N,N,N,0.02185631,,N,46.0327029491388
1480,Wooden Bridge Trail,PENNYPACK_HOLME,,,,MINOR,SOFT,EXISTING,,Y,Y,Y,N,N,N,N,0.02827564,,N,59.5470611704674
1481,Wooden Bridge Trail - Connector,PENNYPACK_HOLME,,,,CONNECTOR,SOFT,EXISTING,,Y,Y,Y,N,N,N,N,0.01891894,,N,39.8513693096205
1482,Wooden Bridge Trail,PENNYPACK_HOLME,,,,MINOR,SOFT,EXISTING,,Y,Y,Y,N,N,N,N,0.00669235,,N,14.1019842658672
1483,Wooden Bridge Trail,PENNYPACK_HOLME,,,,MINOR,SOFT,EXISTING,,Y,Y,Y,N,N,N,N,0.02068419,,N,43.5305535906968
1484,Wooden Bridge Trail - Connector,PENNYPACK_HOLME,,,,CONNECTOR,SOFT,EXISTING,,Y,Y,Y,N,N,N,N,0.01411575,,N,29.6716485586211
1485,Wooden Bridge Trail - Connector,PENNYPACK_HOLME,,,,CONNECTOR,SOFT,EXISTING,,Y,Y,Y,N,N,N,N,0.00535389,,N,11.2580076522165
1486,Wooden Bridge Trail - Connector,PENNYPACK_HOLME,,,,CONNECTOR,SOFT,EXISTING,,Y,Y,Y,N,N,N,N,0.00766649,,N,16.1008962660686
1487,Wooden Bridge Trail,PENNYPACK_HOLME,,,,MINOR,SOFT,EXISTING,,Y,Y,Y,N,N,N,N,0.04385334,,N,92.3030089188789
1488,Wooden Bridge Trail,PENNYPACK_HOLME,,,,MINOR,SOFT,EXISTING,,Y,Y,Y,N,N,N,N,0.01318368,,N,27.7553862775996
1489,Wooden Bridge Trail - Connector,PENNYPACK_HOLME,,,,CONNECTOR,SOFT,EXISTING,,Y,Y,Y,N,N,N,N,0.01310505,,N,27.5921196104221
1490,Wooden Bridge Trail - Connector,PENNYPACK_HOLME,,,,CONNECTOR,SOFT,EXISTING,,Y,Y,Y,N,N,N,N,0.02377456,,N,49.9464325728208
1491,Wooden Bridge Trail,PENNYPACK_HOLME,,,,MINOR,SOFT,EXISTING,,Y,Y,Y,N,N,N,N,0.015272,,N,32.1319350131148
1492,Minor Trail,WISSAHICKON,,,,MINOR,SOFT,EXISTING,,Y,Y,Y,N,N,N,N,0.11782575,,N,247.758221566074
1493,Minor Trail,PENNYPACK,,,,CONNECTOR,SOFT,EXISTING,,Y,Y,Y,N,N,N,N,0.02358476,,N,49.6408254385344
1494,Minor Trail,PENNYPACK,,,,MINOR,SOFT,EXISTING,,Y,Y,Y,N,N,N,N,0.00388941,,N,8.17044645868629
1495,Minor Trail,PENNYPACK,,,,MINOR,SOFT,EXISTING,,Y,Y,Y,N,N,N,N,0.00589559,,N,12.3810100531415
1496,Minor Trail,PENNYPACK,,,,MINOR,HARD,EXISTING,,Y,Y,Y,N,N,N,N,0.00286645,,N,6.02034472913241
1497,Axe Factory Lane,PENNYPACK,,,,CONNECTOR,HARD,EXISTING,,Y,Y,Y,N,N,N,N,0.00952373,,N,20.0772991374567
1498,Minor Trail,PENNYPACK,,,,CONNECTOR,SOFT,EXISTING,,Y,Y,Y,N,N,N,N,0.02006298,,N,42.2234134382627
1499,Minor Trail,PENNYPACK,,,,CONNECTOR,SOFT,EXISTING,,Y,Y,Y,N,N,N,N,0.01687878,,N,35.5773819485216
1500,Pennypack Trail,PENNYPACK,,Pennypack Trail,,MAJOR,HARD,EXISTING,,Y,Y,Y,Y,N,N,N,0.22881672,,N,482.175530457742
1501,Minor Trail,PENNYPACK,,,,CONNECTOR,SOFT,EXISTING,,Y,Y,Y,N,N,N,N,0.01264466,,N,26.5555862758113
1502,Minor Trail,PENNYPACK,,,,CONNECTOR,HARD,EXISTING,,Y,Y,Y,N,N,N,N,0.01180828,,N,24.8894632134525
1503,Minor Trail,PENNYPACK,,,,CONNECTOR,SOFT,EXISTING,,Y,Y,Y,N,N,N,N,0.02246421,,N,47.1854453907953
1504,Minor Trail,PENNYPACK,,,,MINOR,SOFT,EXISTING,,Y,Y,Y,N,N,N,N,0.06355321,,N,133.550108361456
1505,Minor Trail,PENNYPACK,,,,MINOR,SOFT,EXISTING,,Y,Y,Y,N,N,N,N,0.0323356,,N,67.9690323959829
1506,Minor Trail,PENNYPACK,,,,CONNECTOR,HARD,EXISTING,,Y,Y,Y,N,N,N,N,0.00786702,,N,16.536244584188
1507,Minor Trail,PENNYPACK,,,,CONNECTOR,SOFT,EXISTING,,Y,Y,Y,N,N,N,N,0.03286687,,N,69.053956636311
1508,Minor Trail,WISSAHICKON,,,,MINOR,SOFT,EXISTING,,Y,Y,Y,N,N,N,N,0.03872038,,N,81.3367367688133
1509,Minor Trail,WISSAHICKON,,,,MINOR,SOFT,EXISTING,,Y,Y,Y,N,N,N,N,0.00887198,,N,18.6344462498476
1510,Orange Trail,WISSAHICKON,,,,MINOR,HARD,EXISTING,,Y,Y,Y,N,N,N,N,0.0053709,,N,11.3196907506985
1511,Pennypack Trail,PENNYPACK,,,,MAJOR,HARD,EXISTING,,Y,Y,Y,Y,N,N,N,0.00888857,,N,18.6959556563668
1512,Minor Trail,PENNYPACK,,,,CONNECTOR,HARD,EXISTING,,Y,Y,Y,N,N,N,N,0.00654056,,N,13.7593200159642
1513,Minor Trail,WISSAHICKON,,,,MINOR,SOFT,EXISTING,,Y,Y,Y,N,N,N,N,0.10341163,,N,217.808746092771
1514,Yellow Trail,WISSAHICKON,,Yellow Trail,,MINOR,SOFT,EXISTING,,Y,Y,Y,N,N,N,N,0.21028895,,N,442.944959919355
1515,Yellow Trail,WISSAHICKON,,,,MINOR,HARD,EXISTING,,Y,Y,Y,N,N,N,N,0.01023225,,N,21.5353228023252
1516,Minor Trail,PENNYPACK,,,,MINOR,SOFT,EXISTING,,Y,Y,Y,N,N,N,N,0.0768831,,N,161.748186267123
1517,Pennypack Trail,PENNYPACK,,Pennypack Trail,,MAJOR,HARD,EXISTING,,Y,Y,Y,Y,N,N,N,0.06201496,,N,130.34298554367
1518,Pennypack Trail,PENNYPACK,,,,MAJOR,HARD,EXISTING,,Y,Y,Y,Y,N,N,N,0.02313393,,N,48.6965687789337
1519,Pennypack Trail,PENNYPACK,,,,MAJOR,HARD,EXISTING,,Y,Y,Y,Y,N,N,N,0.00875541,,N,18.4513681804043
1520,Pennypack Trail,PENNYPACK,,Pennypack Trail,,MAJOR,HARD,EXISTING,,Y,Y,Y,Y,N,N,N,0.07469131,,N,157.305925595766
1521,Minor Trail,PENNYPACK,,,,CONNECTOR,SOFT,EXISTING,,Y,Y,Y,N,N,N,N,0.01093579,,N,23.0318301549442
1522,Minor Trail,PENNYPACK,,,,CONNECTOR,SOFT,EXISTING,,Y,Y,Y,N,N,N,N,0.02112049,,N,44.4914592873417
1523,Forbidden Drive,WISSAHICKON,,,,MAJOR,HARD,EXISTING,,Y,Y,Y,Y,N,N,N,0.01355792,,N,28.5697384456806
1524,Forbidden Drive,WISSAHICKON,,,,MAJOR,HARD,EXISTING,,Y,Y,Y,Y,N,N,N,0.0186428,,N,39.2814215389224
1525,Forbidden Drive,WISSAHICKON,,,,MAJOR,HARD,EXISTING,,Y,Y,Y,Y,N,N,N,0.04870898,,N,102.663900422819
1526,Minor Trail,PENNYPACK,,,,MINOR,HARD,EXISTING,,Y,Y,Y,N,N,N,N,0.01578186,,N,33.2161570039385
1527,Minor Trail,PENNYPACK,,,,MINOR,HARD,EXISTING,,Y,Y,Y,N,N,N,N,0.00276185,,N,5.82024158289584
1528,Pennypack Trail,PENNYPACK,,,,MAJOR,HARD,EXISTING,,Y,Y,Y,Y,N,N,N,0.01303209,,N,27.436803198499
1529,Minor Trail,PENNYPACK,,,,MINOR,SOFT,EXISTING,,Y,Y,Y,N,N,N,N,0.05823968,,N,122.758792757524
1530,Minor Trail,PENNYPACK,,,,CONNECTOR,SOFT,EXISTING,,Y,Y,Y,N,N,N,N,0.0436653,,N,91.8162137657745
1531,Minor Trail,PENNYPACK,,,,MINOR,HARD,EXISTING,,Y,Y,Y,N,N,N,N,0.06169255,,N,130.032526772559
1532,Minor Trail,PENNYPACK,,,,CONNECTOR,HARD,EXISTING,,Y,Y,Y,N,N,N,N,0.0173634,,N,36.4716736701671
1533,Minor Trail,PENNYPACK,,,,MINOR,HARD,EXISTING,,Y,Y,Y,N,N,N,N,0.01241625,,N,26.0878598306129
1534,Minor Trail,PENNYPACK,,,,MINOR,SOFT,EXISTING,,Y,Y,Y,N,N,N,N,0.01064811,,N,22.3960207734842
1535,Minor Trail,PENNYPACK,,,,CONNECTOR,SOFT,EXISTING,,Y,Y,Y,N,N,N,N,0.01085043,,N,22.869291623044
1536,Pennypack Trail,PENNYPACK,,,,MAJOR,HARD,EXISTING,,Y,Y,Y,Y,N,N,N,0.01911093,,N,40.1747186787554
1537,Pennypack Trail,PENNYPACK,,,,MAJOR,HARD,EXISTING,,Y,Y,Y,Y,N,N,N,0.02566808,,N,54.0157339520196
1538,Pennypack Trail,PENNYPACK,,,,MAJOR,HARD,EXISTING,,Y,Y,Y,Y,N,N,N,0.01670813,,N,35.1756309582067
1539,Minor Trail,PENNYPACK,,,,MINOR,HARD,EXISTING,,Y,Y,Y,N,N,N,N,0.00569635,,N,11.974445409828
1540,Minor Trail,FDR,,,,CONNECTOR,HARD,EXISTING,,Y,Y,Y,N,N,N,N,0.00706853,,N,14.857608846513
1541,Pennypack Trail,PENNYPACK,,Pennypack Trail,,MAJOR,HARD,EXISTING,,Y,Y,Y,Y,N,N,N,0.08776885,,N,184.706489780475
1542,Minor Trail,PENNYPACK,,,,MINOR,HARD,EXISTING,,Y,Y,Y,N,N,N,N,0.01894332,,N,39.8297772957696
1543,Minor Trail,PENNYPACK,,,,MINOR,SOFT,EXISTING,,Y,Y,Y,N,N,N,N,0.26550766,,N,557.851685622036
1544,Minor Trail,PENNYPACK,,,,MINOR,SOFT,EXISTING,,Y,Y,Y,N,N,N,N,0.0092094,,N,19.3815713322875
1545,Minor Trail,PENNYPACK,,,,MINOR,HARD,EXISTING,,Y,Y,Y,N,N,N,N,0.00814326,,N,17.1078849461616
1546,Forbidden Drive,WISSAHICKON,,,,MAJOR,HARD,EXISTING,,Y,Y,Y,Y,N,N,N,0.00661368,,N,13.9445446584909
1547,Forbidden Drive,WISSAHICKON,,,,MAJOR,HARD,EXISTING,,Y,Y,Y,Y,N,N,N,0.0315354,,N,66.396425886986
1548,Forbidden Drive,WISSAHICKON,,,,MAJOR,HARD,EXISTING,,Y,Y,Y,Y,N,N,N,0.04209238,,N,88.4963075576471
1549,Minor Trail,WISSAHICKON,,,,MINOR,SOFT,EXISTING,,Y,Y,Y,N,N,N,N,0.00600519,,N,12.6201309087546
1550,Minor Trail,WISSAHICKON,,,,MINOR,HARD,EXISTING,,Y,Y,Y,N,N,N,N,0.00843492,,N,17.7303153172202
1551,Minor Trail,PENNYPACK,,,,MINOR,SOFT,EXISTING,,Y,Y,Y,N,N,N,N,0.0649711,,N,136.808953118893
1552,Minor Trail,PENNYPACK,,,,MINOR,SOFT,EXISTING,,Y,Y,Y,N,N,N,N,0.02862734,,N,60.1820479405246
1553,Minor Trail,PENNYPACK,,,,MINOR,HARD,EXISTING,,Y,Y,Y,N,N,N,N,0.22432269,,N,471.528923640344
1554,Pennypack Trail,PENNYPACK,,Pennypack Trail,,MAJOR,HARD,EXISTING,,Y,Y,Y,Y,N,N,N,0.07000259,,N,147.567383231957
1555,Pennypack Trail,PENNYPACK,,,,MAJOR,HARD,EXISTING,,Y,Y,Y,Y,N,N,N,0.00254096,,N,5.35082681525334
1556,Minor Trail,PENNYPACK,,,,MINOR,SOFT,EXISTING,,Y,Y,Y,N,N,N,N,0.05676597,,N,119.619851537735
1557,Minor Trail,PENNYPACK,,,,MINOR,SOFT,EXISTING,,Y,Y,Y,N,N,N,N,0.02463015,,N,51.8909709509477
1558,Minor Trail,PENNYPACK,,,,MINOR,SOFT,EXISTING,,Y,Y,Y,N,N,N,N,0.00851831,,N,17.9425266737705
1559,Minor Trail,PENNYPACK,,,,MINOR,HARD,EXISTING,,Y,Y,Y,N,N,N,N,0.10874554,,N,228.470650538375
1560,Minor Trail,PENNYPACK,,,,CONNECTOR,SOFT,EXISTING,,Y,Y,Y,N,N,N,N,0.0784944,,N,165.386429219659
1561,Poquessing 3 Trail - Connector,POQUESSING,,,,CONNECTOR,SOFT,EXISTING,,Y,Y,Y,N,N,N,N,0.00655218,,N,13.8222433285737
1562,Poquessing 3 Trail,POQUESSING,,Poquessing 3 Trail,,MINOR,SOFT,EXISTING,,Y,Y,Y,N,N,N,N,0.05890483,,N,124.232518458812
1563,Poquessing 3 Trail,POQUESSING,,,,MINOR,SOFT,EXISTING,,Y,Y,Y,N,N,N,N,0.01783713,,N,37.6101200418822
1564,Poquessing 3 Trail - Connector,POQUESSING,,,,CONNECTOR,SOFT,EXISTING,,Y,Y,Y,N,N,N,N,0.02118337,,N,44.5325407194891
1565,Poquessing Creek Trail,POQUESSING,,Poquessing Creek Trail,,MAJOR,HARD,EXISTING,,Y,Y,Y,N,N,N,N,0.21034249,,N,443.742621359812
1566,Poquessing Creek Trail,POQUESSING,,,,MAJOR,HARD,EXISTING,,Y,Y,Y,N,N,N,N,0.01823939,,N,38.4779533690233
1567,Poquessing 3 Trail - Connector,POQUESSING,,,,CONNECTOR,SOFT,EXISTING,,Y,Y,Y,N,N,N,N,0.01619736,,N,34.1629207620134
1568,Poquessing 3 Trail - Connector,POQUESSING,,,,CONNECTOR,SOFT,EXISTING,,Y,Y,Y,N,N,N,N,0.00851105,,N,17.9068624362693
1569,Poquessing 3 Trail,POQUESSING,,,,MINOR,SOFT,EXISTING,,Y,Y,Y,N,N,N,N,0.02303005,,N,48.5100023904536
1570,Poquessing 3 Trail - Connector,POQUESSING,,,,CONNECTOR,SOFT,EXISTING,,Y,Y,Y,N,N,N,N,0.01635853,,N,34.378525866504
1571,Poquessing 3 Trail,POQUESSING,,,,MINOR,SOFT,EXISTING,,Y,Y,Y,N,N,N,N,0.01381447,,N,29.1287827683711
1572,Poquessing 3 Trail - Connector,POQUESSING,,,,CONNECTOR,SOFT,EXISTING,,Y,Y,Y,N,N,N,N,0.01174552,,N,24.6844180005143
1573,Poquessing 3 Trail,POQUESSING,,,,MINOR,SOFT,EXISTING,,Y,Y,Y,N,N,N,N,0.02829549,,N,59.570509678889
1574,Poquessing 3 Trail,POQUESSING,,,,MINOR,SOFT,EXISTING,,Y,Y,Y,N,N,N,N,0.00553952,,N,11.6493600555805
1575,Poquessing 3 Trail - Connector,POQUESSING,,,,CONNECTOR,SOFT,EXISTING,,Y,Y,Y,N,N,N,N,0.00601069,,N,12.632860602628
1576,Poquessing 3 Trail,POQUESSING,,Poquessing 3 Trail,,MINOR,SOFT,EXISTING,,Y,Y,Y,N,N,N,N,0.05295231,,N,111.672392045571
1577,Poquessing 3 Trail,POQUESSING,,,,MINOR,SOFT,EXISTING,,Y,Y,Y,N,N,N,N,0.00819667,,N,17.2647644123684
1578,Poquessing 3 Trail,POQUESSING,,,,MINOR,SOFT,EXISTING,,Y,Y,Y,N,N,N,N,0.03671679,,N,77.3472658996067
1579,Poquessing 3 Trail - Connector,POQUESSING,,,,CONNECTOR,SOFT,EXISTING,,Y,Y,Y,N,N,N,N,0.02708861,,N,56.9883420141113
1580,Poquessing 3 Trail,POQUESSING,,Poquessing 3 Trail,,MINOR,SOFT,EXISTING,,Y,Y,Y,N,N,N,N,0.06533406,,N,137.496231574179
1581,Poquessing Creek Trail,POQUESSING,,,,MAJOR,HARD,EXISTING,,Y,Y,Y,N,N,N,N,0.03924828,,N,82.5761267942073
1582,Poquessing Creek Trail,POQUESSING,,Poquessing Creek Trail,,MAJOR,HARD,EXISTING,,Y,Y,Y,N,N,N,N,0.10691963,,N,224.944398574749
1583,Poquessing Creek Trail,POQUESSING,,Poquessing Creek Trail,,MAJOR,HARD,EXISTING,,Y,Y,Y,N,N,N,N,0.2376485,,N,501.300415576942
1584,Pennypack Trail,PENNYPACK,State Road Connector,Pennypack Trail,,MAJOR,HARD,EXISTING,,Y,Y,Y,Y,N,N,N,0.11917234,,N,250.52203308963
1585,Minor Trail,SRT_SCHUYLKILL_BANKS,,,,CONNECTOR,HARD,EXISTING,,Y,Y,N,N,N,N,N,0.00209982,,Y,4.40348551459674
1586,Schuylkill Banks,SRT_SCHUYLKILL_BANKS,,,,MAJOR,HARD,EXISTING,,Y,Y,N,Y,Y,Y,N,0.00988966,,Y,20.8105406922515
1587,Minor Trail,WEST_FAIRMOUNT,,,,CONNECTOR,SOFT,EXISTING,,Y,Y,Y,N,N,N,N,0.0323929,<Null>,N,68.0807361562171
1588,Minor Trail,PENNYPACK,,,,MINOR,SOFT,EXISTING,,Y,Y,Y,N,N,N,N,0.02275919,,N,47.8255020409223
1589,Minor Trail,PENNYPACK,,,,MINOR,SOFT,EXISTING,,Y,Y,Y,N,N,N,N,0.02426162,,N,51.1246671610932
1590,Minor Trail,FDR,,,,CONNECTOR,HARD,EXISTING,,Y,Y,Y,N,N,N,N,0.0488744,,N,102.704457701949
1591,Minor Trail,FDR,,,,CONNECTOR,HARD,EXISTING,,Y,Y,Y,N,N,N,N,0.00995872,,N,20.8664384607381
1592,Minor Trail,FDR,,,,CONNECTOR,HARD,EXISTING,,Y,Y,Y,N,N,N,N,0.01034604,,N,21.6767998713598
1593,Minor Trail,FDR,,,,MINOR,HARD,EXISTING,,Y,Y,Y,N,N,N,N,0.26123999,,N,549.171349769596
1594,Minor Trail,FDR,,,,MINOR,HARD,EXISTING,,Y,Y,Y,N,N,N,N,0.04161322,,N,87.4913497326871
1595,Minor Trail,FDR,,,,MINOR,HARD,EXISTING,,Y,Y,Y,N,N,N,N,0.02649405,,N,55.56447161118
1596,Minor Trail,FDR,,,,MINOR,HARD,EXISTING,,Y,Y,Y,N,N,N,N,0.06916735,,N,144.93796934869
1597,Minor Trail,FDR,,,,MINOR,HARD,EXISTING,,Y,Y,Y,N,N,N,N,0.03260488,,N,68.312108383388
1598,Minor Trail,FDR,,,,MINOR,HARD,EXISTING,,Y,Y,Y,N,N,N,N,0.00870049,,N,18.2463074823341
1599,Minor Trail,FDR,,,,MINOR,HARD,EXISTING,,Y,Y,Y,N,N,N,N,0.03406734,,N,71.5502453072902
1600,Minor Trail,WEST_FAIRMOUNT,,,,MINOR,HARD,EXISTING,,Y,Y,Y,N,N,N,N,0.11114031,,N,233.324476625827
1601,Minor Trail,WEST_FAIRMOUNT,,,,MINOR,HARD,EXISTING,,Y,Y,Y,N,N,N,N,0.02072888,,N,43.4872777774153
1602,Trolley Trail,WEST_FAIRMOUNT,,,,MINOR,SOFT,EXISTING,,Y,Y,Y,N,N,N,N,0.03271679,,N,68.8227058178434
1603,Trolley Trail,WEST_FAIRMOUNT,,,,MINOR,SOFT,EXISTING,,Y,Y,Y,N,N,N,N,0.01040234,,N,21.8832211920118
1604,Minor Trail,WEST_FAIRMOUNT,,,,MINOR,HARD,EXISTING,,Y,Y,Y,N,N,N,N,0.01764327,,N,37.0132318407058
1605,Trolley Trail,WEST_FAIRMOUNT,Skew Arch Bridge,,,MINOR,SOFT,EXISTING,,Y,Y,Y,N,N,N,N,0.01690738,Skew Arch Bridge Tunnel,N,35.5462912958932
1606,Minor Trail,PENNYPACK,,,,CONNECTOR,SOFT,EXISTING,,Y,Y,Y,N,N,N,N,0.01515529,,N,31.9315951394752
1607,Minor Trail,PENNYPACK,,,,MINOR,SOFT,EXISTING,,Y,Y,Y,N,N,N,N,0.03712275,,N,77.9880039566411
1608,Minor Trail,BURHOLME,,,,MINOR,SOFT,EXISTING,,Y,Y,Y,N,N,N,N,0.05316548,,N,111.822139417962
1609,Minor Trail,BURHOLME,,,,CONNECTOR,SOFT,EXISTING,,Y,Y,Y,N,N,N,N,0.0197335,,N,41.5103695624556
1610,Minor Trail,BURHOLME,,,,MINOR,SOFT,EXISTING,,Y,Y,Y,N,N,N,N,0.05717726,,N,120.377326734644
1611,Minor Trail,BURHOLME,,,,CONNECTOR,SOFT,EXISTING,,Y,Y,Y,N,N,N,N,0.01234964,,N,25.9521846653238
1612,Minor Trail,BURHOLME,,,,MINOR,SOFT,EXISTING,,Y,Y,Y,N,N,N,N,0.07998337,,N,168.176628054621
1613,Minor Trail,BURHOLME,,,,CONNECTOR,SOFT,EXISTING,,Y,Y,Y,N,N,N,N,0.06963177,,N,146.499580333214
1614,Minor Trail,BURHOLME,,,,MINOR,SOFT,EXISTING,,Y,Y,Y,N,N,N,N,0.05329682,,N,112.17227868633
1615,Minor Trail,BURHOLME,,,,MINOR,HARD,EXISTING,,Y,Y,Y,N,N,N,N,0.20387031,,N,429.255261854145
1616,Minor Trail,BURHOLME,,,,MINOR,HARD,EXISTING,,Y,Y,Y,N,N,N,N,0.06602158,,N,138.95495267567
1617,Minor Trail,BURHOLME,,,,CONNECTOR,SOFT,EXISTING,,Y,Y,Y,N,N,N,N,0.00909378,,N,19.1016936494417
1618,Kelly Drive Trail,EAST_FAIRMOUNT,"Waterworks Drive, Seahorse Circle",,,MINOR,HARD,EXISTING,,Y,Y,N,Y,Y,N,N,0.01338886,,N,28.172350118912
1619,Cobbs Creek Trail,COBBS_LOWER,,Cobbs Creek Trail,,MAJOR,HARD,EXISTING,,Y,Y,Y,N,N,N,N,0.08135321,,N,171.242648374359
1620,Minor Trail,BARTRAMS,,,,MINOR,HARD,EXISTING,,Y,Y,N,N,N,N,N,0.01814949,,N,38.1115062400221
1621,Minor Trail,BARTRAMS,,,,CONNECTOR,HARD,EXISTING,,Y,Y,N,N,N,N,N,0.0155381,,N,32.6195817848005
1622,Bartrams Mile,BARTRAMS,,,,MAJOR,HARD,EXISTING,,Y,Y,N,Y,N,Y,N,0.00275471,,N,5.7935753469212
1623,Minor Trail,EAST_FAIRMOUNT,,,,CONNECTOR,HARD,EXISTING,,Y,Y,N,N,N,N,N,0.02472931,,N,51.9260160345717
1624,Minor Trail,WISSAHICKON,,,,CONNECTOR,SOFT,EXISTING,,Y,Y,Y,N,N,N,N,0.02578457,Opened as part of the Fall 2021 reroute,N,54.2972530447178
1625,White Trail,WISSAHICKON,,White Trail,,MINOR,SOFT,EXISTING,,Y,Y,Y,N,N,N,N,0.09220281,Opened as part of the Fall 2021 reroute,N,194.045265176156
1626,Minor Trail,COBBS_CARROLL,,,,MINOR,SOFT,EXISTING,,Y,N,N,N,N,N,N,0.01348892,,N,28.3106805674661
1627,Minor Trail,COBBS_CARROLL,,,,MINOR,SOFT,EXISTING,,Y,N,N,N,N,N,N,0.00740499,,N,15.5627007109015
1628,Minor Trail,COBBS_CARROLL,,,,CONNECTOR,SOFT,EXISTING,,Y,N,N,N,N,N,N,0.01033319,,N,21.6965060754742
1629,Minor Trail,COBBS_CARROLL,,,,MINOR,SOFT,EXISTING,,Y,N,N,N,N,N,N,0.02335263,,N,49.0815855733849
1630,Minor Trail,COBBS_CARROLL,,,,MINOR,SOFT,EXISTING,,Y,N,N,N,N,N,N,0.00596785,,N,12.5402606334474
1631,Minor Trail,MORRIS,,,,MINOR,SOFT,EXISTING,,Y,Y,N,N,N,N,N,0.02353927,,N,49.3831783105336
1632,Minor Trail,MORRIS,,,,MINOR,HARD,EXISTING,,Y,Y,N,N,N,N,N,0.0066188,,N,13.8820899991108
1633,Minor Trail,COBBS_LOWER,,,,CONNECTOR,HARD,EXISTING,,Y,Y,Y,N,N,N,N,0.00672099,,N,14.1395880970818
1634,Minor Trail,COBBS_LOWER,,,,MINOR,HARD,EXISTING,,Y,Y,Y,N,N,N,N,0.02231545,Bridge over Cobbs Creek,N,46.7839414527292
1635,Minor Trail,FDR,,,,MINOR,HARD,EXISTING,,Y,Y,Y,N,N,N,N,0.03775739,,N,79.0901501049297
1636,Minor Trail,SRT_SCHUYLKILL_BANKS,,,,MINOR,HARD,EXISTING,,Y,Y,N,Y,Y,N,N,0.03689393,,N,77.3418716519158
1637,Minor Trail,BARTRAMS,,,,MINOR,SOFT,EXISTING,,Y,Y,N,N,N,N,N,0.01671448,,N,35.0444601007091
1638,Minor Trail,BARTRAMS,,,,MINOR,SOFT,EXISTING,,Y,Y,N,N,N,N,N,0.02327473,,N,48.7901133279815
1639,Minor Trail,BARTRAMS,,,,MINOR,SOFT,EXISTING,,Y,Y,N,N,N,N,N,0.01172962,,N,24.5954855644605
1640,Minor Trail,BARTRAMS,,,,MINOR,SOFT,EXISTING,,Y,Y,N,N,N,N,N,0.06225136,,N,130.60915208117
1641,Minor Trail,BARTRAMS,,,,MINOR,SOFT,EXISTING,,Y,Y,N,N,N,N,N,0.02199193,,N,46.2001389431749
1642,Minor Trail,WISSAHICKON,,,,MINOR,SOFT,EXISTING,,Y,Y,N,N,N,N,N,0.00622148,,N,13.050990070347
1643,Minor Trail,BARTRAMS,,,,MINOR,HARD,EXISTING,,Y,Y,N,N,N,N,N,0.0156451,,N,32.8163632718828
1644,Minor Trail,BARTRAMS,,,,MINOR,HARD,EXISTING,,Y,Y,N,N,N,N,N,0.02223697,,N,46.641766119488
1645,Minor Trail,EAST_FAIRMOUNT,,,,MINOR,HARD,EXISTING,,Y,Y,N,N,N,N,N,0.00611312,,N,12.8278536986338
1646,Strawberry Mansion Bridge North Sidepath,EAST_FAIRMOUNT,,,,MINOR,HARD,EXISTING,,Y,Y,N,N,N,N,N,0.03274579,,N,68.759152123625
1647,Strawberry Mansion Bridge North Sidepath,EAST_FAIRMOUNT,,,,MINOR,HARD,EXISTING,,Y,Y,N,N,N,N,N,0.02713794,,N,56.9965722579515
1648,Strawberry Mansion Bridge South Sidepath,EAST_FAIRMOUNT,,,,MINOR,HARD,EXISTING,,Y,Y,N,N,N,N,N,0.0284027,,N,59.6375532759349
1649,Strawberry Mansion Bridge South Sidepath,EAST_FAIRMOUNT,,,,MINOR,HARD,EXISTING,,Y,Y,N,N,N,N,N,0.03774478,,N,79.2798699042535
1650,Minor Trail,EAST_FAIRMOUNT,,,,MINOR,HARD,EXISTING,,Y,Y,N,N,N,N,N,0.00612072,,N,12.8601635403793
1651,Minor Trail,EAST_FAIRMOUNT,,,,MINOR,HARD,EXISTING,,Y,Y,N,N,N,N,N,0.09597235,,N,201.641943068891
1652,Minor Trail,EAST_FAIRMOUNT,,,,MINOR,HARD,EXISTING,,Y,Y,N,N,N,N,N,0.01905898,,N,40.0395337380825
1653,Minor Trail,EAST_FAIRMOUNT,,,,MINOR,SOFT,EXISTING,,Y,Y,N,N,N,N,N,0.0105544,,N,22.1542977255139
1654,Minor Trail,FDR,,,,MINOR,HARD,EXISTING,,Y,Y,Y,N,N,N,N,0.00900352,,N,18.897259546414
1655,Minor Trail,FDR,,,,MINOR,HARD,EXISTING,,Y,Y,Y,N,N,N,N,0.01195728,,N,25.1421094247041
1656,Minor Trail,PENNYPACK,,,,MINOR,SOFT,EXISTING,,Y,Y,Y,N,N,N,N,0.02719653,,N,57.111363690462
1657,Minor Trail,PENNYPACK,,,,MINOR,SOFT,EXISTING,,Y,Y,Y,N,N,N,N,0.05089598,,N,106.975619577979
1658,Minor Trail,PENNYPACK,,,,CONNECTOR,SOFT,EXISTING,,Y,Y,Y,N,N,N,N,0.02990252,,N,62.8587782360615
1659,Minor Trail,PENNYPACK,,,,CONNECTOR,SOFT,EXISTING,,Y,Y,Y,N,N,N,N,0.09553604,,N,200.731330318007
1660,Minor Trail,PENNYPACK,,,,MINOR,HARD,EXISTING,,Y,Y,Y,N,N,N,N,0.06992133,,N,147.156480934355
1661,Minor Trail,PENNYPACK,,,,CONNECTOR,HARD,EXISTING,,Y,Y,Y,N,N,N,N,0.03723156,,N,78.5022084266819
1662,Minor Trail,PENNYPACK,,,,MINOR,HARD,EXISTING,,Y,Y,Y,N,N,N,N,0.10312897,,N,216.791195538103
1663,Minor Trail,PENNYPACK,,,,MINOR,HARD,EXISTING,,Y,Y,Y,N,N,N,N,0.0977064,,N,205.410630905381
1664,Minor Trail,PENNYPACK,,,,MINOR,HARD,EXISTING,,Y,Y,Y,N,N,N,N,0.08337332,,N,175.213348677294
1665,Minor Trail,PENNYPACK,,,,CONNECTOR,HARD,EXISTING,,Y,Y,Y,N,N,N,N,0.06768853,,N,142.668010143583
1666,Minor Trail,PENNYPACK,,,,MINOR,HARD,EXISTING,,Y,Y,Y,N,N,N,N,0.04943246,,N,103.981435660233
1667,Minor Trail,PENNYPACK,,,,MINOR,HARD,EXISTING,,Y,Y,Y,N,N,N,N,0.00747312,,N,15.7109463596962
1668,Minor Trail,PENNYPACK,,,,CONNECTOR,HARD,EXISTING,,Y,Y,Y,N,N,N,N,0.05974434,,N,125.639871170458
1669,Minor Trail,PENNYPACK,,,,MINOR,HARD,EXISTING,,Y,Y,Y,N,N,N,N,0.04562089,,N,95.8300096315381
1670,Minor Trail,PENNYPACK,,,,MINOR,HARD,EXISTING,,Y,Y,Y,N,N,N,N,0.03544637,,N,74.7158695042744
1671,Minor Trail,PENNYPACK,,,,MINOR,HARD,EXISTING,,Y,Y,Y,N,N,N,N,0.00733681,,N,15.4534931836511
1672,Minor Trail,PENNYPACK,,,,MINOR,SOFT,EXISTING,,Y,Y,Y,N,N,N,N,0.0173845,,N,36.5706278879643
1673,Minor Trail,PENNYPACK,,,,MINOR,SOFT,EXISTING,,Y,Y,Y,N,N,N,N,0.02000999,,N,42.1807757041494
1674,Minor Trail,PENNYPACK,,,,CONNECTOR,SOFT,EXISTING,,Y,Y,Y,N,N,N,N,0.06074568,,N,127.835665435595
1675,Minor Trail,PENNYPACK,,,,CONNECTOR,SOFT,EXISTING,,Y,Y,Y,N,N,N,N,0.06324237,,N,133.186751307923
1676,Minor Trail,PENNYPACK,,,,CONNECTOR,SOFT,EXISTING,,Y,Y,Y,N,N,N,N,0.01422501,,N,29.8900561556188
1677,Minor Trail,PENNYPACK,,,,MINOR,SOFT,EXISTING,,Y,Y,Y,N,N,N,N,0.00751205,,N,15.7863142837011
1678,Minor Trail,PENNYPACK,,,,MINOR,SOFT,EXISTING,,Y,Y,Y,N,N,N,N,0.02538904,,N,53.3254625729688
1679,Minor Trail,PENNYPACK,,,,CONNECTOR,SOFT,EXISTING,,Y,Y,Y,N,N,N,N,0.03089052,,N,64.998764138137
1680,Minor Trail,PENNYPACK,,,,MINOR,SOFT,EXISTING,,Y,Y,Y,N,N,N,N,0.07703362,,N,161.838923548513
1681,Minor Trail,PENNYPACK,,,,MINOR,HARD,EXISTING,,Y,Y,Y,N,N,N,N,0.04393943,,N,92.3074872299491
1682,Minor Trail,PENNYPACK,,,,CONNECTOR,SOFT,EXISTING,,Y,Y,Y,N,N,N,N,0.01371917,,N,28.8210268004504
1683,Minor Trail,PENNYPACK,,,,MINOR,HARD,EXISTING,,Y,Y,Y,N,N,N,N,0.02655284,,N,55.9979869576511
1684,Minor Trail,PENNYPACK,,,,CONNECTOR,HARD,EXISTING,,Y,Y,Y,N,N,N,N,0.02259874,,N,47.5368228512067
1685,Minor Trail,PENNYPACK,,,,MINOR,SOFT,EXISTING,,Y,Y,Y,N,N,N,N,0.08908239,,N,187.06875177823
1686,Minor Trail,PENNYPACK,,,,MINOR,SOFT,EXISTING,,Y,Y,Y,N,N,N,N,0.01609116,,N,33.8484726090553
1687,Pleasant Hill Trail - Connector,NORTH_DELAWARE,,,,CONNECTOR,HARD,EXISTING,,Y,Y,Y,N,N,N,N,0.01131955,,N,23.8258392302417
1688,Pleasant Hill Trail,NORTH_DELAWARE,,Pleasant Hill Trail,,MINOR,HARD,EXISTING,,Y,Y,Y,N,N,N,N,0.05866318,,N,123.274497430054
1689,Poquessing 3 Trail,POQUESSING,,,,MINOR,SOFT,EXISTING,,Y,Y,Y,N,N,N,N,0.04789028,,N,100.909646290095
1690,Poquessing 3 Trail,POQUESSING,,,,MINOR,SOFT,EXISTING,,Y,Y,Y,N,N,N,N,0.00494168,,N,10.4255384042214
1691,Roxborough Reservoir Loop,OTHER,,,,CONNECTOR,HARD,EXISTING,,Y,Y,N,N,N,N,N,0.00757541,,N,15.9688316316223
1692,Roxborough Reservoir Loop,OTHER,,,,CONNECTOR,HARD,EXISTING,,Y,Y,N,N,N,N,N,0.00635278,,N,13.3919205582222
1693,Roxborough Reservoir Loop,OTHER,,,,DATA_CONNECTION,HARD,EXISTING,,Y,Y,N,N,N,N,N,0.00608599,,N,12.8279051613956
1694,Roxborough Reservoir Loop,OTHER,,,,MINOR,HARD,EXISTING,,Y,Y,N,N,N,N,N,0.09365342,,N,197.085445137458
1695,Roxborough Reservoir Loop,OTHER,,,,CONNECTOR,HARD,EXISTING,,Y,Y,N,N,N,N,N,0.0495316,,N,104.291925473236
1696,Roxborough Reservoir Loop,OTHER,,,,CONNECTOR,HARD,EXISTING,,Y,Y,N,N,N,N,N,0.0437641,,N,92.1062508082814
1697,Roxborough Reservoir Loop,OTHER,,,,MINOR,HARD,EXISTING,,Y,Y,N,N,N,N,N,0.06558801,,N,137.943327706365
1698,Roxborough Reservoir Loop,OTHER,,,,MINOR,HARD,EXISTING,,Y,Y,N,N,N,N,N,0.57296039,,N,1205.39224435866
1699,Yellow Trail,WISSAHICKON,,,,MINOR,HARD,EXISTING,,Y,Y,Y,N,N,N,N,0.04098669,,N,86.3524669874688
1700,Minor Trail,WISSAHICKON,,,,MINOR,HARD,EXISTING,,Y,Y,Y,N,N,N,N,0.00658642,,N,13.8308858418414
1701,Minor Trail,WISSAHICKON,,,,MINOR,HARD,EXISTING,,Y,Y,Y,N,N,N,N,0.00492726,,N,10.3656886309866
1702,Orange Trail,WISSAHICKON,,Orange Trail,,CONNECTOR,HARD,EXISTING,,Y,Y,Y,N,N,N,N,0.05273021,,N,110.724523256352
1703,White Trail,WISSAHICKON,,White Trail,,MINOR,SOFT,EXISTING,,Y,Y,Y,N,N,N,N,0.05234717,Minor changes as part of Fall 2021 reroute,N,109.945420671246
1704,Orange Trail,WISSAHICKON,,Orange Trail,,MINOR,SOFT,EXISTING,,Y,Y,Y,N,N,N,N,0.25368903,,N,534.119165669681
1705,White Trail,WISSAHICKON,,White Trail,,MINOR,SOFT,EXISTING,,Y,Y,Y,N,N,N,N,0.1386525,,N,291.754466965589
1706,Livezey Lane Sidepath,WISSAHICKON,,,,MINOR,HARD,EXISTING,,Y,Y,Y,N,N,N,N,0.01996533,,N,41.9254148192666
1707,Livezey Lane Sidepath,WISSAHICKON,,,,MINOR,HARD,EXISTING,,Y,Y,Y,N,N,N,N,0.04593179,,N,96.5693680513893
1708,Minor Trail,WISSAHICKON,,,,MINOR,HARD,EXISTING,,Y,Y,Y,N,N,N,N,0.0062604,,N,13.1460240109255
1709,Minor Trail,WISSAHICKON,,,,MINOR,SOFT,EXISTING,,Y,Y,Y,N,N,N,N,0.013211,,N,27.8492013597023
1710,White Trail,WISSAHICKON,,White Trail,,MINOR,SOFT,EXISTING,,Y,Y,Y,N,N,N,N,0.1066257,,N,224.066110098497
1711,Minor Trail,WISSAHICKON,,,,MINOR,HARD,EXISTING,,Y,Y,Y,N,N,N,N,0.0282491,,N,59.5398950653192
1712,Minor Trail,WISSAHICKON,,,,MINOR,HARD,EXISTING,,Y,Y,Y,N,N,N,N,0.30418786,,N,640.199796297431
1713,Minor Trail,WISSAHICKON,,,,MINOR,HARD,EXISTING,,Y,Y,Y,N,N,N,N,0.01071806,,N,22.5810341494627
1714,Minor Trail,WISSAHICKON,,,,CONNECTOR,SOFT,EXISTING,,Y,Y,Y,N,N,N,N,0.09847027,,N,207.048008018555
1715,Minor Trail,WISSAHICKON,,,,CONNECTOR,SOFT,EXISTING,,Y,Y,Y,N,N,N,N,0.05956861,,N,125.125093627053
1716,Minor Trail,WISSAHICKON,,,,CONNECTOR,HARD,EXISTING,,Y,Y,Y,N,N,N,N,0.07364425,,N,154.816433786845
1717,Minor Trail,WISSAHICKON,,,,MINOR,HARD,EXISTING,,Y,Y,Y,N,N,N,N,0.00353836,,N,7.43454461180279
1718,Minor Trail,EAST_FAIRMOUNT,,,,MINOR,HARD,EXISTING,,Y,Y,N,N,N,N,N,0.00385756,,N,8.08212349481726
1719,Minor Trail,PENNYPACK,,,,CONNECTOR,HARD,EXISTING,,Y,Y,Y,N,N,N,N,0.17200636,,N,361.692238814605
1720,Minor Trail,PENNYPACK,,,,MINOR,SOFT,EXISTING,,Y,Y,Y,N,N,N,N,0.09238561,,N,194.663125036172
1721,Minor Trail,PENNYPACK,,,,MINOR,SOFT,EXISTING,,Y,Y,Y,N,N,N,N,0.1016837,,N,214.19069830623
1722,Minor Trail,WISSAHICKON,,,,MINOR,HARD,EXISTING,,Y,Y,Y,N,N,N,N,0.00587465,,N,12.3392443677618
1723,Minor Trail,WISSAHICKON,,,,MINOR,HARD,EXISTING,,Y,Y,Y,N,N,N,N,0.01637883,,N,34.3948984726266
1724,Minor Trail,WISSAHICKON,,,,MINOR,HARD,EXISTING,,Y,Y,Y,N,N,N,N,0.01418214,,N,29.7341421564389
1725,Minor Trail,WISSAHICKON,,,,MINOR,HARD,EXISTING,,Y,Y,Y,N,N,N,N,0.0084146,,N,17.6419245012757
1726,Minor Trail,WISSAHICKON_CARPENTERS_WOODS,,,,CONNECTOR,SOFT,EXISTING,,Y,Y,Y,N,N,N,N,0.09902157,,N,208.166520245684
1727,Minor Trail,WISSAHICKON_CARPENTERS_WOODS,,,,MINOR,SOFT,EXISTING,,Y,Y,Y,N,N,N,N,0.03418212,,N,71.9454618629523
1728,Minor Trail,WISSAHICKON_CARPENTERS_WOODS,,,,CONNECTOR,SOFT,EXISTING,,Y,Y,Y,N,N,N,N,0.03821519,,N,80.45399415958
1729,Minor Trail,WISSAHICKON_CARPENTERS_WOODS,,,,CONNECTOR,SOFT,EXISTING,,Y,Y,Y,N,N,N,N,0.03741947,,N,78.5648078116179
1730,Minor Trail,WISSAHICKON_CARPENTERS_WOODS,,,,MINOR,SOFT,EXISTING,,Y,Y,Y,N,N,N,N,0.03482878,,N,73.2295167708895
1731,Minor Trail,WISSAHICKON_CARPENTERS_WOODS,,,,CONNECTOR,SOFT,EXISTING,,Y,Y,Y,N,N,N,N,0.00532865,,N,11.2079721172541
1732,Minor Trail,MORRIS,,,,CONNECTOR,SOFT,EXISTING,,Y,Y,N,N,N,N,N,0.00519874,,N,10.9051215925347
1733,Minor Trail,MORRIS,,,,CONNECTOR,SOFT,EXISTING,,Y,Y,N,N,N,N,N,0.01692179,,N,35.5134474138251
1734,Minor Trail,MORRIS,,,,CONNECTOR,SOFT,EXISTING,,Y,Y,N,N,N,N,N,0.02215384,,N,46.474620201335
1735,Kelly Drive Trail,EAST_FAIRMOUNT,"Waterworks Drive, Seahorse Circle",,,MINOR,HARD,EXISTING,,Y,Y,N,N,N,N,N,0.01719954,,N,36.1489490801848
1736,Kelly Drive Trail,EAST_FAIRMOUNT,"Waterworks Drive, Seahorse Circle",,,MINOR,HARD,EXISTING,,Y,Y,N,N,N,N,N,0.01510676,,N,31.6742734971354
1737,Minor Trail,EAST_FAIRMOUNT,,,,MINOR,HARD,EXISTING,,Y,Y,N,N,N,N,N,0.04100048,,N,86.2435381511508
1738,Minor Trail,EAST_FAIRMOUNT,,,,MINOR,HARD,EXISTING,,Y,Y,N,N,N,N,N,0.04138237,,N,86.8421687396681
1739,Minor Trail,EAST_FAIRMOUNT,,,,MINOR,HARD,EXISTING,,Y,Y,N,N,N,N,N,0.23741966,,N,499.33141811047
1740,Minor Trail,PENNYPACK,,,,MINOR,SOFT,EXISTING,,Y,Y,Y,N,N,N,N,0.01875952,,N,39.482477449786
1741,Minor Trail,PENNYPACK,,,,MINOR,SOFT,EXISTING,,Y,Y,Y,N,N,N,N,0.13840879,,N,291.363678795577
1742,Minor Trail,PENNYPACK,,,,MINOR,SOFT,EXISTING,,Y,Y,Y,N,N,N,N,0.10023153,,N,210.891056037693
1743,Pennypack Trail,PENNYPACK,,,,MAJOR,HARD,EXISTING,,Y,Y,Y,Y,N,N,N,0.02381847,,N,50.1234124515046
1744,Forbidden Drive,WISSAHICKON,,Forbidden Drive,,MAJOR,HARD,EXISTING,,Y,Y,Y,Y,N,N,N,0.39096057,,N,823.521209410448
1745,Pennypack Trail,PENNYPACK,,Pennypack Trail,,MAJOR,HARD,EXISTING,,Y,Y,Y,Y,N,N,N,0.21184117,,N,445.359964778988
1746,Pennypack Trail,PENNYPACK,,Pennypack Trail,,MAJOR,HARD,EXISTING,,Y,Y,Y,Y,N,N,N,0.09898441,,N,208.659929476004
1747,Pennypack Trail,PENNYPACK,,Pennypack Trail,,MAJOR,HARD,EXISTING,,Y,Y,Y,Y,N,N,N,0.06895742,,N,145.236489794267
1748,Pennypack Trail,PENNYPACK,,Pennypack Trail,,MAJOR,HARD,EXISTING,,Y,Y,Y,Y,N,N,N,0.24847978,,N,522.930420076862
1749,Pennypack Trail,PENNYPACK,,Pennypack Trail,,MAJOR,HARD,EXISTING,,Y,Y,Y,Y,N,N,N,0.38082185,,N,801.475801616358
1750,Tacony Creek Trail,TACONY_FRANKFORD,,,,MAJOR,HARD,EXISTING,,Y,Y,Y,Y,N,N,N,0.04203026,,N,88.5086655683742
1751,Tacony Creek Trail,TACONY_FRANKFORD,,Tacony Creek Trail,,MAJOR,HARD,EXISTING,,Y,Y,Y,Y,N,N,N,0.05687821,,N,119.758278530768
1752,Pennypack Trail,PENNYPACK,,Pennypack Trail,,MAJOR,HARD,EXISTING,,Y,Y,Y,Y,Y,N,Y,0.08521267,,N,179.126375291266
1753,Pennypack Trail,NORTH_DELAWARE,,Pennypack Trail,,MAJOR,HARD,EXISTING,,Y,Y,Y,Y,Y,N,Y,0.05889423,,N,123.767902421453
1754,Pennypack Trail,NORTH_DELAWARE,,Pennypack Trail,,MAJOR,HARD,EXISTING,,Y,Y,Y,Y,Y,N,Y,0.05184058,,N,109.114407332458
1755,Pennypack Trail,PENNYPACK,,,,MAJOR,HARD,EXISTING,,Y,Y,Y,Y,N,N,N,0.01073805,,N,22.5575333289477
1756,Pennypack Trail,PENNYPACK,,Pennypack Trail,,MAJOR,HARD,EXISTING,,Y,Y,Y,Y,N,N,N,0.13649576,,N,287.116824664178
1757,Pennypack Trail,PENNYPACK,,Pennypack Trail,,MAJOR,HARD,EXISTING,,Y,Y,Y,Y,N,N,N,0.17362623,,N,365.283601491
1758,Pennypack Trail,PENNYPACK,,,,MAJOR,HARD,EXISTING,,Y,Y,Y,Y,N,N,N,0.01301409,,N,27.4230734852931
1759,Manayunk Canal Towpath,SRT_TOWPATH,,Schuylkill River Trail,,MAJOR,HARD,EXISTING,,Y,Y,N,Y,N,Y,N,0.06565302,,N,138.061511153003
1760,Forbidden Drive,WISSAHICKON,,Forbidden Drive,,MAJOR,HARD,EXISTING,,Y,Y,Y,Y,N,N,N,0.35093938,,N,739.494608035092
1761,Forbidden Drive,WISSAHICKON,,Forbidden Drive,,MAJOR,HARD,EXISTING,,Y,Y,Y,Y,N,N,N,0.13682653,,N,287.955553359752
1762,Forbidden Drive,WISSAHICKON,,Forbidden Drive,,MAJOR,HARD,EXISTING,,Y,Y,Y,Y,N,N,N,0.05413923,,N,114.089715569035
1763,Forbidden Drive,WISSAHICKON,,Forbidden Drive,,MAJOR,HARD,EXISTING,,Y,Y,Y,Y,N,N,N,0.35825549,,N,754.064355310088
1764,Forbidden Drive,WISSAHICKON,,,,MAJOR,HARD,EXISTING,,Y,Y,Y,Y,N,N,N,0.04605909,,N,97.0369281651674
1765,Forbidden Drive,WISSAHICKON,,,,MAJOR,HARD,EXISTING,,Y,Y,Y,Y,N,N,N,0.04829694,,N,101.770941051779
1766,Forbidden Drive,WISSAHICKON,,Forbidden Drive,,MAJOR,HARD,EXISTING,,Y,Y,Y,Y,N,N,N,0.11873195,,N,249.944505341965
1767,Forbidden Drive,WISSAHICKON,,Forbidden Drive,,MAJOR,HARD,EXISTING,,Y,Y,Y,Y,N,N,N,0.17805309,,N,374.852763577265
1768,Forbidden Drive,WISSAHICKON,,Forbidden Drive,,MAJOR,HARD,EXISTING,,Y,Y,Y,Y,N,N,N,0.06348542,,N,133.756310076447
1769,Forbidden Drive,WISSAHICKON,,Forbidden Drive,,MAJOR,HARD,EXISTING,,Y,Y,Y,Y,N,N,N,0.12590212,,N,265.371636060205
1770,Forbidden Drive,WISSAHICKON,,Forbidden Drive,,MAJOR,HARD,EXISTING,,Y,Y,Y,Y,N,N,N,0.06485418,,N,136.684859874246
1771,Forbidden Drive,WISSAHICKON,,Forbidden Drive,,MAJOR,HARD,EXISTING,,Y,Y,Y,Y,N,N,N,0.42986682,,N,905.06283027561
1772,Forbidden Drive,WISSAHICKON,,Forbidden Drive,,MAJOR,HARD,EXISTING,,Y,Y,Y,Y,N,N,N,0.13512763,,N,284.574609680238
1773,Forbidden Drive,WISSAHICKON,,Forbidden Drive,,MAJOR,HARD,EXISTING,,Y,Y,Y,Y,N,N,N,0.37854544,,N,795.836474973531
1774,Forbidden Drive,WISSAHICKON,,,,MAJOR,HARD,EXISTING,,Y,Y,Y,Y,N,N,N,0.03629498,,N,76.3589122158847
1775,Lincoln Drive Trail,WISSAHICKON,,,,MAJOR,HARD,EXISTING,,Y,Y,Y,N,N,N,N,0.02485057,,N,52.2579468773673
1776,Forbidden Drive,WISSAHICKON,,Forbidden Drive,,MAJOR,HARD,EXISTING,,Y,Y,Y,Y,N,N,N,0.10631653,,N,223.282571684699
1777,Lincoln Drive Trail,WISSAHICKON,,Lincoln Drive Trail,,MAJOR,HARD,EXISTING,,Y,Y,Y,Y,N,N,N,0.20980452,,N,440.793926709272
1778,Lincoln Drive Trail,WISSAHICKON,,Lincoln Drive Trail,,MAJOR,HARD,EXISTING,,Y,Y,Y,Y,N,N,N,0.14589184,,N,306.96161967566
1779,Kelly Drive Trail,EAST_FAIRMOUNT,,Schuylkill River Trail,,MAJOR,HARD,EXISTING,,Y,Y,N,Y,N,Y,N,0.05621109,,Y,118.191467775539
1780,Kelly Drive Trail,EAST_FAIRMOUNT,,Schuylkill River Trail,,MAJOR,HARD,EXISTING,,Y,Y,N,Y,N,Y,N,0.68443627,,Y,1438.07202499154
1781,Schuylkill Banks,SRT_SCHUYLKILL_BANKS,,,,MAJOR,HARD,EXISTING,,Y,Y,N,Y,Y,Y,N,0.03410185,,Y,71.6755461036139
1782,Schuylkill Banks,SRT_SCHUYLKILL_BANKS,,,,MAJOR,HARD,EXISTING,,Y,Y,N,Y,Y,Y,N,0.01118507,,Y,23.4688977862288
1783,Schuylkill Banks,SRT_SCHUYLKILL_BANKS,,,,MAJOR,HARD,EXISTING,,Y,Y,N,Y,Y,Y,N,0.0116173,,Y,24.4153783662198
1784,Schuylkill Banks,SRT_SCHUYLKILL_BANKS,,,,MAJOR,HARD,EXISTING,,Y,Y,N,Y,Y,Y,N,0.01072343,,Y,22.5005934093013
1785,Schuylkill Banks,SRT_SCHUYLKILL_BANKS,,,,MAJOR,HARD,EXISTING,,Y,Y,N,Y,Y,Y,N,0.01420771,,N,29.8586594090992
1786,Minor Trail,SRT_SCHUYLKILL_BANKS,,,,MINOR,HARD,EXISTING,,Y,Y,N,N,Y,N,N,0.02662415,,N,55.8980703198304
1787,Bartrams Mile,BARTRAMS,,,,MAJOR,HARD,EXISTING,,Y,Y,N,Y,Y,Y,N,0.01661968,,N,34.8520660205427
1788,Bartrams Mile,BARTRAMS,,Schuylkill River Trail,,MAJOR,HARD,EXISTING,,Y,Y,N,Y,N,Y,N,0.09511519,,N,199.532061015759
1789,Bartrams Mile,BARTRAMS,,Schuylkill River Trail,,MAJOR,HARD,EXISTING,,Y,Y,N,Y,N,Y,N,0.1308123,,N,275.158626810532
1790,Bartrams Mile,BARTRAMS,,,,MAJOR,HARD,EXISTING,,Y,Y,N,Y,N,Y,N,0.00942037,,N,19.8093345237075
1791,Kelly Drive Trail,EAST_FAIRMOUNT,,,,MAJOR,HARD,EXISTING,,Y,Y,N,Y,Y,N,N,0.021479,,N,45.14000630809
1792,Minor Trail,COBBS_LOWER,,,,CONNECTOR,HARD,EXISTING,,Y,Y,Y,N,N,N,N,0.12275839,,N,257.404057053663
1793,Cobbs Creek Trail,COBBS_LOWER,,,,MAJOR,HARD,EXISTING,,Y,Y,Y,Y,N,N,N,0.05612507,,N,118.129290932167
1794,Minor Trail,NORTH_DELAWARE,,,,CONNECTOR,HARD,EXISTING,,Y,Y,Y,N,N,N,N,0.00802729,,N,16.894419382962
1795,Minor Trail,PENNYPACK,,,,CONNECTOR,SOFT,EXISTING,,Y,Y,Y,N,N,N,N,0.01945657,,N,40.9201237310007
1796,Minor Trail,PENNYPACK,,,,MINOR,SOFT,EXISTING,,Y,Y,Y,N,N,N,N,0.07331196,,N,154.506552990279
1797,Minor Trail,PENNYPACK,,,,MINOR,SOFT,EXISTING,,Y,Y,Y,N,N,N,N,0.02481374,,N,52.3207897983864
1798,Minor Trail,WISSAHICKON,,,,MINOR,SOFT,EXISTING,,Y,Y,Y,N,N,N,N,0.19577197,,N,411.116220582171
1799,Minor Trail,WISSAHICKON,,,,MINOR,SOFT,EXISTING,,Y,Y,Y,N,N,N,N,0.10394817,,N,218.308669102157
1800,Minor Trail,WISSAHICKON,,,,MINOR,HARD,EXISTING,,Y,Y,Y,N,N,N,N,0.02384107,,N,50.129115936765
1801,Minor Trail,WISSAHICKON,,,,MINOR,HARD,EXISTING,,Y,Y,Y,N,N,N,N,0.02060811,,N,43.2581541654143
1802,Minor Trail,WISSAHICKON,,,,MINOR,HARD,EXISTING,,Y,Y,Y,N,N,N,N,0.02000685,,N,42.0348284970667
1803,Minor Trail,MORRIS,,,,MINOR,SOFT,EXISTING,,Y,Y,N,N,N,N,N,0.05177207,,N,108.760598656235
1804,Minor Trail,WISSAHICKON,,,,CONNECTOR,HARD,EXISTING,,Y,Y,Y,N,N,N,N,0.04070392,,N,85.6344548060797
1805,Kelly Drive Trail,EAST_FAIRMOUNT,,,,MAJOR,HARD,EXISTING,,Y,Y,N,Y,Y,N,N,0.02283881,,N,47.923022767523
1806,Kelly Drive Trail,EAST_FAIRMOUNT,,Schuylkill River Trail,,MAJOR,HARD,EXISTING,,Y,Y,N,Y,Y,N,N,0.06686181,,N,140.33378584973
1807,Kelly Drive Trail,EAST_FAIRMOUNT,,,,MAJOR,HARD,EXISTING,,Y,Y,N,Y,Y,N,N,0.00944507,,N,19.8276245183101
1808,Kelly Drive Trail,EAST_FAIRMOUNT,,Schuylkill River Trail,,MAJOR,HARD,EXISTING,,Y,Y,N,Y,Y,N,N,0.08766556,,N,184.138405200857
1809,Kelly Drive Trail,EAST_FAIRMOUNT,,,,MAJOR,HARD,EXISTING,,Y,Y,N,Y,Y,Y,N,0.03579543,,Y,75.315054869705
1810,Kelly Drive Trail,EAST_FAIRMOUNT,,,,MAJOR,HARD,EXISTING,,Y,Y,N,Y,Y,Y,N,0.02805548,,Y,58.9695766436216
1811,Minor Trail,EAST_FAIRMOUNT,,,,MINOR,HARD,EXISTING,,Y,Y,N,N,N,N,N,0.01108075,,N,23.2378311057119
1812,Minor Trail,WISSAHICKON,,,,CONNECTOR,SOFT,EXISTING,,Y,Y,Y,N,N,N,N,0.05218748,,N,109.682976898605
1813,White Trail,WISSAHICKON,,,,MINOR,SOFT,EXISTING,,Y,Y,Y,N,N,N,N,0.007126,,N,15.0226482243876
1814,Minor Trail,WISSAHICKON,,,,CONNECTOR,SOFT,EXISTING,,Y,Y,Y,N,N,N,N,0.03782067,,N,79.6338840956278
1815,Minor Trail,WISSAHICKON,,,,CONNECTOR,SOFT,EXISTING,,Y,Y,Y,N,N,N,N,0.02199666,,N,46.258815983081
1816,Schuylkill Banks,SRT_SCHUYLKILL_BANKS,,,,MAJOR,HARD,EXISTING,,Y,Y,N,Y,Y,Y,N,0.01099792,,N,23.0781053417145
1817,Yellow Trail,WISSAHICKON,,,,MINOR,SOFT,EXISTING,,Y,Y,Y,N,N,N,N,0.11838531,,N,249.196712616838
1818,Minor Trail,FDR,,,,MINOR,HARD,EXISTING,,Y,Y,Y,N,N,N,N,0.05936293,,N,124.394716365565
1819,Minor Trail,FDR,,,,MINOR,HARD,EXISTING,,Y,Y,Y,N,N,N,N,0.02966484,,N,62.1632151626846
1820,Minor Trail,FDR,,,,MINOR,HARD,EXISTING,,Y,Y,Y,N,N,N,N,0.01474269,,N,30.892570895564
1821,Minor Trail,SCHUYLKILL_RIVER_PARK,,,,MINOR,HARD,EXISTING,,Y,Y,Y,N,N,N,N,0.00471143,,N,9.91481304041711
1822,Minor Trail,SCHUYLKILL_RIVER_PARK,,,,MINOR,HARD,EXISTING,,Y,Y,Y,N,N,N,N,0.00625745,,N,13.1471866238941
1823,Yellow Trail,WISSAHICKON,,,,MINOR,SOFT,EXISTING,,Y,Y,Y,N,N,N,N,0.23123581,,N,486.388416645456
1824,Minor Trail,SCHUYLKILL_RIVER_PARK,,,,MINOR,HARD,EXISTING,,Y,Y,Y,N,N,N,N,0.0087372,,N,18.3492011356449
1825,Minor Trail,SCHUYLKILL_RIVER_PARK,,,,MINOR,HARD,EXISTING,,Y,Y,Y,N,N,N,N,0.00392969,,N,8.25532620243703
1826,Minor Trail,SCHUYLKILL_RIVER_PARK,,,,MINOR,HARD,EXISTING,,Y,Y,Y,N,N,N,N,0.06157026,,N,129.356970041925
1827,Minor Trail,SCHUYLKILL_RIVER_PARK,,,,MINOR,HARD,EXISTING,,Y,Y,Y,N,N,N,N,0.0034411,,N,7.22817203392069
1828,Minor Trail,PENNYPACK,,,,CONNECTOR,SOFT,EXISTING,,Y,Y,Y,N,N,N,N,0.08751121,,N,184.146169764474
1829,Pennypack Trail,PENNYPACK,,,,MAJOR,HARD,EXISTING,,Y,Y,Y,Y,N,N,N,0.03917721,,N,82.4958698328869
1830,Minor Trail,PENNYPACK,,,,MINOR,SOFT,EXISTING,,Y,Y,Y,N,N,N,N,0.01008891,,N,21.2037070674408
1831,Pennypack Trail,PENNYPACK,,,,MAJOR,HARD,EXISTING,,Y,Y,Y,Y,N,N,N,0.0084208,,N,17.7036252910486
1832,Minor Trail,PENNYPACK,,,,MINOR,SOFT,EXISTING,,Y,Y,Y,N,N,N,N,0.05318213,,N,112.097818981858
1833,Minor Trail,PENNYPACK,,,,CONNECTOR,SOFT,EXISTING,,Y,Y,Y,N,N,N,N,0.01801346,,N,37.9373119459896
1834,Minor Trail,PENNYPACK,,,,CONNECTOR,SOFT,EXISTING,,Y,Y,Y,N,N,N,N,0.05907969,,N,124.187955347003
1835,Minor Trail,EAST_FAIRMOUNT,,,,MINOR,HARD,EXISTING,,Y,Y,N,N,N,N,N,0.00682068,,N,14.3331759218272
1836,Minor Trail,EAST_FAIRMOUNT,,,,MINOR,HARD,EXISTING,,Y,Y,N,N,N,N,N,0.01253617,,N,26.37462432717
1837,Minor Trail,EAST_FAIRMOUNT,,,,MINOR,HARD,EXISTING,,Y,Y,N,N,N,N,N,0.01230677,,N,25.8979568977842
1838,Kelly Drive Trail,EAST_FAIRMOUNT,,,,MAJOR,HARD,EXISTING,,Y,Y,N,Y,Y,Y,N,0.01151001,,Y,24.1820638045808
1839,Minor Trail,EAST_FAIRMOUNT,,,,MINOR,HARD,EXISTING,,Y,Y,N,N,N,N,N,0.01528152,,N,32.145825450826
1840,Minor Trail,EAST_FAIRMOUNT,,,,MINOR,HARD,EXISTING,,Y,Y,N,N,N,N,N,0.0113115,,N,23.7864352215968
1841,Minor Trail,EAST_FAIRMOUNT,,,,MINOR,HARD,EXISTING,,Y,Y,N,N,N,N,N,0.0116608,,N,24.5329947981393
1842,Minor Trail,EAST_FAIRMOUNT,,,,MINOR,HARD,EXISTING,,Y,Y,N,N,N,N,N,0.01401135,,N,29.4799078234478
1843,Kelly Drive Trail,EAST_FAIRMOUNT,,,,MAJOR,HARD,EXISTING,,Y,Y,N,Y,Y,Y,N,0.0143456,,Y,30.1698858490132
1844,Minor Trail,EAST_FAIRMOUNT,,,,MINOR,HARD,EXISTING,,Y,Y,N,N,N,N,N,0.0072432,,N,15.1814142094119
1845,Minor Trail,EAST_FAIRMOUNT,,,,MINOR,HARD,EXISTING,,Y,Y,N,N,N,N,N,0.00627514,,N,13.2077531871714
1846,Kelly Drive Trail,EAST_FAIRMOUNT,,,,MAJOR,HARD,EXISTING,,Y,Y,N,Y,Y,Y,N,0.01058161,,Y,22.2551184984295
1847,Minor Trail,EAST_FAIRMOUNT,,,,MINOR,SOFT,EXISTING,,Y,Y,N,N,N,N,N,0.02213947,,N,46.5610502328146
1848,Minor Trail,EAST_FAIRMOUNT,,,,MINOR,HARD,EXISTING,,Y,Y,N,N,N,N,N,0.00413592,,N,8.69080002516406
1849,Minor Trail,EAST_FAIRMOUNT,,,,MINOR,HARD,EXISTING,,Y,Y,N,N,N,N,N,0.01478133,,N,31.0652316220126
1850,Schuylkill Banks,SRT_SCHUYLKILL_BANKS,,,,MAJOR,HARD,EXISTING,,Y,Y,N,Y,Y,Y,N,0.03384835,,Y,71.2200229927047
1851,MLK Trail,WEST_FAIRMOUNT,West River Drive Trail,MLK Trail,,MAJOR,HARD,EXISTING,,Y,Y,N,Y,N,Y,N,0.06404471,,N,134.579166830552
1852,Frankford Creek Greenway,TACONY_FRANKFORD,,Frankford Creek Greenway,,MAJOR,HARD,EXISTING,,Y,Y,Y,Y,N,N,N,0.45802175,Riverfront North,N,963.74024194405
1853,Frankford Creek Greenway,TACONY_FRANKFORD,,Frankford Creek Greenway,,MAJOR,HARD,ON_STREET,,Y,Y,N,Y,N,N,N,0.21936472,,N,460.722547659287
1854,Cobbs Creek Trail - Connector,COBBS_LOWER,,,,CONNECTOR,HARD,EXISTING,,Y,Y,N,N,N,N,N,0.01096935,Construction 2022-2023,,23.0581886542398
1855,Kensington and Tacony Trail,NORTH_DELAWARE,"Tacony-Holmesburg Gap; Delaware Riverfront Greenway;Link Logistics Trail",K and T Trail,,MAJOR,HARD,EXISTING,,Y,Y,Y,Y,Y,N,Y,0.23450059,,N,492.67103388461
1856,Trolley Trail - Falls Road Connector,WEST_FAIRMOUNT,,,,MINOR,SOFT,EXISTING,,Y,Y,Y,Y,N,N,N,0.03618156,,N,75.9990237816623
1857,Minor Trail,BARTRAMS,,,,CONNECTOR,HARD,EXISTING,,Y,Y,N,N,N,N,N,0.00669597,,N,14.0704292225046
1858,Kensington and Tacony Trail,NORTH_DELAWARE,"Kensington and Tacony Trail - Phase 2; Delaware Riverfront Greenway",K and T Trail,,MAJOR,HARD,EXISTING,,Y,Y,Y,Y,Y,N,Y,0.11818857,Open as of 8/23,N,248.21675460544
1859,Kensington and Tacony Trail,NORTH_DELAWARE,Delaware Riverfront Greenway,K and T Trail,,MAJOR,HARD,EXISTING,,Y,Y,Y,Y,Y,N,Y,0.21064519,,N,442.387384317863
1860,Fox Chase Lorimer Trail,OTHER,,Fox Chase Lorimer Trail,,MAJOR,HARD,EXISTING,,Y,Y,Y,Y,N,N,N,0.40045113,,,844.371998911083
1861,Frankford Creek Greenway,TACONY_FRANKFORD,,Frankford Creek Greenway,,MAJOR,HARD,EXISTING,,Y,Y,Y,Y,N,N,N,0.24273549,,N,509.935042395702
1862,Minor Trail,EAST_FAIRMOUNT,,,,CONNECTOR,HARD,EXISTING,,Y,Y,N,N,N,N,N,,Street crosswalk at Poplar Drive.,N,25.9056994401978
1863,Minor Trail,EAST_FAIRMOUNT,,,,CONNECTOR,HARD,EXISTING,,Y,Y,N,N,N,N,N,,Street crosswalk at Sedgeley Drive.,N,21.3360997308239
1864,Minor Trail,WISSAHICKON,,,,CONNECTOR,SOFT,EXISTING,,Y,Y,Y,N,N,N,N,0.16286673,,N,342.21191942862
1865,Yellow Trail,WISSAHICKON,,Yellow Trail,,MINOR,SOFT,EXISTING,,Y,Y,Y,N,N,N,N,0.05624657,,N,118.281107821703
1866,Minor Trail,FDR,,,,MINOR,HARD,EXISTING,,Y,Y,Y,N,N,N,N,0.03639971,,N,76.4217171362757
1867,Minor Trail,WISSAHICKON,,,,CONNECTOR,SOFT,EXISTING,,Y,Y,Y,N,N,N,N,0.0459493,,N,96.453190554779
1868,Minor Trail,WISSAHICKON,,,,CONNECTOR,SOFT,EXISTING,,Y,Y,Y,N,N,N,N,0.00670038,,N,14.0730262784031
1869,Pennypack Trail,PENNYPACK,,Pennypack Trail,,MAJOR,HARD,EXISTING,,Y,Y,Y,Y,N,N,N,0.116757,,N,245.501542010115
1870,Tacony Creek Trail,TACONY_FRANKFORD,,,,MAJOR,HARD,EXISTING,,Y,Y,Y,Y,N,N,N,0.00440968,,N,9.25949125070774
1871,Orange Trail,WISSAHICKON,,Orange Trail,,MINOR,SOFT,EXISTING,,Y,Y,Y,N,N,N,N,0.07804587,,N,164.333951587352
1872,Minor Trail,WISSAHICKON,,,,MINOR,SOFT,EXISTING,,Y,Y,Y,N,N,N,N,0.08781497,,N,184.454471164044
1873,Minor Trail,WISSAHICKON,,,,MINOR,SOFT,EXISTING,,Y,Y,Y,N,N,N,N,0.02699812,,N,56.7770443708959
1874,Minor Trail,PENNYPACK,,,,MINOR,HARD,EXISTING,,Y,Y,Y,N,N,N,N,0.00262992,,N,5.54031726201882
1875,Minor Trail,PENNYPACK,,,,MINOR,SOFT,EXISTING,,Y,Y,Y,N,N,N,N,0.01202592,,N,25.2503894492504
1876,Minor Trail,COBBS_LOWER,,,,MINOR,SOFT,EXISTING,,Y,Y,Y,N,N,N,N,0.64955222,,N,1365.85697433861
1877,Minor Trail,COBBS_LOWER,,,,MINOR,SOFT,EXISTING,,Y,Y,Y,N,N,N,N,0.02193869,,N,46.172834243621
1878,Minor Trail,BARTRAMS,,,,MINOR,HARD,EXISTING,,Y,Y,N,N,N,N,N,0.00855269,,N,17.985392601918
1879,Minor Trail,FDR,,,,MINOR,HARD,EXISTING,,Y,Y,Y,N,N,N,N,0.06804182,,N,142.582812996298
1880,Minor Trail,FDR,,,,MINOR,HARD,EXISTING,,Y,Y,Y,N,N,N,N,0.02794144,,N,58.611592628079
1881,Minor Trail,FDR,,,,MINOR,HARD,EXISTING,,Y,Y,Y,N,N,N,N,0.03935451,,N,82.6365369583588
1882,Minor Trail,FDR,,,,MINOR,HARD,EXISTING,,Y,Y,Y,N,N,N,N,0.01225625,,N,25.7505309709513
1883,Minor Trail,FDR,,,,MINOR,HARD,EXISTING,,Y,Y,Y,N,N,N,N,0.01045,,N,21.9172323518065
1884,Minor Trail,FDR,,,,CONNECTOR,HARD,EXISTING,,Y,Y,Y,N,N,N,N,0.00754235,,N,15.8278905176268
1885,Minor Trail,FDR,,,,CONNECTOR,HARD,EXISTING,,Y,Y,Y,N,N,N,N,0.00267533,,N,5.62695521878918
1886,Minor Trail,FDR,,,,MINOR,HARD,EXISTING,,Y,Y,Y,N,N,N,N,0.010448,,N,21.8934855266473
1887,Minor Trail,FDR,,,,MINOR,HARD,EXISTING,,Y,Y,Y,N,N,N,N,0.01265081,,N,26.5058865281436
