public_name,parent_name,nested,official_name,label,alias,dpp_asset_id,address_911,zip_code,address_brt,alias_address,acreage,property_classification,ppr_use,ppr_prog_district,ppr_ops_district,council_district,police_district,city_scale_maps,local_scale_maps,program_sites,comments,objectid,Shape__Area,Shape__Length
Rail Park,Rail Park,N,The Rail Park,Rail Park,,,1250 NOBLE ST,19123,,1136 CALLOWHILL ST,0.87210895,PATHWAY,GREENWAY,9,5,1,9,,,N,Elevated former railway. ,1,6009.9453125,825.079375938523
Williams Moore Reed Memorial Park,Williams Moore Reed Memorial Park,N,Williams Moore Reed Memorial Park,Williams Moore Reed,11th and Venango Play Lot,,3600 N 11TH ST,19140,3600 N 11TH ST,3600 N 11TH ST,0.9728607,PARK,RECREATION_SITE,8,3,5,25,,,N,"Former School District Site that was acquired by the City/PPR in 2020. Renovation in 2021, name change ordinance approved March 2022. Renovation still happening in 2023.",2,6718.48828125,325.853575897883
Maplewood Mall Plazas,Maplewood Mall Plazas,N,,Maplewood,,,1 W ARMAT ST,19144,"5530-34 GERMANTOWN AVE; 5537-41 GREENE ST","5530-34 GERMANTOWN AVE; 5537-41 GREENE ST; Germantown Ave & W Armat St; Greene St & W Armat St",0.40225666,PATHWAY,SQUARE_PLAZA,4,4,8,14,,,N,Property maintained by Streets and Germantown Special Services District.,3,2781.35546875,310.009261482914
Nicetown Park,Nicetown Park,N,,Nicetown,Nicetown Triangle,,4301 GERMANTOWN AVE,19140,"4327-43 N GRATZ ST;4327R N GRATZ ST;4301-05 GERMANTOWN AVE;4369-71 GERMANTOWN AVE","4327-43 N GRATZ ST;4327R N GRATZ ST;4301-05 GERMANTOWN AVE;4377 GERMANTOWN AVE;4369-71 GERMANTOWN AVE",3.0184954,PARK,NEIGHBORHOOD_PARK,4,4,8,39,,,N,,4,20853.48828125,1283.91736080625
Wissahickon East,Wissahickon East,N,,Wissahickon East,"Nomar; Donation Parcel; Brown-Souza-Jacobs; Conservation Plan",,7530 ANDERSON ST,19119,"315 WOODBROOK LN; 7530 ANDERSON ST","7530 ANDERSON ST; 315 WOODBROOK LN",5.6176792,CONSERVATION,NATURE_AREA,3,4,8,14,,,N,Conservation Easement held by Chestnut Hill Historical Society (2006),5,38866.34375,951.750342571916
Ottinger Tract,Ottinger Tract,N,,Ottinger, ,,7808 NIXON ST,19128,"7808 NIXON ST, 7868 NIXON ST",7868 NIXON ST,4.48293164,CONSERVATION,NATURE_AREA,3,4,4,5,,,N,,6,30993.55078125,1441.50508307938
25th and Dauphin District Headquarters,25th and Dauphin District Headquarters,N,,25th and Dauphin (District HQ),"Maintenance Division;Neighborhood Parks and Construction Unit Headquarters;District 6 Satellite Office",,2501 W SEDGLEY AVE,19132,"2503-09 W SEDGLEY AVE;2200-08 N 25TH ST","2503-09 W SEDGLEY AVE;2200-08 N 25TH ST",0.46464849,OPERATIONAL_INTERNAL,OPERATIONS,8,6,5,22,,,N,,7,3207.2109375,278.243037134425
Sedgely and Fletcher Warehouse,Sedgely and Fletcher Warehouse,N,,Sedgely Warehouse,"Sedgley Storeroom;Maintenance Warehouse;Central Warehouse",,2528 W SEDGLEY AVE,19132,2528-34 W SEDGLEY AVE,"W Sedgley Ave & N 26th St;2528-34 W SEDGLEY AVE",0.77389878,OPERATIONAL_INTERNAL,OPERATIONS,8,6,5,22,,,N,School District land and facility that PPR leases from 1975.,8,5341.65234375,356.17809243458
Bartrams Mile Trail Greenway (56th),Bartrams Mile Trail Greenway,Y,,Bartrams Greenway (56th),"Bartram's Mile; Bartrams South",,3101 S 56TH ST,19143,3101 S 56TH ST,"3101 S 56TH ST;3000 S 56TH ST",2.51777216,PATHWAY,GREENWAY,10,8,3,12,,,N,,9,17346.92578125,1010.07434557986
William H (Billy) Markward Memorial Playground,Schuylkill River Park,Y,William H. (Billy) Markward Memorial Playground,Markward,"OConnor Pool; Joseph O'Connor Memorial Pool",,400 S LECOUNT ST,19146,"400-16 S TANEY ST;338-46 S 26TH ST;300 S 26TH ST;2601-13 SOUTH ST","400-16 S TANEY ST;577 S TANEY ST;Pine & Taney;338-46 S 26TH ST;300 S 26TH ST;2620 Pine St;350 S 26th St;2601-13 SOUTH ST, 26th & South;570 S 26TH ST",3.75279089,PARK,RECREATION_SITE,11,"5;7",2,"9;17",,,Y,Markward site includes the O'Connor Pool,10,25871.45703125,1094.40263230147
Schuylkill Banks,Schuylkill Banks,N,,Schuylkill Banks,,,2425 CHESTNUT ST,19103,"2500 SPRING GARDEN ST;2451 MARKET ST;2369-71 JFK BLVD; 2448-52 CHERRY ST;2331 CHERRY ST;2345-49 RACE ST;2427A-31 WALNUT ST;2433-41 WALNUT ST;2518-26 L","2500 SPRING GARDEN ST;2451 MARKET ST;2369-71 JFK BLVD; 2448-52 CHERRY ST;2331 CHERRY ST;2345-49 RACE ST;2427A-31 WALNUT ST;2433-41 WALNUT ST;2518-26 LOCUST ST;",14.7172547,PATHWAY,GREENWAY,"9;11","5;7","2;5","9;17",,,N,Bill 160113 (4/14/16) -South of South St Bridge,11,101477.19921875,9300.67027509377
Schuylkill River Park,Schuylkill River Park,N,,Schuylkill River Park,,,300 S 25TH ST,19103,"400-16 S TANEY ST, 338-46 S 26TH ST, 300 S 26TH ST, 302-22 S 25TH ST, 2500R-06 LOCUST ST","Pine & Taney, 400-16 S TANEY ST, 338-46 S 26TH ST, 300 S 26TH ST, 302-22 S 25TH ST, 2500R-06 LOCUST ST, 400 S LECOUNT ST",3.94782599,PARK,SQUARE_PLAZA,11,"5, 7",2,9,,,N,,12,27216.9140625,799.048353778069
Frankford Boat Launch,Frankford Boat Launch,N,Frankford Boat Launch,Frankford Launch,"PA Fish & Boat;Frankford Arsenal Boat Launch",,5625 TACONY ST,19137,5625 TACONY ST,5650 Tacony St,11.36972953,PATHWAY,BOATHOUSE_LAUNCH,6,2,6,15,,,N,,13,78513.82421875,1585.35971594184
Robert A Borski Park,Robert A Borski Park,N,Robert A. Borski Park,Borski,"Orthodox Street Parcel; Bridesburg Riverfront Park; Congressman Robert A Borski Jr Park",,3101 ORTHODOX ST,19137,3101 ORTHODOX ST,3101 ORTHODOX ST,10.56733676,PARK,NEIGHBORHOOD_PARK,6,2,6,15,,,N,"Officially acquired from PAID in 10/2019. Doc 53586794; LWCF Restrictions; 7/2025-Open to Public",14,72921.2578125,1304.88066791016
Wissahickon Valley Park,Wissahickon Valley Park,N,Wissahickon Valley Park,Wissahickon Valley Park, ,,,19128,"5000 HERMIT LN;9001 LYKENS LN;950 NORTHWESTERN AVE;854 MANATAWNA AVE;900 WISES MILL RD;5800,7050,8601 WISSAHICKON AVE","9001 LYKENS LN, 950 NORTHWESTERN AVE",1683.46408689,WATERSHED_PARK,NATURE_AREA,3,4,"4;8","5;14;39",,,N,,15,11641052.0039062,91233.2847582771
West Fairmount Park,West Fairmount Park,N,West Fairmount Park,West Fairmount Park,,,,19131,3401 W GIRARD AVE,3401 W GIRARD AVE,1032.55142449,WATERSHED_PARK,NATURE_AREA,7,5,"3;4","16;19",,,N,,16,7127186.23046875,70965.8974942236
Pennypack Park,Pennypack Park,N,Pennypack Park,Pennypack Park,"Little City (Rhawn/Holmhurst); Crystal Spring (Rhawn/Rowland)",,,19152,8300 FRANKFORD AVE,8300 FRANKFORD AVE,1353.25928959,WATERSHED_PARK,NATURE_AREA,"1;2",1,"6;10","7;8;15",,,N,,17,9362140.94921875,50417.2570292922
East Fairmount Park,East Fairmount Park,N,East Fairmount Park,East Fairmount Park, ,,,19121,"2500 SPRING GARDEN ST;3300 N 33RD ST","2500 SPRING GARDEN ST;3300 N 33RD ST",450.99245889,WATERSHED_PARK,NATURE_AREA,"3;8;9",5,4,"5;9;22;39",,,N,,18,3112516.24609375,34217.6929671631
Tacony Creek Park,Tacony Creek Park,N,Tacony Creek Park,Tacony Creek Park,Brookwood Park,,,19120,,,200.41837515,WATERSHED_PARK,NATURE_AREA,5,3,"7;8;9","2;15;24;25;35",,,N,,19,1385039.30859375,19006.3578100094
Franklin Delano Roosevelt Park,Franklin Delano Roosevelt Park,N,Franklin Delano Roosevelt (FDR) Park,FDR Park,"League Island Park;The Lakes;FDR Park",,3500 S BROAD ST,19145,"3500 S BROAD ST;1954 PATTISON AVE","3500 S BROAD ST;1954 PATTISON AVE;Broad & Pattison",346.92950911,WATERSHED_PARK,SQUARE_PLAZA,11,7,2,1,,,N,,20,2388504.703125,6568.83057578173
Hunting Park,Hunting Park,N,,Hunting,,,1101 W HUNTING PARK AVE,19140,"4101 OLD YORK RD, 903 W WINGOHOCKING ST","900 HUNTING PARK AVE, 9th & Roosevelt;4101 OLD YORK RD, 903 W WINGOHOCKING ST",71.10080685,PARK,SQUARE_PLAZA,4,3,5,25,,,N,,21,491156.0234375,4036.79237487914
Awbury Park and Recreation Center,Awbury Park and Recreation Center,N,Awbury Park and Recreation Center,Awbury,,,6101 ARDLEIGH ST,19138,6101 ARDLEIGH ST,Ardleigh & Haines,27.91895059,PARK,RECREATION_SITE,4,4,8,14,,,Y,Review the parcel boundaries,22,193069.25,2019.27688652016
Fisher Park,Fisher Park,N,Fisher Park,Fisher,,,572 W SPENCER ST,19120,6000 N 05TH ST,"571 W SPENCER ST;610 W SPENCER ST;6000 N 05TH ST;5th & Nedro",24.49826734,PARK,RECREATION_SITE,4,3,9,35,,,Y,,23,169363.03125,1798.57864739625
Eastwick Regional Playground,Eastwick Regional Playground,N,Eastwick Regional Playground,Eastwick Regional,,,7899 MERCURY PL,19153,2500 S 77TH ST,"80TH and MARS PL;2500 S 77TH ST",22.83103017,PARK,RECREATION_SITE,10,8,2,12,,,Y,,24,157199.859375,3777.76963109673
Whitby Avenue Playground,Cobbs Creek Park,Y,,Whitby, ,,1300 COBBS CREEK PKY,19143,,,5.6460138,PARK,RECREATION_SITE,10,8,3,12,,,N,,25,38915.81640625,949.454742488627
29th and Passyunk Park,29th and Passyunk Park,N,,29th and Passyunk, ,,2827 W PASSYUNK AVE,19145,2827 W PASSYUNK AVE,Newkirk & Passyunk,0.55602517,PARK,NEIGHBORHOOD_PARK,11,7,2,1,,,N,,26,3830.25,247.032047878549
Price Street Play Lot,Price Street Play Lot,N,,Price St, ,,185 W PRICE ST,19144,177-85 W PRICE ST,177-85 W PRICE ST,0.18667007,PARK,NEIGHBORHOOD_PARK,3,4,8,14,,,N,,27,1290.109375,147.665354712901
Sedgley Woods Disc Golf Course,East Fairmount Park,Y,,Sedgley Woods, ,,3400 RESERVOIR DR,19121,,,21.13119828,PARK,SPORTS_COMPLEX,8,5,4,22,,,N,,28,145803.25390625,1661.31318896304
Robert Wilson III Park,Cobbs Creek Park,Y,Robert Wilson III Park,Wilson,61st and Baltimore Ave Playground,,6100 BALTIMORE AVE,19143,,,1.16279606,PARK,RECREATION_SITE,10,8,3,12,,,N,1911 Ordinance assigned to Department of Rec,29,8015.19140625,360.391789088481
Rufus O Williams Memorial Playground,Cobbs Creek Park,Y,Rufus O. Williams Memorial Playground,R Williams,Cobbs Creek Playground,,700 COBBS CREEK PKY,19143,,"63rd St and Catherine St, 63rd St and Christian St",3.83112544,PARK,RECREATION_SITE,10,8,3,18,,,N,,30,26413.4375,817.250366150502
Lauretha Vaird Fields,Tacony Creek Park,Y,,Vaird,"Tabor Rams Club;Lauretha Vaird Boys and Girls Club",,4800 WHITAKER AVE,19120,4903 BINGHAM ST,"Whitaker & Loudon;4903 BINGHAM ST",6.30820388,MANAGED_SITE,SPORTS_COMPLEX,5,3,7,25,,,N,,31,43583.73046875,858.843003790131
Torresdale and Enfield Fields,Pennypack Park,Y,,Torresdale and Enfield, ,,4600 ENFIELD AVE,19136,8300 FRANKFORD AVE,8300 FRANKFORD AVE,6.58785936,PARK,SPORTS_COMPLEX,2,1,6,8,,,N,,32,45538.6484375,1309.04110482529
Chamounix Tennis Courts,West Fairmount Park,Y,,Chamounix Tennis, ,,3601 CHAMOUNIX DR,19131,3401 W GIRARD AVE,"3687 CHAMOUNIX DR;3250 CHAMOUNIX DR;3401 W GIRARD AVE",4.16762387,PARK,SPORTS_COMPLEX,7,5,4,16,,,N,,33,28774.5859375,1281.84781744479
Smith Memorial Playground and Playhouse,East Fairmount Park,Y,,Smith Memorial, ,,3418 SMITH MEMORIAL DR,19121,,"3500 RESERVOIR DR;33rd & Oxford",4.58905863,MANAGED_SITE,RECREATION_SITE,8,5,4,22,,,N,,34,31667.8203125,730.793017840738
Garland and Bingham Fields,Tacony Creek Park,Y,,Garland and Bingham,Tabor and Garland Play Area,,620 GARLAND ST,19120,5153 E TABOR RD,"Tabor & Garland; 5153 E TABOR RD",3.48386697,PARK,RECREATION_SITE,5,3,9,2,,,N,,35,24077.85546875,825.642883069293
Hammond and Nedro Fields,Tacony Creek Park,Y,,Hammond and Nedro,,,5901 HAMMOND AVE,19120,,5821 HAMMOND AVE,4.04153295,MANAGED_SITE,SPORTS_COMPLEX,5,3,9,35,,,N,,36,27937.46484375,773.909743368942
Wissahickon Environmental Center,Wissahickon Valley Park,Y,,Wissahickon Environ Center,"Tree House, Andorra Nature Center; Wissahickon Environmental Education Center",,300 W NORTHWESTERN AVE,19128,9001 LYKENS LN,"300 W NORTHWESTERN AVE;9001 LYKENS LN",2.54220901,OTHER,ENVIRONMENTAL_EDUCATION_CENTER,3,4,4,5,,,Y,,37,17594.5234375,654.043349321601
Ford Road Playground,West Fairmount Park,Y,,Ford Rd,Ford Road North,,3905 FORD RD,19131,3905 FORD RD,,1.59552321,PARK,SQUARE_PLAZA,7,5,4,"16;19",,,N,,38,11016.0546875,449.485675382015
Verree and Susquehanna Playground,Pennypack Park,Y,,Verree and Susquehanna,"Champions, Pennypack Park Playground",,8543 VERREE RD,19111,8300 FRANKFORD AVE,8300 FRANKFORD AVE,3.85260749,PARK,RECREATION_SITE,1,1,10,7,,,N,,39,26663.1015625,1049.84986507962
Jose Manuel Collazo Park,Jose Manuel Collazo Park,N,Jose Manuel Collazo Park,Collazo,,,3261 MASCHER ST,19140,130-60 W WESTMORELAND ST,130-60 W WESTMORELAND ST,1.53912457,PARK,RECREATION_SITE,5,3,7,25,,,N,,40,10626.7265625,413.465264213461
Frankford and Solly Playground,Pennypack Park,Y,,Frankford and Solly,Rocky Falls Day Camp,,8318 FRANKFORD AVE,19136,8300 FRANKFORD AVE,8300 FRANKFORD AVE,2.19570089,PARK,NATURE_AREA,2,1,6,8,,,N,,41,15179.82421875,507.640083445753
26th and Pennsylvania Playground,East Fairmount Park,Y,,26th and Pennsylvania,2600 Pennsylvania Ave Playground,,2700 PENNSYLVANIA AVE,19130,2500 SPRING GARDEN ST,"2601 PENNSYLVANIA AVE;2500 SPRING GARDEN ST",0.06715696,PARK,RECREATION_SITE,9,5,4,9,,,N,,42,463.2578125,90.0511486496512
Rainbow De Colores Playground,Rainbow De Colores Playground,N,Rainbow De Colores Playground,Rainbow De Colores,"Dauphin Street Play Lot;5th Street",,2326 N 05TH ST,19133,"2324-30 N 05TH ST, 2325 N REESE ST","2324-30 N 05TH ST, 2300 N 5th St;2325 N REESE ST",0.26964676,PARK,RECREATION_SITE,8,6,7,26,,,N,,43,1861.05078125,187.019699506916
10th and Lemon Playground,10th and Lemon Playground,N,,10th and Lemon,10th and Mount Vernon Playground,,1015 MOUNT VERNON ST,19123,1015-21 MOUNT VERNON ST,1015-21 MOUNT VERNON ST,0.21888515,PARK,RECREATION_SITE,9,6,5,9,,,N,Site Renovations started in 2023.,44,1509.671875,169.494220724511
47th and Grays Ferry Park,47th and Grays Ferry Park,N,,47th and Grays Ferry, ,,4700 PASCHALL AVE,19143,4700 PASCHALL AVE,,0.17619562,TRAFFIC_ISLAND_MEDIAN,OTHER,10,8,3,18,,,N,,45,1214.4453125,152.80535811164
Butler and Percy Play Lot,Butler and Percy Play Lot,N,,Butler and Percy, ,,919 W BUTLER ST,19140,913-921 BUTLER ST,913-921 BUTLER ST,0.1432794,PARK,NEIGHBORHOOD_PARK,4,3,5,25,,,N,Site Renovations started in 2023.,46,989.56640625,124.780907191426
Horton Street Play Lot,Horton Street Play Lot,N,,Horton, ,,233 HORTON ST,19139,225-35 HORTON ST,225-35 N HORTON ST,0.10438242,PARK,NEIGHBORHOOD_PARK,7,8,4,19,,,N,,47,719.9921875,111.898570972592
Lawrence Street Playground,Lawrence Street Playground,N,,Lawrence,Community Park,,856 N LAWRENCE ST,19123,"854-58 N LAWRENCE ST, 857-61 N ORKNEY ST","854-58 N LAWRENCE ST, 857-61 N ORKNEY ST",0.14325748,PARK,NEIGHBORHOOD_PARK,9,2,5,9,,,N,,48,988.125,139.176145767741
Webb Street Play Lot,Webb Street Play Lot,N,,Webb,Sergeant Tot Lot,,2538 WEBB ST,19125,2536-38 WEBB ST,"2536-38 WEBB ST, Webb & Sergeant",0.10208345,PARK,NEIGHBORHOOD_PARK,9,2,1,26,,,N,,49,704.265625,112.767032321898
Hunting Park Recreation Center,Hunting Park,Y,Hunting Park Recreation Center,Hunting Rec, ,,1101 W HUNTING PARK AVE,19140,4101 OLD YORK RD,"9th & Roosevelt;4101 OLD YORK RD",5.36610847,PARK,RECREATION_SITE,4,3,5,25,,,Y,,50,37069.875,823.17236417434
Belmont Plateau,West Fairmount Park,Y,,Belmont Plateau, ,,1800 BELMONT MANSION DR,19131,3401 W GIRARD AVE,"Belmont and Montgomery;3401 W GIRARD AVE",46.97519876,PARK,SPORTS_COMPLEX,7,5,4,16,,,N,,51,324232.37890625,2387.83196858873
Edgley Fields,East Fairmount Park,Y,Edgley Fields,Edgely, ,,2100 RESERVOIR DR,19121,,,28.20644489,PARK,SPORTS_COMPLEX,8,5,4,22,,,N,,52,194696.0625,1744.46342810595
Dairy Fields,East Fairmount Park,Y,,Dairy, ,,3700 MOUNT PLEASANT DR,19121,,,14.78784358,PARK,SPORTS_COMPLEX,8,5,4,22,,,N,,53,102058.3359375,1283.57871963292
Salvatore Pachella Memorial Field,Wissahickon Valley Park,Y,Salvatore Pachella Memorial Field,Pachella,,,6901 HENRY AVE,19128,700 GORGAS LN,"700 LIVEZEY LA;700 GORGAS LN;900 WISES MILL RD",9.49051085,PARK,SPORTS_COMPLEX,3,4,4,5,,,N,,54,65613.5546875,1102.95825210437
Belmont and Edgley Fields,West Fairmount Park,Y,,Belmont and Edgley,"Belmont & Edgley Cricket Fields;Cricket(Archery);Edgley Ultimate;Frisbee and Archery",,4105 EDGLEY AVE,19131,3401 W GIRARD AVE,"4001 EDGLEY DR;3401 W GIRARD AVE",9.46663162,PARK,SPORTS_COMPLEX,7,5,4,16,,,N,,55,65354.6640625,1334.33980014937
David P Montgomery Field,Wissahickon Valley Park,Y,David P. Montgomery Field,Montgomery Field,"Daisy Fields;Daisy Day Camp",,5366 HERMIT LN,19128,,"620 HERMIT LA, Quentin & Vicaris, 5000 HERMIT LN",3.27315818,PARK,SPORTS_COMPLEX,3,4,4,5,,,N,,56,22614.171875,737.07198829537
Dell Music Center,East Fairmount Park,Y,The Dell Music Center,Dell Center,"Robin Hood Dell East,Georgie Woods Entertainment Center,The Dell",,3101 STRAWBERRY MANSION DR,19132,3300 N 33RD ST,"3300 N 33RD ST;2500 SPRING GARDEN ST;2499 STRAWBERRY MN BR DR;2400 STRAWBERRY MN DR;Ridge & Huntingdon",8.53095893,OTHER,EVENT_SPACE,8,5,4,22,,,N,,57,58893.69140625,1335.49447976711
Sweetbriar Fields,West Fairmount Park,Y,,Sweetbriar Fields, ,,3700 SWEETBRIAR LN,19131,3401 W GIRARD AVE,3401 W GIRARD AVE,10.07926987,PARK,SPORTS_COMPLEX,7,5,4,16,,,N,,58,69547.52734375,1055.34577703006
Ohio House Fields,West Fairmount Park,Y,,Ohio House Fields, ,,4700 STATES DR,19131,3401 W GIRARD AVE,3401 W GIRARD AVE,4.86951583,PARK,SPORTS_COMPLEX,7,5,4,19,,,N,,59,33608.70703125,852.406188129494
Chamounix Fields North,West Fairmount Park,Y,,Chamounix North,Chamounix North Softball Field,,3299 CHAMOUNIX DR,19131,3401 W GIRARD AVE,"3687 CHAMOUNIX DR;3250 CHAMOUNIX DR;3401 W GIRARD AVE",4.01151827,PARK,SPORTS_COMPLEX,7,5,4,16,,,N,,60,27698.4375,700.411167966456
Chamounix Fields South,West Fairmount Park,Y,,Chamounix South, ,,3701 CHAMOUNIX DR,19131,3401 W GIRARD AVE,3401 W GIRARD AVE,4.41428278,PARK,SPORTS_COMPLEX,7,5,4,16,,,N,,61,30474.4296875,692.434620135295
John F Boyce Memorial Field,Wissahickon Valley Park,Y,John F. Boyce Memorial Field,Boyce, ,,5901 HENRY AVE,19128,5801 HENRY AVE,5801 HENRY AVE,3.37906449,PARK,SPORTS_COMPLEX,3,4,4,5,,,N,,62,23352.6953125,687.181908868075
Arrow Field,Wissahickon Valley Park,Y,,Arrow,,,640 W WALNUT LN,19128,640 W WALNUT LN,,3.37049183,PARK,SPORTS_COMPLEX,3,4,4,5,,,N,,63,23291.53515625,688.278886584943
Pennypack Environmental Center,Pennypack Park,Y,,Pennypack Environ Center,Verree Rd Interpretive Center,,8600 VERREE RD,19115,8300 FRANKFORD AVE,8300 FRANKFORD AVE,2.34791348,OTHER,ENVIRONMENTAL_EDUCATION_CENTER,1,1,10,7,,,Y,Opened in 1978.,64,16252.83203125,523.604683174155
Cobbs Creek Golf Course,Cobbs Creek Park,Y,Cobbs Creek Golf Course,Cobbs Creek Golf,"Karakung Golf Course;Olde Golf Course",,7900 LANSDOWNE AVE,19151,"7800 CITY AVE, 7400 LANSDOWNE AVE","68th & Haverford;7800 CITY AVE, 7400 LANSDOWNE AVE",323.23522797,MANAGED_SITE,GOLF,7,8,4,19,,,N,Located in Cobbs Creek Park. Closed for Renovations 11/2020. Cobbs Creek Park was created 1904-1928. Golf Club was opened in 1916.,65,2229839.8515625,12669.22783843
Pennypack on the Delaware,Pennypack on the Delaware,N,,Pennypack on the Delaware,"Pennypack Park at Mouth of Delaware;River Fields",,8201 STATE RD,19136,"8201 STATE RD, 8401 STATE RD","7801 State Rd, 7999 STATE RD;8401 STATE RD",180.49905658,WATERSHED_PARK,SPORTS_COMPLEX,2,1,6,"8;15",,,N,,66,1247392.32421875,13088.4140637208
Fox Chase Farm,Fox Chase Farm,N,,Fox Chase Farm,"Butler Exhibit Farm;Butler Tract",,8821 PINE RD,19111,8800 PINE RD,"8700 PINE RD;8800 PINE RD;8500 Pine Rd;Pine Rd & Shady Ln",119.97564552,MANAGED_SITE,GARDEN_FARM,1,1,10,7,,,N,,67,830578.34765625,3907.89756130181
Bartrams Mile Trail Greenway (Grays Ferry),Bartrams Mile Trail Greenway,Y,,Bartrams Greenway (Grays Ferry),"Bartram's Mile North End;Bartram's Trail Extension",,1637 S 49TH ST,19143,1637 S 49TH ST,"S 49TH ST and BOTANIC AVE;1637 S 49TH ST;1633 S 49TH ST;1699 S 49TH ST",5.30709359,PATHWAY,GREENWAY,10,8,3,18,,,N,,68,36569.3515625,1226.84081903066
Morris Park,Morris Park,N,Morris Park,Morris Park, ,,6600 SHERWOOD RD,19151,,68th St & Lansdowne Ave,119.08908588,PARK,NATURE_AREA,7,8,4,19,,,N,,69,821739.75,6624.40620277788
Juniata Golf Club,Tacony Creek Park,Y,Juniata Golf Club,Juniata Golf Club, ,,1391 E CAYUGA ST,19124,,"4400 M ST;Castor & Cayuga;1363 E Cayuga ST",91.92960299,MANAGED_SITE,GOLF,5,3,7,"15;24",,,N,,70,635043.50390625,4652.88776116918
Fox Chase - Lorimer Trail Greenway (Rhawn),Fox Chase - Lorimer Trail Greenway (Rhawn),N,,Fox Chase-Lorimer Greenway,,,439 RHAWN ST,19111,,"Rhawn St and Elberon Ave;8217 BURHOLME AVE",3.58934194,PATHWAY,GREENWAY,1,1,10,7,,,N,Opened in 2024.,71,24840.625,2152.44727891912
Winter Street Greenway,Benjamin Franklin Parkway,Y,,Winter Greenway,"Rob Stuart Memorial Dog Park; Winter Street Greenway",,BENJ FRANKLIN PKY,0,N/A,,0.78129229,PARK,RECREATION_SITE,9,5,5,9,,,N,Named in 2021. Winter (21st-22nd) has a dog park 'Rob Stuart Memorial Dog Park',72,5386.7890625,679.857405946185
Walnut Lane Golf Club,Wissahickon Valley Park,Y,Walnut Lane Golf Club,Walnut Ln Golf, ,,5819 MAGDALENA ST,19128,"5801 HENRY AVE;639 WALNUT LN;700 WALNUT LN","5801 HENRY AVE;639 WALNUT LN;700 WALNUT LN;800 WALNUT LN",67.27524206,MANAGED_SITE,GOLF,3,4,4,5,,,N,Golf course created between 1934-1940.,73,464904.1171875,5827.26406746531
61st and Cobbs Creek Park,Cobbs Creek Park,Y,,61st and Cobbs Creek, ,,61ST & COBBS CREEK,19143,6300 SPRUCE ST,"61ST & COBBS CREEK;6300 SPRUCE ST",5.16387796,PARK,NATURE_AREA,10,8,3,18,,,N,,74,35596.9375,1037.39575876361
Walton Run,Walton Run,N,,Walton Run, ,,11200 ACADEMY RD,19154,,11000 ACADEMY RD,90.7082626,PARK,NATURE_AREA,2,1,10,8,,,N,,75,627888.70703125,6253.61003671598
John F Byrne Golf Club,John F Byrne Golf Club,N,John F. Byrne Golf Club,Byrne Golf,"Holmesburg Golf Course;Poquessing Golf Course",,9550 LEON ST,19114,9550 LEON ST,Eden & Leon,85.74746206,MANAGED_SITE,GOLF,2,1,6,8,,,N,1972 Golf Course transferred to Fairmount Park Commission from the City.,76,593109.2578125,4176.82510982045
Joseph C Fluehr Memorial Park,Joseph C Fluehr Memorial Park,N,Joseph C. Fluehr Memorial Park,Fluehr,Eden Hallmount Park,,4800 GRANT AVE,19114,4800 GRANT AVE,4200 Grant Ave,65.3787993,PARK,SPORTS_COMPLEX,2,1,6,8,,,N,Condemned portion (triangle) behind Eden added to park in 1979.,77,452133.12109375,3072.7117002222
Philadelphia Zoo,West Fairmount Park,Y,,Zoo,Philadelphia Zoological Gardens,,3400 W GIRARD AVE,19104,3400 W GIRARD AVE,,55.03027276,MANAGED_SITE,OTHER,7,5,"3;4",16,,,N,Adjusted to include outer curbline of Zoological St but not RR retaining wall. ,78,379641.58203125,4266.56277262964
Manatawna Farm,Manatawna Farm,N,,Manatawna, ,,100 SPRING LN,19128,8482 HAGYS MILL RD,"844 MANATAWNA RD;899 Manatawna Dr;8482 HAGYS MILL RD",64.52573195,MANAGED_SITE,GARDEN_FARM,3,4,4,5,,,N,,79,446276.296875,3965.82801490652
Wisters Woods Park,Wisters Woods Park,N,,Wisters Woods, ,,1998 BELFIELD AVE,19141,"5401 E WISTER ST, 1901 LINDLEY AVE, 432-60 E WISTER ST, 1601 LINDLEY AVE","Duncannon & Wister;5401 E WISTER ST, 1901 LINDLEY AVE, 432-60 E WISTER ST, 1601 LINDLEY AVE",61.00310521,PARK,NATURE_AREA,4,4,8,"14;35",,,N,,80,421624.07421875,7417.84714558895
Fairmount Park Horticulture Center,West Fairmount Park,Y,Fairmount Park Horticulture Center,Horticulture Center, ,,4200 HORTICULTURAL DR,19131,3401 W GIRARD AVE,"4180 HORTICULTURAL DR; 100 N HORTICULTURAL DR",39.1906528,OTHER,EVENT_SPACE,7,5,4,16,,,N,Horticulture Center built in 1976,81,270457.36328125,3013.00510183419
Wooden Bridge Run,Wooden Bridge Run,N,,Wooden Bridge, ,,2855 WILLITS RD,19114,2855 WILLITS RD,,49.97198536,PARK,NATURE_AREA,2,1,6,8,,,N,,82,345685.55859375,4658.81377346631
Lawrence Court Breezeways,Lawrence Court Breezeways,N,,Lawrence Breezeway,Lawrence Court Walkways,,335 LAWRENCE CT,19106,335-37 LAWRENCE CT,335-37 LAWRENCE CT,0.28228832,PATHWAY,GREENWAY,12,5,1,9,,,N,,83,1945.859375,394.25940096719
Bartrams Garden,Bartrams Garden,N,Bartram's Garden National Historic Landmark,Bartrams Garden,Bartram's Homestead,,5400 LINDBERGH BLVD,19143,2901 S 56TH ST,"5443 Bartram Rd, 57th & Schuylkill River; 2901 S 56TH ST;5405 Bartram Dr",49.90831811,MANAGED_SITE,HISTORIC_SITE,10,8,3,12,,,N,,84,343904.54296875,3538.67951408173
Wissinoming Park,Wissinoming Park,N,Wissinoming Park,Wissinoming,Margaret Tartaglione Recreation Center,,5801 FRANKFORD AVE,19135,5801 FRANKFORD AVE,"Frankford & Comly;5773 FRANKFORD AVE;5747 FRANKFORD AVE;4043 E CHELTENHAM AVE",42.63252407,PARK,RECREATION_SITE,6,2,7,15,,,Y,Rec Center renamed in 2025.,85,294567.203125,2216.66894777079
Roxborough Reservoir Park,Roxborough Reservoir Park,N,Roxborough Reservoir Park,Roxborough Reservoir, ,,601 PORT ROYAL AVE,19128,601 PORT ROYAL AVE,,37.28503739,PARK,GREENWAY,3,4,4,5,,,N,,86,257859.79296875,2021.17172455041
Manayunk Canal,Manayunk Canal,N,,Manayunk Canal, ,,109 FOUNTAIN ST,19127,"4500 MAIN ST;7600 NIXON ST","7 Lock St;4500 MAIN ST",33.75008021,PATHWAY,GREENWAY,3,4,4,5,,,N,,87,233262.50390625,9636.78023498608
Carroll Park (Cobbs Creek),Cobbs Creek Park,Y,,Carroll (Cobbs Creek),Price Park,,7800 CITY AVE,19151,,,29.57754926,CONSERVATION,NATURE_AREA,7,8,N/A,N/A,,,N,Edited boundaries per October 1928 ordinance (in archives). Not in City of Philadelphia City Limits,88,204083.84765625,2504.98710700287
Laura Sims Skating Rink,Cobbs Creek Park,Y,Laura Sims Skate House,Sims,"Cobbs Creek Recreation Center and Pool;Cobbs Creek Park;Laura Sims Rink, Cobbs Creek Ice Rink",,200 S 63RD ST,19139,12 COBBS CREEK PKWY,"200 S 63RD ST;200 COBBS CREEK PKWY;12 COBBS CREEK PKWY",3.02269117,PARK,SPORTS_COMPLEX,10,8,3,18,,,Y,,89,20845.45703125,671.483696609526
Holme Crispin Park,Holme Crispin Park,N,,Holme Crispin,"Pennypack Community Center, Crispin Gardens Athletic Club",,2999 HOLME AVE,19136,"2870 WILLITS RD, 3064 HOLME AVE","Holme & Convent;2870 WILLITS RD, 3064 HOLME AVE",31.64380001,PARK,SPORTS_COMPLEX,2,1,6,8,,,N,Crispin Gardens Athletic Club leases building and fields.,90,218851.6796875,3325.54649621317
Disston Park,Disston Park,N,,Disston Park,Keystone,,6447 KEYSTONE ST,19135,"6401 KEYSTONE ST, 6501 KEYSTONE ST, 6601 KEYSTONE ST, 6701 KEYSTONE ST, 6901 KEYSTONE ST, 6951 KEYSTONE ST","6501-6951 KEYSTONE ST;4423 LONGSHORE AVE;Keystone & Princeton;6401 KEYSTONE ST, 6501 KEYSTONE ST, 6601 KEYSTONE ST, 6701 KEYSTONE ST, 6901 KEYSTONE ST, 6951 KEYSTONE ST",23.49995295,PARK,SPORTS_COMPLEX,6,2,6,15,,,N,,91,162358.15234375,4343.49007877225
Poquessing Creek Park 1,Poquessing Creek Park,Y,Poquessing Creek Park,Poquessing Creek Park 1, ,,1247 STEVENS RD,19116,,1217 STEVENS RD,22.85302344,WATERSHED_PARK,NATURE_AREA,1,1,10,7,,,N,,92,158385.7734375,3092.13623015087
Jim Junod Recreation Center,Jim Junod Recreation Center,N,Jim Junod Recreation Center,Junod,,,12770 DUNKS FERRY RD,19154,3102 MECHANICSVILLE RD,"12800 DUNKS FERRY RD;12776 DUNKS FERRY RD;12754 DUNKSFERRY RD;3102 MECHANICSVILLE RD;Dunksferry & Mechanicsville",23.51589184,PARK,RECREATION_SITE,1,1,10,8,,,Y,,93,162859.17578125,1674.5513845044
Mann Older Adult Center,Ramonita Negron Rivera Recreation and Community Center,Y,Mann Older Adult Center,Mann Older Adult Center,"Mann Recreation Center;Westmoreland Square;Hersch Recreation Center",,3201 N 05TH ST,19140,3201 N 05TH ST,5th & Allegheny,1.28211808,OTHER,OLDER_ADULT_SITE,5,3,7,25,,,Y,Shares building with Rivera Recreation. 2024-Rebuild Renovations completed.,94,8852.375,387.443907349711
Michael Palmer Playground,Michael Palmer Playground,N,Michael Palmer Playground,M Palmer,Far Northeast Athletic Association,,2972 COMLY RD,19154,"11701 THORNTON RD, 2981 COMLY RD","11701 THORNTON RD;3035 COMLY RD;Comly & Thornton;2981 COMLY RD;11774 THORNTON RD;2929 COMLY RD",74.15825179,PARK,RECREATION_SITE,2,1,10,8,,,Y,Northern portion of Palmer is leased to Far Northeast Athletic Association,95,513500.16796875,4043.88037374147
29th and Chalmers Playground,29th and Chalmers Playground,N,,29th and Chalmers,Rhodes Middle School,,2900 N 29TH ST,19132,3001 W LEHIGH AVE,"3001 W LEHIGH AVE;2800 CHALMERS AVE",12.42792905,PARK,RECREATION_SITE,3,6,4,39,,,N,Building is non-PPR.,96,85805.97265625,1600.99201201018
Joseph E Mander Playground,East Fairmount Park,Y,Joseph E. Mander Playground,Mander,,,2102 N 33RD ST,19132,,"33rd & Diamond;3309 DIAMOND ST;2142 N 33RD ST;3303 DIAMOND ST;2140 N 33RD ST",22.26594622,PARK,RECREATION_SITE,8,5,4,22,,,Y,,97,153685.1015625,1574.91263941323
Marconi Plaza,Marconi Plaza,N,Marconi Plaza,Marconi,Oregon Plaza,,2700 S BROAD ST,19148,"2700 S BROAD ST;2701 S BROAD ST","Broad & Oregon;2701 S BROAD ST;1360-80 OREGON AVE;2700 S BROAD ST",18.84613709,PARK,SQUARE_PLAZA,11,7,2,"1;3",,,N,Bocci Club leases building.,98,129800.96875,2098.04847410173
Fort Mifflin,Fort Mifflin,N,Fort Mifflin,Ft Mifflin,Fort Mifflin Historical Site,,4800 FORT MIFFLIN RD,19153,4800 FORT MIFFLIN RD,1 Fort Mifflin Rd,40.37292582,MANAGED_SITE,HISTORIC_SITE,10,8,2,12,,,N,,99,277734.30859375,3600.28570593147
J Francis Finnegan Playground,J Francis Finnegan Playground,N,J. Francis Finnegan Playground,J Finnegan,"Paschall Playground; James Finnegan",,6801 GROVERS AVE,19142,6801 GROVERS AVE,69th & Grovers,17.69740338,PARK,RECREATION_SITE,10,8,2,12,,,Y,,100,121886.85546875,1833.57539529408
Lawncrest Recreation Center,Lawncrest Recreation Center,N,Lawncrest Recreation Center,Lawncrest,,,6030 RISING SUN AVE,19111,6000 RISING SUN AVE,"6000 RISING SUN AVE, Rising Sun & Comly",14.83826654,PARK,RECREATION_SITE,1,3,9,2,,,Y,"Library, Water, and PPD/Fire portions of land are not administered by PPR.",101,102591.1875,1381.91600772223
Pastorius Park,Pastorius Park,N,Pastorius Park,Pastorius, ,,200 W HARTWELL LN,19118,"198, 200, 201 W HARTWELL LN, 220 SUNRISE LN","Pocono & Southhampton, Lincoln Dr & Abington Ave;198, 200, 201 W HARTWELL LN, 220 SUNRISE LN",16.4611563,PARK,NEIGHBORHOOD_PARK,3,4,8,14,,,N,Named for Francis Pastorius,102,113892.8984375,1639.27795576346
Joseph F Vogt Playground,Joseph F Vogt Playground,N,Joseph F. Vogt Playground,Vogt,,,4351 UNRUH AVE,19135,4131 UNRUH AVE,"4131 UNRUH AVE;4240 KNORR ST",15.83185436,PARK,RECREATION_SITE,2,2,6,15,,,Y,,103,109404.57421875,1403.38833454721
American Legion Playground,American Legion Playground,N,American Legion Playground,American,,,4801 DEVEREAUX AVE,19135,6201 TORRESDALE AVE,"6201 TORRESDALE AVE;Torresdale & Devereaux",15.72173189,PARK,RECREATION_SITE,6,2,6,15,,,Y,,104,108609.984375,1363.73371334566
George Jacobs Playground,George Jacobs Playground,N,George Jacobs Playground,Jacobs,,,4500 LINDEN AVE,19136,9050 TORRESDALE AVE,"4558 LINDEN AVE;9050 TORRESDALE AVE;Linden & Jackson",14.68924535,PARK,RECREATION_SITE,2,1,6,8,,,Y,Torresdale Boys Club leases the athletic buliding and fields on the property.,105,101574.328125,1369.23199963312
Fox Chase Recreation Center,Fox Chase Recreation Center,N,Fox Chase Recreation Center,Fox Chase,Fox Chase School Playground,,7901 RIDGEWAY ST,19111,"601 BORBECK AVE, 700 RHAWN ST","601 BORBECK AVE;700 RHAWN ST;7976 ROCKWELL AVE;7901 RIDGEWAY ST;Rockwell & Ridgeway",16.36916298,PARK,RECREATION_SITE,1,1,10,2,,,Y,Portion of site is leased from School District,106,113263.5625,1538.34936286447
Torresdale Recreation Center,Torresdale Recreation Center,N,Torresdale Recreation Center,Torresdale,,,9501 LEON ST,19114,9550 FRANKFORD AVE,"9550 FRANKFORD AVE;9500 FRANKFORD AVE;Frankford & Aubrey",14.22119289,PARK,RECREATION_SITE,2,1,6,8,,,Y,,107,98360.5859375,1389.36403543536
William B Simons Recreation Center,William B Simons Recreation Center,N,William B. Simons Recreation Center,Simons,"Simons Youth Access & Teen Center;Simons Youth Center & Teen Center;William B. Simons Playfield",,7224 WOOLSTON AVE,19138,1601-35 E WALNUT LN,"1601-35 E WALNUT LA, 7200 WOOLSTON AVE, Walnut & Rodney",13.12051496,PARK,RECREATION_SITE,4,4,9,14,,,Y,,108,90752.55078125,1263.76911352794
Olney Recreation Center,Olney Recreation Center,N,Olney Recreation Center,Olney,,,199 E SPENCER AVE,19120,100 E GODFREY AVE,"100 E GODFREY AVE;A & Champlost;6000 A ST;6059 A ST",13.62146671,PARK,RECREATION_SITE,5,3,9,35,,,Y,Rebuild Renovation Started in 2024,109,94166.765625,1312.85553824205
Wakefield Park,Wakefield Park,N,,Wakefield, ,,5300 N 16TH ST,19141,"5100 N 16TH ST, 5300 N 16TH ST","16th & Lindley;5100 N 16TH ST",14.64808094,PARK,NEIGHBORHOOD_PARK,4,4,8,35,,,N,,110,101235.61328125,1975.17995676014
Charles A Russo Playground,Charles A Russo Playground,N,Charles A. Russo Playground,Russo,Tacony Park,,7301 TORRESDALE AVE,19136,7301 TORRESDALE AVE,"7321 TORRESDALE AVE;Torresdale & Cottman;7370 EDMUND ST;7352 EDMUND ST",12.46289021,PARK,RECREATION_SITE,2,1,6,15,,,Y,Mayfair Athletic Club leases the southeastern building on the Russo property.,111,86125.8359375,1186.86403613757
Max Myers Playground,Max Myers Playground,N,Max Myers Playground,M Myers,,,1805 HELLERMAN ST,19149,1601 HELLERMAN ST,"1601 HELLERMAN ST;1800 MAGEE AVE;6500 BUSTLETON AVE;6501 HORROCKS ST;Horrocks & Magee",12.37033782,PARK,RECREATION_SITE,1,1,7,2,,,Y,Site Renovated in 2022.,112,85506.9609375,1232.70662897787
Corporal Jimmy OConnor Memorial Playground,Corporal Jimmy OConnor Memorial Playground,N,Corporal Jimmy O'Connor Memorial Playground,Jimmy OConnor,"Chalfont & Deerpath Playground;Chalfont Playground;Rush School;Fitzpatrick School;Corporal Jimmy O'Connor Memorial Playground",,4340 DEERPATH LN,19154,"4330 DEERPATH LN, 11061 KNIGHTS RD, 4330 DEERPATH LN, 11081 KNIGHTS RD","4200 DEERPATH LN;4330 DEERPATH LN;4336 DEERPATH LA;4330-40 DEERPATH LN;4330 DEERPATH LN;11081 KNIGHTS RD;11061 KNIGHTS RD",13.73990355,PARK,RECREATION_SITE,2,1,10,8,,,Y,"Land is owned by City, School District owns the track land and south driveway, which PPR leases. Our Lady of Calvary Athletic Association leases out athletic fields and track.",113,95091.53125,2096.04275111416
Gustine Recreation Center,Gustine Recreation Center,N,Gustine Recreation Center,Gustine,"Gustine Lake Rec Center; Legacy Tennis",,4842 RIDGE AVE,19129,,4868 RIDGE AVE,12.12361947,MANAGED_SITE,SPORTS_COMPLEX,3,4,4,39,,,Y,On site are a PWD facility and the Legacy Youth and Tennis facility.,114,83738.328125,1287.66844477759
Clarence H Clark Park,Clarence H Clark Park,N,,Clark,,,4301 CHESTER AVE,19104,"4301 CHESTER AVE, 1101 S 45TH ST","43rd & Woodland;1101 S 45TH ST",12.03396792,PARK,NEIGHBORHOOD_PARK,10,8,3,18,,,N,Rosenberger Hall premises is leased to PAID/University of Sciences.,115,82961.57421875,1786.22328062492
William A Lackman Memorial Playground,William A Lackman Memorial Playground,N,William A. Lackman Memorial Playground,Lackman,,,1165 BARTLETT ST,19115,800 BARTLETT ST,"800 BARTLETT ST;1101 BARTLETT ST;1151 BARTLETT ST;Chesworth & Bartlett",11.44183675,PARK,RECREATION_SITE,1,1,10,7,,,Y,,116,79233.73046875,1145.94601697567
William (Billy) Gambrel Playground,William (Billy) Gambrel Playground,N,William (Billy) Gambrel Playground,Gambrel,"Whitehall Commons Playground;White Hall Commons",,1900 WAKELING ST,19124,1900 WAKELING ST,4950 DITMAN ST,11.54475246,PARK,RECREATION_SITE,6,2,7,15,,,Y,,117,79743.88671875,1184.68408402938
Suffolk Park,Suffolk Park,N,Suffolk Park,Suffolk,"Suffolk Park;Eastwick Park",,7401 LINDBERGH BLVD,19153,7401 LINDBERGH BLVD,74th & Lindbergh,11.30889162,PARK,RECREATION_SITE,10,8,2,12,,,N,,118,77867.80859375,1160.15568490942
Carmella A DiTizio Playground,Carmella A DiTizio Playground,N,Carmella A. DiTizio Playground,Carmella,Whitehall Playground,,2150 WAKELING ST,19124,2100 WAKELING ST,"2100 WAKELING ST, 2180 WAKELING ST",11.18315124,PARK,RECREATION_SITE,6,2,7,15,,,Y,,119,77239.6953125,1102.92890254623
George C Pelbano Playground,George C Pelbano Playground,N,George C. Pelbano Playground,Pelbano,"Rhawnhurst Raiders Athletic Association;The Frank Bond Memorial Field",,2138 SOLLY AVE,19152,8101 BUSTLETON AVE,"8101 BUSTLETON AVE, Bustleton & Solly; 2124 SOLLY AVE",10.51602635,PARK,RECREATION_SITE,1,1,10,7,,,Y,Football Field Scoreboard called field Frank Bond Memorial Field,120,72738.46875,1111.75220270964
Joseph A Ferko Playground,Tacony Creek Park,Y,Joseph A. Ferko Playground,Ferko,Juniata Park,,1101 E CAYUGA ST,19124,1101 E CAYUGA ST,"J & Cayuga;1223 E CAYUGA ST",10.53091284,PARK,RECREATION_SITE,5,3,7,24,,,Y,Juniata Boys and Girls Club leases the eastern building on the Ferko property.,121,72742.16015625,1580.76480832541
Germany Hill,Germany Hill,N,,Germany Hill, ,,4849 SMICK ST,19128,"4815, 4849, 4855 SMICK ST, 200 FOUNTAIN ST","4815, 4855 SMICK ST, 200 FOUNTAIN ST",10.82682679,CONSERVATION,NATURE_AREA,3,4,4,5,,,N,,122,74829.83984375,1332.5284398503
Thomas E Jardel Memorial Field,Thomas E Jardel Memorial Field,N,Thomas E. Jardel Memorial Field,Jardel,Burholme Recreation Center,,1400 COTTMAN AVE,19111,1400 COTTMAN AVE,"Cottman & Pennway, 1432 COTTMAN AVE",10.77963065,PARK,RECREATION_SITE,1,1,9,2,,,Y,,123,74549.921875,1107.56199869163
Daniel Boyle Memorial Recreation Center,Daniel Boyle Memorial Recreation Center,N,Daniel Boyle Memorial Recreation Center,Boyle Rec,Somerton Playground,,13045 KELVIN AVE,19116,13024 STEVENS RD,"13024 STEVENS RD;13235 KELVIN AVE",10.68965923,PARK,RECREATION_SITE,1,1,10,7,,,Y,,124,74072.859375,1183.72158636656
Stenton Park,Stenton Park,N,Stenton Park,Stenton,,,1699 W COURTLAND ST,19140,4600 N 16TH ST,"16th & Wyoming;4600 N 16TH ST;4601 N 18TH ST",14.76482079,PARK,RECREATION_SITE,4,4,8,35,,,Y,City owns all land. Mansion Campus is long term lease to National Society of Colonial Dames of America (1910).,125,102017.2890625,1257.83466925942
Clearview Park,Clearview Park,N,,Clearview, ,,7600 BUIST AVE,19153,"7600 BUIST AVE, 7615-21 CHELWYNDE AVE, 7631 CHELWYNDE AVE, 2545 S 77TH ST, 2522 S 76TH ST","77th & Buist;7615-21 CHELWYNDE AVE, 7631 CHELWYNDE AVE, 2545 S 77TH ST, 2522 S 76TH ST",5.69403866,PARK,NEIGHBORHOOD_PARK,10,8,2,12,,,N,,126,39208.90625,1562.40994644676
Charles A Papa Playground,Morris Park,Y,Charles A. Papa Playground,Papa,,,6839 LANSDOWNE AVE,19151,,68th St & Lansdowne Ave,8.53013415,PARK,RECREATION_SITE,7,8,4,19,,,Y,There is no parcel here,127,58852.62109375,1471.30273420465
Water Tower Recreation Center,Water Tower Recreation Center,N,Water Tower Recreation Center,Water Tower,,,267 E HARTWELL LN,19118,"209-99 E HARTWELL LN;8030-40 WINSTON RD","209-99 E HARTWELL LN;8030-40 WINSTON RD;245 E HARTWELL LN;8299 ARDLEIGH ST;Hartwell & Ardleigh",9.54956974,PARK,RECREATION_SITE,3,4,8,14,,,Y,Tennis Courts were developed in 1958.,128,66081.15625,1538.06781336522
James J Ramp Playground,James J Ramp Playground,N,James J. Ramp Playground,Ramp,"Holmesburg Recreation Center; Holmesburg War Veterans Memorial Playground",,3340 SOLLY AVE,19136,"3300 SOLLY AVE, 3340 SOLLY AVE","3300-40 SOLLY AVE, Solly & Rowland;3300 SOLLY AVE, 3350 SOLLY AVE",9.04397754,PARK,RECREATION_SITE,2,1,6,8,,,Y,,129,62530.859375,1161.40663956455
Elizabeth M Picariello Playground,Elizabeth M Picariello Playground,N,Elizabeth M. Picariello Playground,Picariello,"Liberty Bell Youth Organization;Sergeant Patrick C. McDonald Memorial Gymnasium;LaBrum School",,10815 CALERA RD,19154,"3325 RED LION RD;10851 CALERA RD","3325 RED LION RD;10801 CALERA RD;Red Lion & Calera;10851 CALERA RD",10.35795095,PARK,RECREATION_SITE,2,1,10,8,,,Y,"Land under Gym is owned by the City.PPR leases land from School District; Athletic Field area to Liberty Bell Youth Organization. Part of the Labrum School Property.",130,71691.0078125,1251.64668463895
Reyburn Park,Reyburn Park,N,,Reyburn, ,,1950 W LEHIGH AVE,19132,"1950 W LEHIGH AVE, 2020-50 W LEHIGH AVE","2020-50 W LEHIGH AVE;21st & Lehigh",7.25306354,PARK,SPORTS_COMPLEX,8,6,5,22,,,N,,131,50070.7265625,1282.22427864607
Ronald Trumbette Playground,Ronald Trumbette Playground,N,,Trumbette, ,,9050 TORRESDALE AVE,19136,"9000 TORRESDALE AVE, 9050 TORRESDALE AVE","9000 TORRESDALE AVE;Torresdale & Tolbut",8.46819384,PARK,RECREATION_SITE,2,1,6,8,,,N,,132,58551.7890625,1012.06717076261
Seymour Tarken Recreation Center,Seymour Tarken Recreation Center,N,Seymour Tarken Recreation Center,Tarken,,,6350 FRONTENAC ST,19111,6250 FRONTENAC ST,"6250 FRONTENAC ST;6300 FRONTENAC ST;6320 FRONTENAC ST;6201 SUMMERDALE AVE;Frontenac & Levick",8.89483047,PARK,RECREATION_SITE,1,1,9,2,,,Y,,133,61488.08203125,1021.75045230982
33rd and Oxford Driving Range,East Fairmount Park,Y,,33rd and Oxford Range,"Strawberry Green Driving Range;33rd St Driving Range",,3300 RESERVOIR DR,19121,2500 SPRING GARDEN ST,"2500 SPRING GARDEN ST;33rd & Oxford;1500 N 33rd St",8.21639785,MANAGED_SITE,GOLF,8,5,4,22,,,N,Located in East Fairmount Park,134,56696.9140625,966.811313458919
Edward Houseman Playground,Edward Houseman Playground,N,Edward Houseman Playground,Houseman,,,900 E GODFREY AVE,19124,802 E GODFREY AVE,"802 E GODFREY AVE;5091 SUMMERDALE AVE;4979 SUMMERDALE AVE;4955 SUMMERDALE AVE;5151 SUMMERDALE AVE;Summerdale & Godfrey",8.66516115,PARK,RECREATION_SITE,5,3,9,2,,,Y,,135,59879.30078125,1111.89710680443
Samuel F Houston Playground,Wissahickon Valley Park,Y,Samuel F. Houston Playground,Houston,,,994 SEQUOIA RD,19128,8601 WISSAHICKON AVE,"8601 WISSAHICKON AVE;900 GRAKYN LA;999 GRAKYN LA;Grakyn & Wissahickon",6.20141897,PARK,RECREATION_SITE,3,4,4,5,,,Y,,136,42904.65234375,921.992533330133
Vernon Park,Vernon Park,N,,Vernon,"Black Writers Museum;Wister Mansion",,5754 GERMANTOWN AVE,19144,5710-18 GERMANTOWN AVE,"5754 GERMANTOWN AVE;5818 GERMANTOWN AVE;5710-18 GERMANTOWN AVE;5805 GREENE ST;5801 GREENE ST;Germantown & Chelten",8.47444085,PARK,SQUARE_PLAZA,3,4,8,14,,,N,Vernon House leased.,137,58573.08203125,1067.54369726638
Haddington-Marshall L Shepard Sr Recreation Center,Haddington-Marshall L Shepard Sr Recreation Center,N,"Haddington-Marshall L. Shepard, Sr. Recreation Center",Shepard,,,5700 HAVERFORD AVE,19131,5700 HAVERFORD AVE,57th & Haverford,8.21454581,PARK,RECREATION_SITE,7,8,4,19,,,Y,,138,56662.39453125,979.852671071755
Penn Treaty Park,Penn Treaty Park,N,,Penn Treaty, ,,1299 BEACH ST,19125,"1201-33 N DELAWARE AVE, 1227-37 BEACH ST, 1301 BEACH ST","1201-1301 BEACH ST, Beach & Columbia;1201-33 N DELAWARE AVE, 1227-37 BEACH ST, 1301 BEACH ST",8.52023264,PARK,SQUARE_PLAZA,9,2,1,26,,,N,,139,58758.13671875,1283.97935288355
Wingohocking Park,Wingohocking Park,N,,Wingohocking, ,,1200 W WINGOHOCKING ST,19140,4101 OLD YORK RD,4101 OLD YORK RD,8.34381239,PARK,NEIGHBORHOOD_PARK,4,3,8,35,,,N,,140,57644.3828125,1312.97749942166
W Freeland Kendrick Recreation Center,W Freeland Kendrick Recreation Center,N,W. Freeland Kendrick Recreation Center,Kendrick,,,5878 RIDGE AVE,19128,5822-24 RIDGE AVE,"5822-24 RIDGE AVE, Ridge & Pensdale",8.01513139,PARK,RECREATION_SITE,3,4,4,5,,,Y,,141,55387.2421875,931.283098563259
Fanny Kemble Abolitionist Memorial Park,Fanny Kemble Abolitionist Memorial Park,N,Fanny Kemble Abolitionist Memorial Park,Kemble,,,5641 OGONTZ AVE,19141,"1649 W OLNEY AVE, 5625, 5631-37, 5641-81, 5689, 5699 OGONTZ AVE, 5650 N 16TH ST","16th & Chew;1649 W OLNEY AVE, 5625, 5631-37, 5641-81, 5689, 5699 OGONTZ AVE, 5650 N 16TH ST",8.000155,PARK,NEIGHBORHOOD_PARK,4,4,8,35,,,N,,142,55301.8125,1088.01019856653
Bridesburg Recreation Center,Bridesburg Recreation Center,N,Bridesburg Recreation Center,Bridesburg,,,4625 RICHMOND ST,19137,4625 RICHMOND ST,"4649 RICHMOND ST, Richmond & Ash, 4601 RICHMOND ST",7.98273891,PARK,RECREATION_SITE,6,2,6,15,,,Y,,143,55115.5,938.238515973491
Bradford Park,Bradford Park,N,,Bradford,Rhawnhurst,,2400 FAUNCE ST,19152,2400 FAUNCE ST,"Faunce & Bradford, Calvert & Shelmire",8.51281098,PARK,NEIGHBORHOOD_PARK,1,1,6,2,,,N,Named for William Bradford in 1982.,144,58863.1796875,995.670353959267
Johnny Sample Recreation Center,Cobbs Creek Park,Y,Johnny Sample Recreation Center,Sample,Cobbs Creek Recreation Center and Pool,,250 S 63RD ST,19139,12 COBBS CREEK PKWY,"63rd & Spruce; 280 Cobbs Creek Parkway;12 COBBS CREEK PKWY",6.76257694,PARK,RECREATION_SITE,10,8,3,18,,,Y,,145,46635.21484375,1396.1893223204
Francis J Myers Recreation Center,Francis J Myers Recreation Center,N,Francis J. Myers Recreation Center,FJ Myers,,,5800 CHESTER AVE,19143,5800 CHESTER AVE,"58th & Kingsessing;5801 KINGSESSING AVE",7.62504584,PARK,RECREATION_SITE,10,8,2,12,,,Y,Rebuild Renovations stated in 2024,146,52546.11328125,935.559657270548
Somerton Woods,Somerton Woods,N,,Somerton Woods,Stevens & Welton Neighborhood Park,,900 WELTON ST,19116,900 WELTON ST,"Stevens Rd & Welton Rd;11730 STEVENS RD;11030 STEVENS RD",7.59133886,CONSERVATION,NATURE_AREA,1,1,10,7,,,N,,147,52592.6171875,958.413270647642
Thomas B Smith Recreation Center,Thomas B Smith Recreation Center,N,Thomas B. Smith Recreation Center,Smith,Wilson Park,,2200 S 24TH ST,19145,"2100 S 24TH ST, 2200 S 24TH ST","2100 S 24TH ST, 24th & Jackson",7.5907246,PARK,RECREATION_SITE,11,7,2,1,,,Y,,148,52295.578125,997.532840719317
Rittenhouse Square,Rittenhouse Square,N,Rittenhouse Square,Rittenhouse, ,,1800 WALNUT ST,19103,1800 WALNUT ST,18th & Walnut,7.31387262,PARK,SQUARE_PLAZA,11,5,5,9,,,N,,149,50423.78515625,870.116925672067
Russell DeRitis Playground,Russell DeRitis Playground,N,Russell DeRitis Playground,DeRitis,,,5655 GRAYS AVE,19143,5655 GRAYS AVE,57th & Grays Ferry,1.11819679,PARK,RECREATION_SITE,10,8,2,12,,,N,,150,7705.13671875,429.669953804908
Samuel Rose Recreation Center,Cobbs Creek Park,Y,Samuel Rose Recreation Center,Rose,Overbrook Park,,1225 N 75TH ST,19151,N/A,"7500 LANSDOWNE AVE;75th & Lansdowne;7401 LANSDOWNE AVE;1300 N 75th St",7.36635958,MANAGED_SITE,RECREATION_SITE,7,8,4,19,,,N,,151,50821.171875,932.258064330144
Loudoun Park,Loudoun Park,N,,Loudoun, ,,4650 GERMANTOWN AVE,19144,4650 GERMANTOWN AVE,Germantown & Apsley,7.66799045,PARK,NEIGHBORHOOD_PARK,4,4,8,39,,,N,portion of park leased to mansion.,152,52983.484375,1197.59608983095
Elmwood Park,Elmwood Park,N,,Elmwood, ,,7101 DICKS AVE,19142,7101 DICKS AVE,71st & Buist,7.23458398,PARK,SQUARE_PLAZA,10,8,2,12,,,N,,153,49824.97265625,851.182883617039
Harry S McDevitt Playground,Harry S McDevitt Playground,N,Harry S. McDevitt Playground,McDevitt,,,3580 SCOTTS LN,19129,3500 CRAWFORD ST,"3186 SCOTTS LN;3501 SCOTTS LN;3531 SCOTTS LN;3500 CRAWFORD ST",6.25335398,PARK,RECREATION_SITE,3,4,4,39,,,Y,,154,43187.49609375,914.137317265396
Washington Square,Washington Square,N,Washington Square,Washington, ,,600 WALNUT ST,19106,600 WALNUT ST,"6th & Walnut; 650 WALNUT ST",7.1882027,MANAGED_SITE,SQUARE_PLAZA,12,5,1,9,,,N,,155,49553.86328125,981.060837413008
Charles J Ziehler Playground,Charles J Ziehler Playground,N,Charles J. Ziehler Playground,Ziehler,,,5530 B ST,19120,200-64 E OLNEY AVE,"200-64 E OLNEY AVE;B & Olney",7.10839101,PARK,RECREATION_SITE,5,3,9,35,,,Y,Site Renovations started in 2023.,156,49129.04296875,884.925177975829
Franklin Square,Franklin Square,N,Franklin Square,Franklin, ,,200 N 06TH ST,19106,"200 N 06TH ST, 711 RACE ST","6th & Race;711 RACE ST;500 Vine St",7.16492352,MANAGED_SITE,SQUARE_PLAZA,9,5,1,9,,,N,,157,49405.85546875,1024.69413223477
Thomas Mitchell Playground,Thomas Mitchell Playground,N,Thomas Mitchell Playground,Mitchell,,,3694 CHESTERFIELD RD,19114,3694 CHESTERFIELD RD,"3600 WHITEHALL LN;3700 WHITEHALL LN;Morrel & Crown",6.84147744,PARK,RECREATION_SITE,2,1,10,8,,,Y,Site Renovated in 2022-2023.,158,47331.0625,980.576783103419
Charles M Finley Playground,Charles M Finley Playground,N,Charles M. Finley Playground,Finley,Whitehall Commons,,1006 E HORTTER ST,19150,7701 MANSFIELD AVE,"7701 MANSFIELD AVE;Upsal & Mansfield;1001 E UPSAL ST;1037 E UPSAL ST",6.64473217,PARK,RECREATION_SITE,3,4,9,14,,,Y,,159,45965.87890625,875.483904592915
Von Colln Field,Benjamin Franklin Parkway,Y,,Von Colln, ,,2250 PENNSYLVANIA AVE,19130,N/A,"2200-2268 PENNSYLVANIA AVE;23rd & Pennsylvania",6.56999502,PARK,RECREATION_SITE,9,5,5,9,,,N,,160,45312.8203125,897.61021571319
Norris Square,Norris Square,N,Norris Square,Norris, ,,2100 N HOWARD ST,19122,2100 N HOWARD ST,"2100-60 N HOWARD ST, Diamond & Hancock",6.40064101,PARK,SQUARE_PLAZA,8,6,7,26,,,N,Site Renovations started in 2022,161,44170.73046875,823.895799893461
Tomlinson and Gifford Playground,Tomlinson and Gifford Playground,N,Tomlinson and Gifford Playground,Tomlinson and Gifford,,,487 TOMLINSON RD,19116,575 TOMLINSON RD,575 TOMLINSON RD,6.4000252,PARK,RECREATION_SITE,1,1,10,7,,,Y,,162,44338.56640625,851.561635375138
McPherson Square,McPherson Square,N,,McPherson, ,,601 E INDIANA AVE,19134,601 E INDIANA AVE,Kensington & Indiana,6.39110448,PARK,SQUARE_PLAZA,5,3,7,24,,,Y,,163,44120.58203125,833.075626096343
Morris Estate Cultural Center,Morris Estate Cultural Center,N,Morris Estate Cultural Center,Morris Estate,,,1610 CHELTEN AVE,19141,"1610 CHELTEN AVE, 1700 CHELTEN AVE","1700 CHELTEN AVE;1600 CHELTEN AVE",6.38125279,PARK,RECREATION_SITE,4,4,8,35,,,Y,"Portion of land (ball diamond) is currently owned by School District (2020), rest is City owned.",164,44124.65234375,922.500304758279
Sergeant John J McVeigh Recreation Center,Sergeant John J McVeigh Recreation Center,N,Sergeant John J. McVeigh Recreation Center,McVeigh,John J. McKinley Playground,,3390 D ST,19134,400-64 E ONTARIO ST,400-64 E ONTARIO ST,6.32015353,PARK,RECREATION_SITE,5,3,7,25,,,Y,,165,43637.4140625,828.893333755975
Malcolm X Memorial Park,Malcolm X Memorial Park,N,Malcolm X Memorial Park,Malcolm X,Black Oak Park,,5100 PINE ST,19143,5100 PINE ST,51st & Pine,6.29779613,PARK,SQUARE_PLAZA,10,8,3,18,,,N,,166,43422.73828125,826.456230702797
Joseph A Scanlon Playground,Joseph A Scanlon Playground,N,Joseph A. Scanlon Playground,Scanlon,"Webster Playground, Scanlon Ice Rink",,1099 E TIOGA ST,19134,1099 E TIOGA ST,"1099 E TIOGA ST, Tioga & J",6.20991504,PARK,RECREATION_SITE,5,3,7,24,,,Y,,167,42877.93359375,908.627276353728
Woodward Pines,Woodward Pines,N,,Woodward,Casey's Ice Pond Park,,7922 LINCOLN DR,19118,"159 W SPRINGFIELD AVE, 7930-34 LINCOLN DR","159 W SPRINGFIELD AVE, 7930-34 LINCOLN DR",1.36261608,PARK,NEIGHBORHOOD_PARK,3,4,8,14,,,N,,168,9426.734375,751.275512275625
Fairmount Water Works Historic Area,East Fairmount Park,Y,Fairmount Water Works Historic Area,Water Works, ,,650 WATER WORKS DR,19130,2500 SPRING GARDEN ST,"2500 SPRING GARDEN ST;620-690 AQUARIUM DR;630-690 WATER WORKS DR",5.38908855,MANAGED_SITE,HISTORIC_SITE,9,5,4,9,,,N,,169,37173.61328125,1347.41264769816
Frank McArdle Memorial Recreation Center,Frank McArdle Memorial Recreation Center,N,Frank McArdle Memorial Recreation Center,McArdle,,,2945 WELSH RD,19152,8930 ASHTON RD,"2933 WELSH RD;2801 WELSH RD;8930 ASHTON RD;2951 WELSH RD;Welsh & Tolbut",6.13680759,PARK,RECREATION_SITE,2,1,6,8,,,N,,170,42447.34765625,1088.11904504497
Boniface Piccoli Playground,Boniface Piccoli Playground,N,Boniface Piccoli Playground,Piccoli,,,1500 E CAYUGA ST,19124,1501 E BRISTOL ST,"1501 E BRISTOL ST;O & Bristol",6.01259396,PARK,RECREATION_SITE,5,3,7,24,,,Y,,171,41529.0625,807.022372639414
Mayfair Recreation Center,Mayfair Recreation Center,N,Mayfair Recreation Center,Mayfair,Mayfair Community Center,,3000 SAINT VINCENT ST,19149,2901 PRINCETON AVE,"2901 PRINCETON AVE;3015 PRINCETON AVE;2990 SAINT VINCENT ST",6.52184663,PARK,RECREATION_SITE,2,1,6,15,,,Y,One of the buildings and fields leased out to Mayfair Community Development Corporation,172,45081.51953125,989.569696830951
Cliveden Park,Cliveden Park,N,Cliveden Park,Cliveden, ,,501 E JOHNSON ST,19119,501 E JOHNSON ST,"6400 Chew Ave, Chew & Cliveden",5.95249698,PARK,NEIGHBORHOOD_PARK,3,4,8,14,,,N,,173,41161.38671875,849.528773926722
Helen G Sturgis Playground,Helen G Sturgis Playground,N,Helen G. Sturgis Playground,Sturgis,,,6420 N 2ND ST,19126,200-20 W 65TH AVE,"200-20 W 65TH AVE;2nd & 65th;210 W 65TH AVE;6460 N 2ND ST",5.84218364,PARK,RECREATION_SITE,5,3,9,35,,,Y,,174,40395.30078125,800.524090398382
Jack Horgan Memorial Field at Old Line Park,Jack Horgan Memorial Field at Old Line Park,N,Jack Horgan Memorial Field at Old Line Park,Horgan,Old Line Park,,8730 OLD LINE RD,19128,8730 OLD LINE RD,,6.1468996,PARK,SPORTS_COMPLEX,3,4,4,5,,,N,,175,42525.6328125,884.778727716691
John L Barrett Playground,John L Barrett Playground,N,John L. Barrett Playground,Barrett,Lindley Playground,,700 W DUNCANNON AVE,19120,641 LINDLEY AVE,"8th & Lindley;641 LINDLEY AVE;5200 N FRANKLIN ST;715 W DUNCANNON AVE",5.77555582,PARK,RECREATION_SITE,4,3,"8;9",35,,,Y,10/2025-Whole Site Under Rebuild,176,39912.86328125,900.034590352794
John J McCreesh Sr Playground,John J McCreesh Sr Playground,N,"John J. McCreesh, Sr. Playground",McCreesh,,,6744 REGENT ST,19142,6744 REGENT ST,6600 REGENT ST,5.29777207,PARK,RECREATION_SITE,10,8,2,12,,,Y,,177,36499.91015625,1000.84577384487
Parkside Evans Recreation Center,West Fairmount Park,Y,Parkside Evans Recreation Center,Parkside Evans,Philly Pumptrack,,5271 PARKSIDE AVE,19131,3401 W GIRARD AVE,"5300 PARKSIDE AVE;5301 PARKSIDE AVE;3401 W GIRARD AVE",6.30525787,PARK,RECREATION_SITE,7,5,4,19,,,Y,,178,43518.80859375,1310.6344311734
Carroll Park,Carroll Park,N,,Carroll, ,,5801 W GIRARD AVE,19131,5801 W GIRARD AVE,58th & Girard,5.63618341,PARK,SQUARE_PLAZA,7,8,4,19,,,N,,179,38881.8984375,784.140802566563
Ramonita Negron Rivera Recreation and Community Center,Ramonita Negron Rivera Recreation and Community Center,N,Ramonita Negron Rivera Recreation and Community Center,Rivera,"Mann Recreation Center;Westmoreland Square;Hersch Recreation Center",,3201 N 05TH ST,19140,3201 N 05TH ST,5th & Allegheny,4.25280303,PARK,RECREATION_SITE,5,3,7,25,,,Y,Mann Older Adult Center is also located in the building on this site. 2024-Rebuild Renovations completed.,180,29364.04296875,704.606585969492
Franklin Delano Roosevelt Playground,Franklin Delano Roosevelt Playground,N,Franklin Delano Roosevelt Playground,Roosevelt,,,4300 HELLERMAN ST,19135,4301 LEVICK ST,"6455 WALKER ST, Levick & Walker;4301 LEVICK ST",5.45399635,PARK,RECREATION_SITE,6,2,6,15,,,Y,"2020 Playground, Sprayground, Basketball Courts Renovations Completed.",181,37685.375,776.13942870278
A Albert Cherashore Playground,A Albert Cherashore Playground,N,A. Albert Cherashore Playground,Cherashore,,,900 W CHEW AVE,19141,851 W OLNEY AVE,"851-951 W OLNEY AVE;9th & Olney;960 CHEW AVE",5.24054709,PARK,RECREATION_SITE,4,3,9,35,,,Y,,182,36223.7109375,770.965730447726
Barnes Foundation Museum,Benjamin Franklin Parkway,Y,The Barnes Foundation Museum,Barnes, ,,2051 BENJAMIN FRANKLIN PKY,19130,2025L BENJAMIN FRANKLIN PKWY,"2025L BEN FRANKLIN PKWY;2051 BENJAMIN FRANKLIN PKY;19th & Pkwy",5.3924238,MANAGED_SITE,MUSEUM_CAMPUS,9,5,5,9,,,N,,183,37188.296875,820.028324989386
William T Granahan Playground,Cobbs Creek Park,Y,William T. Granahan Playground,Granahan,,,6532 CALLOWHILL ST,19151,"338-50 N 65TH ST, 6525-47 VINE ST","65th & Callowhill;338-50 N 65TH ST, 6525-47 VINE ST",5.30859667,PARK,RECREATION_SITE,7,8,4,19,,,Y,,184,36619.69140625,1032.55369891075
George Connell Park,George Connell Park,N,George Connell Park,Connell, ,,6401 ELMWOOD AVE,19142,6401 ELMWOOD AVE,64th & Elmwood,5.32084152,PARK,SQUARE_PLAZA,10,8,2,12,,,Y,,185,36655.1015625,762.551852063289
West Mill Creek Playground,West Mill Creek Playground,N,West Mill Creek Playground,West Mill Creek,,,5100 WESTMINSTER AVE,19139,"525-53 N 52ND ST,5127-41&5100 WESTMINSTER AVE,868-76 N 51ST ST,5101-07&5100 PARRISH ST,5100-10&5072 OGDEN ST,5101&5046-64 RENO ST,5041-69 FUNSTON ST","51st & Reno;525-53 N 52ND ST,5127-41&5100 WESTMINSTER AVE,868-76 N 51ST ST,5101-07&5100 PARRISH ST,5100-10&5072 OGDEN ST,5101&5046-64 RENO ST,5041-69 FUNSTON ST",5.26909751,PARK,RECREATION_SITE,7,8,3,16,,,Y,,186,36346.28125,1714.43474065669
Lonnie Young Recreation Center of East Germantown,Lonnie Young Recreation Center of East Germantown,N,The Lonnie Young Recreation Center of East Germantown,Young,East Germantown Recreation Center,,1100 E CHELTEN AVE,19138,1100 E CHELTEN AVE,"Ardleigh St & E Chelten Ave;5650 ANDERSON ST",5.2289743,PARK,RECREATION_SITE,4,4,8,14,,,Y,,187,36156.4375,787.063397055642
Carousel House Recreation Center,West Fairmount Park,Y,Carousel House Recreation Center,Carousel,Recreation District HQ,,4300 AVENUE OF THE REPUBLIC,19131,3401 W GIRARD AVE,"1601 BELMONT AVE;1701 Belmont Ave;1701-15 BELMONT AVE;3401 W GIRARD AVE",5.24413526,PARK,RECREATION_SITE,7,5,4,16,,,Y,Dept of Rec created in 1987 according to signage,188,36185.87890625,801.625192451693
Eileen Fitzpatrick Playground,Eileen Fitzpatrick Playground,N,Eileen Fitzpatrick Playground,Fitzpatrick,Decatur School Playground,,12485 ACADEMY RD,19154,3500 ACADEMY RD,"3500 ACADEMY RD;12501 TORREY RD;Academy & Torrey",4.94086562,PARK,RECREATION_SITE,2,1,10,8,,,Y,Land is owned by School District-PPR leases. Part of the Decatur School Property.,189,34210.48046875,762.54845405143
11th and Cecil B Moore Playground,11th and Cecil B Moore Playground,N,,11th and CB Moore,11th & Columbia,,1737 N 11TH ST,19122,1001-33 CECIL B MOORE AVE,"1001-33 CECIL B MOORE AVE;1701 N 11TH ST",5.18166632,PARK,SPORTS_COMPLEX,9,6,5,22,,,N,,190,35754.37109375,755.891228622792
Waterview Recreation Center,Waterview Recreation Center,N,Waterview Recreation Center,Waterview,,,5826 MCMAHON AVE,19144,5826 MCMAHON AVE,"5820 MCMAHON AVE;Haines & McMahon",5.16461987,PARK,RECREATION_SITE,4,4,8,14,,,Y,1911 Ordinance assigned to Department of Rec.,191,35706.11328125,769.244419786321
Cohocksink Recreation Center,Cohocksink Recreation Center,N,Cohocksink Recreation Center,Cohocksink,,,2901 CEDAR ST,19134,2901 CEDAR ST,"2889 CEDAR ST, Cedar & Cambria",5.11659919,PARK,RECREATION_SITE,6,2,1,24,,,Y,,192,35311.12890625,861.347850729889
McMichael Park,McMichael Park,N,,McMichael, ,,3201 MIDVALE AVE,19129,3201-45 MIDVALE AVE,"3201-45 MIDVALE AVE, Midvale & Henry",5.84360812,PARK,NEIGHBORHOOD_PARK,3,4,4,39,,,N,,193,40368.5390625,861.049015270909
Stephen E Fotterall Square,Stephen E Fotterall Square,N,Stephen E. Fotterall Square,Fotterall,James Young Memorial Playground,,2400 N 11TH ST,19133,2400 N 11TH ST,11th & York,5.06784791,PARK,SQUARE_PLAZA,8,6,5,22,,,N,,194,34980.15625,739.463963674554
Lawrence E Murphy Recreation Center,Lawrence E Murphy Recreation Center,N,Lawrence E. Murphy Recreation Center,Murphy,Greenwich Recreation Center,,300 SHUNK ST,19148,300 SHUNK ST,"4th & Shunk;2600 S 3RD ST",4.95000547,PARK,RECREATION_SITE,12,7,1,3,,,Y,Site Renovations started in 2023.,195,34092.5234375,725.667073096724
Harrowgate Park,Harrowgate Park,N,,Harrowgate,Gates Park,,3455 KENSINGTON AVE,19134,3455 KENSINGTON AVE,Tioga & Kensington,4.9122538,PARK,SQUARE_PLAZA,5,2,6,24,,,N,,196,33915.90234375,753.320045700607
48th and Woodland Playground,48th and Woodland Playground,N,,48th and Woodland,"Comegys Playground;Johnsons Playground",,4740 WOODLAND AVE,19143,4740 WOODLAND AVE,,4.8465753,PARK,RECREATION_SITE,10,8,3,18,,,Y,,197,33406.1484375,748.801687579109
East Poplar Playground,East Poplar Playground,N,East Poplar Playground,East Poplar,East Poplar Field,,800 N 08TH ST,19123,"882 N 08TH ST; 800 N 08TH ST; 901 N 08TH ST","820 N 08TH ST, 9th & Parish;882 N 08TH ST;800 N 08TH ST;8th and Poplar",7.92240269,PARK,RECREATION_SITE,9,6,5,"9;26",,,Y,"Playground site acquired in 1948, fields added in 1975.",198,54648.1328125,1496.39615873373
Narcissa S Cruz Recreation Center,Narcissa S Cruz Recreation Center,N,Narcissa S. Cruz Recreation Center,Cruz,Manila Park,,1401 N 06TH ST,19122,1400-52 N 05TH ST,"1400-52 N 05TH ST;1431 N 06TH ST;6th & Master;1405 N 05TH St;575 MASTER ST",4.80987949,PARK,RECREATION_SITE,9,2,7,26,,,Y,,199,33183.89453125,723.559436274909
Holmesburg Recreation Center,Holmesburg Recreation Center,N,Holmesburg Recreation Center,Holmesburg,Crispin School,,4510 RHAWN ST,19136,"4500 DECATUR ST, 4500 RHAWN ST","4500 DECATUR ST;4500 RHAWN ST",4.68312338,PARK,RECREATION_SITE,2,1,6,15,,,Y,Archdiocese of Philadelphia leases the fields,200,32368.75,812.586983448189
Lardners Point Park,Lardners Point Park,N,,Lardners,,,5202 LEVICK ST,19135,6301 MILNOR ST,6301 MILNOR ST,4.96529795,PARK,GREENWAY,6,2,6,15,,,N,,201,34289.96875,921.24442053731
Frederick Cione Playground,Frederick Cione Playground,N,Frederick Cione Playground,Cione,Aramingo Sqaure,,2600 ARAMINGO AVE,19125,2600 ARAMINGO AVE,"Aramingo & Lehigh, 2610 ARAMINGO AVE",4.75222038,PARK,RECREATION_SITE,6,2,1,26,,,Y,,202,32793.015625,944.978676840099
Pleasant Playground,Pleasant Playground,N,Pleasant Playground,Pleasant,,,305 SLOCUM ST,19119,6757 CHEW AVE,"6757 CHEW AVE;6750 BOYER ST;332 PLEASANT ST;Boyer & Pleasant",4.75614281,PARK,RECREATION_SITE,3,4,8,14,,,Y,,203,32894.046875,796.31059710031
Athletic Recreation Center,Athletic Recreation Center,N,Athletic Recreation Center,Athletic,"Jefferson Baseball Grounds;26th and Master;Athletic Square",,2626 W JEFFERSON ST,19121,1401-55 N 27TH ST,"1450 N 26TH ST; 1420 N 26TH ST, 1401-55 N 27TH ST",4.69342432,PARK,RECREATION_SITE,9,6,5,22,,,Y,1911 Ordinance assigned to Department of Rec,204,32384.58203125,714.978562507789
Happy Hollow Recreation Center,Happy Hollow Recreation Center,N,Happy Hollow Recreation Center,Happy Hollow,,,4800 WAYNE AVE,19144,4740 WAYNE AVE,"4740 WAYNE AVE, Wayne & Logan",4.58829954,PARK,RECREATION_SITE,4,4,8,39,,,Y,,205,31702.0078125,858.304554323755
Private Alfred J Simpson Memorial Recreation Center,Private Alfred J Simpson Memorial Recreation Center,N,Private Alfred J. Simpson Memorial Recreation Center,Simpson,,,1010 ARROTT ST,19124,1010 ARROTT ST,"Arrott & Large;1000 ARROTT ST",4.55414218,PARK,RECREATION_SITE,6,3,7,15,,,Y,,206,31463.39453125,922.875879653991
Reverend M Monkiewicz Recreation Center,Reverend M Monkiewicz Recreation Center,N,Reverend M. Monkiewicz Recreation Center,Monkiewicz,,,3201 RICHMOND ST,19134,"3201 RICHMOND ST, 2855 E ALLEGHENY AVE","2855 E ALLEGHENY AVE;Richmond & Allegheny",9.55695271,OTHER,OTHER,6,2,6,24,,,Y,,207,65952.01171875,1602.2729079963
Ernest L Tustin Recreation Center,Ernest L Tustin Recreation Center,N,Ernest L. Tustin Recreation Center,Tustin,,,1951 N 60TH ST,19151,5901-29 W COLUMBIA AVE,"5901-29 W COLUMBIA AVE, 59th & Lancaster;5999 W COLUMBIA AVE",4.32379072,PARK,RECREATION_SITE,7,8,4,19,,,Y,,208,29837.7109375,739.621626960704
Wharton Square,Wharton Square,N,Wharton Square,Wharton,,,1300 S 23RD ST,19146,1300 S 23RD ST,"2300 WHARTON ST, 23rd & Wharton",4.29406803,PARK,SQUARE_PLAZA,11,7,2,17,,,Y,,209,29592.375,681.78223897797
Mifflin Square,Mifflin Square,N,,Mifflin, ,,500 WOLF ST,19148,500 WOLF ST,6th & Wolf,4.17187934,PARK,SQUARE_PLAZA,12,7,1,3,,,N,,210,28736.80859375,671.921971104304
Belfield Recreation Center,Belfield Recreation Center,N,,Belfield,,,2109 W CHEW AVE,19138,"2109 W CHEW AVE, 5801 N BEECHWOOD ST","21st & Chew, 5801 N BEECHWOOD ST",4.01471298,PARK,RECREATION_SITE,4,4,8,35,,,Y,,211,27754.359375,1022.03696861503
Overington Park,Overington Park,N,,Overington,Oaklands,,4600 LEIPER ST,19124,4600 LEIPER ST,Orthodox & Leiper,4.12413095,PARK,NEIGHBORHOOD_PARK,6,3,7,15,,,N,,212,28489.19921875,672.543712402852
Columbus Square,Columbus Square,N,Christopher Columbus - Anthony DiProspero Playground,Columbus,"Passyunk Square;Columbus/DiProspero",,1200 WHARTON ST,19147,1200 WHARTON ST,"1300 S 12TH ST;1201 W REED ST",4.11151702,PARK,RECREATION_SITE,12,7,1,3,,,Y,,213,28332.35546875,666.851224145958
Dr Nicola Capitolo Playground,Dr Nicola Capitolo Playground,N,Dr. Nicola Capitolo Playground,Capitolo,,,900 FEDERAL ST,19147,900 FEDERAL ST,10th & Federal,4.09197487,PARK,RECREATION_SITE,12,7,1,3,,,Y,,214,28198.22265625,652.990126662933
George A Vare Recreation Center,George A Vare Recreation Center,N,George A. Vare Recreation Center,Vare,,,2600 MORRIS ST,19145,2600 MORRIS ST,26th & Morris,4.10767749,PARK,RECREATION_SITE,11,7,2,17,,,Y,Site Renovations started in 2022,215,28304.35546875,667.187509624268
Mount Airy Playground,Mount Airy Playground,N,Mount Airy Playground,Mt Airy,Sedgewick Park,,7001 GERMANTOWN AVE,19119,7001 GERMANTOWN AVE,Germantown & Sedgwick,4.06202346,PARK,RECREATION_SITE,3,4,8,14,,,Y,,216,28093.95703125,692.811654391923
Lonnie Cohen Recreation Center,Lonnie Cohen Recreation Center,N,Lonnie Cohen Recreation Center,Cohen,"Hillside;Turtle Park",,201 FOUNTAIN ST,19127,201 FOUNTAIN ST,Fountain & Fowler,4.07980012,PARK,RECREATION_SITE,3,4,4,5,,,Y,Site renamed in 2023.,217,28196.56640625,833.168724673793
Rodin Museum,Benjamin Franklin Parkway,Y,Rodin Museum,Rodin, ,,2151 BENJAMIN FRANKLIN PKY,19130,N/A,22nd & Benjamin Franklin Parkway,4.16431027,MANAGED_SITE,MUSEUM_CAMPUS,9,5,5,9,,,N,This is the portion of the Benjamin Franklin Parkway that is associated with the Rodin Museum. See Street Legal Card for the 22nd and Hamilton 'wedge',218,28719.9140625,756.229530412055
Stephen Girard Park,Stephen Girard Park,N,,S Girard,"Girard Estates;The Place;Farmhouse;Gentilhommiere Area",,2101 SHUNK ST,19145,2101 SHUNK ST,"2100 SHUNK ST;22nd & Porter;2200 W Porter St",4.02028992,PARK,SQUARE_PLAZA,11,7,2,1,,,N,Gentilhommiere Area leased out.,219,27693.32421875,658.753144571664
Commodore John Barry Playground,Commodore John Barry Playground,N,Commodore John Barry Playground,Barry,,,2838 S 18TH ST,19145,1800 JOHNSTON ST,"1800 JOHNSTON ST, 18th & Bigler",4.01253216,PARK,RECREATION_SITE,11,7,2,1,,,Y,,220,27636.1796875,657.27249797434
Senator William Vincent Mullin Playground,Senator William Vincent Mullin Playground,N,Senator William Vincent Mullin Playground,Mullin,,,4301 PRINCETON AVE,19135,4301 PRINCETON AVE,"4301 PRINCETON AVE, Princeton & Walker",3.89356158,PARK,RECREATION_SITE,2,2,6,15,,,Y,Site Renovated in 2023.,221,26908.6328125,826.838501240721
Joseph C McIlvain Playground,Joseph C McIlvain Playground,N,Joseph C. McIlvain Playground,McIlvain,Frankford Playground,,5200 N PENN ST,19124,5200 N PENN ST,,3.85387392,PARK,RECREATION_SITE,6,2,7,15,,,Y,,222,26628.25,716.699281091093
Marie Dendy Recreation Center,Marie Dendy Recreation Center,N,Marie Dendy Recreation Center,Dendy,Schwartz,,1591 N 10TH ST,19122,1501-39 N 10TH ST,"1501-39 N 10TH ST;10th & Oxford;1515 N 10TH ST",3.74314936,PARK,RECREATION_SITE,9,6,5,26,,,Y,,223,25826.05078125,656.766291224496
Dan Shissler Recreation Center,Dan Shissler Recreation Center,N,Dan Shissler Recreation Center,Shissler,Kensington Recreation Center,,1826 BLAIR ST,19125,1800-56 BLAIR ST,"1800-56 BLAIR ST, 1800 BLAIR ST; Blair & Berks",3.89753023,PARK,RECREATION_SITE,9,2,7,26,,,Y,,224,26893,988.883660087131
Solomon Sacks Playground,Solomon Sacks Playground,N,Solomon Sacks Playground,Sacks,,,400 WASHINGTON AVE,19147,400 WASHINGTON AVE,4th & Washington,3.73850107,PARK,RECREATION_SITE,12,7,1,3,,,Y,,225,25762.4609375,641.335411165018
Victor J Moss Memorial Field,Victor J Moss Memorial Field,N,Victor J. Moss Memorial Field,Moss,,,5726 TORRESDALE AVE,19135,5700 TORRESDALE AVE,"5700 TORRESDALE AVE;Torresdale & Cheltenham",3.69440024,PARK,RECREATION_SITE,6,2,6,15,,,Y,Site renovations in 10/2019.,226,25520.2265625,640.892025113371
Daniel E Rumph II Recreation Center,Daniel E Rumph II Recreation Center,N,Daniel E. Rumph II Recreation Center,Rumph,"Mallery; Otto T. Mallery Playground",,108 E JOHNSON ST,19144,100-70 E JOHNSON ST,"100-70 E JOHNSON ST, Morton & Johnson",3.67814457,PARK,RECREATION_SITE,3,4,8,14,,,Y,,227,25431.51171875,637.162135877945
Dorothy Emanuel Recreation Center,Dorothy Emanuel Recreation Center,N,Dorothy Emanuel Recreation Center,Emanuel,"Dorothy Emanuel Recreation and Teen Center; McCloskey School",,8545 PROVIDENT ST,19150,8500 PICKERING AVE,"8500 PICKERING AVE;8532 PICKERING AVE;Pickering & Gowen",3.67858288,PARK,RECREATION_SITE,3,4,9,14,,,Y,,228,25459.60546875,635.803095928068
Francisville Recreation Center,Francisville Recreation Center,N,Francisville Recreation Center,Francisville,Francisville Playground,,1822 WYLIE ST,19130,1737-39 FRANCIS ST,"1737-39 FRANCIS ST, Francis & Stanley",3.6815697,PARK,RECREATION_SITE,9,6,5,9,,,Y,,229,25395.84375,635.975307916894
Sister Clara Muhammad Square,Sister Clara Muhammad Square,N,Sister Clara Muhammad Square,Muhammad,Durham Square,,1035 N 48TH ST,19131,4700-30 LANCASTER AVE,"4700-30 LANCASTER AVE, 47th & Lancaster",3.59833677,PARK,SQUARE_PLAZA,7,8,3,16,,,N,,230,24823.73828125,681.90406590331
Harpers Hollow Park,Harpers Hollow Park,N,,Harpers Hollow,,,5850 OGONTZ AVE,19141,5850 OGONTZ AVE,Ogontz & Conlyn,3.60078362,PARK,NATURE_AREA,4,4,8,35,,,N,,231,24892.37890625,948.249227198807
Joseph Deni Recreation Center,Joseph Deni Recreation Center,N,Joseph Deni Recreation Center,Deni,,,1381 RUAN ST,19124,"1381 RUAN ST, 1385 RUAN ST","Adams & Church;1385 RUAN ST;1409 RUAN ST",3.52110521,PARK,RECREATION_SITE,5,3,7,15,,,N,,232,24320.20703125,689.437420042992
James Allen Shuler Playground,James Allen Shuler Playground,N,James Allen Shuler Playground,Shuler,Whittier Playground,,3025 N 27TH ST,19132,2901 N 29TH ST,"2901 N 29TH ST, 27th & Clearfield, 3000 N 27TH ST",2.99198737,PARK,RECREATION_SITE,3,6,4,39,,,Y,,233,20659.515625,591.785175649192
Marian Anderson Recreation Center,Marian Anderson Recreation Center,N,Marian Anderson Recreation Center,M Anderson,,,776 S 17TH ST,19146,740 S 17TH ST,"740 S 17TH ST, 740-44 S 17TH ST",3.36089002,PARK,RECREATION_SITE,11,7,2,17,,,Y,,234,23165.828125,605.045803977317
John Dickinson Square,John Dickinson Square,N,,Dickinson,,,1600 E MOYAMENSING AVE,19148,1600 E MOYAMENSING AVE,4th & Tasker,3.33034365,PARK,SQUARE_PLAZA,12,7,1,3,,,N,,235,22945.6015625,606.105206962028
Disston Recreation Center,Disston Recreation Center,N,Disston Recreation Center,Disston Rec, ,,4500 DISSTON ST,19135,4423 LONGSHORE AVE,4423 LONGSHORE AVE,3.33070015,PARK,RECREATION_SITE,2,2,6,15,,,Y,Renovations completed in 10/2020,236,23015.94921875,606.019354346043
Feltonville Recreation Center,Feltonville Recreation Center,N,Feltonville Recreation Center,Feltonville,,,283 E WYOMING AVE,19120,231-37 E WYOMING AVE,"231-37 E WYOMING AVE, 235 E WYOMING AVE",3.27937959,PARK,RECREATION_SITE,5,3,7,25,,,Y,,237,22657.03515625,639.562083974549
Walter Palumbo Recreation Center,Walter Palumbo Recreation Center,N,Walter Palumbo Recreation Center,W Palumbo,"Frank Palumbo, Jr. Recreation Center;Palumbo Recreation Center;Walter 'Chief' Palumbo",,700 S 09TH ST,19147,700 S 09TH ST,"9th & Bainbridge;900 BAINBRIDGE ST;725 S 10TH ST",3.221015,PARK,RECREATION_SITE,12,7,1,3,,,Y,"Originally Frank Palumbo Recreation Center, later renamed to Walter Palumbo Recreation Center. Historic Designation for the sports field area on 12/2021.",238,22201.23046875,593.555166243364
Albert W Christy Sr Recreation Center,Albert W Christy Sr Recreation Center,N,"Albert W. Christy, Sr. Recreation Center",Christy,"Sherwood Recreation Centre;55th and Christian",,728 S 55TH ST,19143,728 S 55TH ST,5501 CHRISTIAN ST,3.15489273,PARK,RECREATION_SITE,10,8,3,18,,,Y,1911 Ordinance assigned to Department of Rec,239,21750.18359375,627.500685247122
Jefferson Square,Jefferson Square,N,Jefferson Square,Jefferson, ,,300 WASHINGTON AVE,19147,300 WASHINGTON AVE,4th & Washington,3.12816978,PARK,SQUARE_PLAZA,12,7,1,3,,,N,,240,21556.4375,596.829673605422
Lindbergh Park,Lindbergh Park,N,,Lindbergh,"Carboni Ball Field;63rd & Lindbergh Park",,2800 S 63RD ST,19142,2800 S 63RD ST,63rd & Eastwick,3.12067264,PARK,SPORTS_COMPLEX,10,8,3,12,,,N,,241,21496.23046875,611.590434302956
William A Cibotti Recreation Center,William A Cibotti Recreation Center,N,William A. Cibotti Recreation Center,Cibotti,,,2500 S 77TH ST,19153,2500 S 77TH ST,"7700 ELMWOOD AVE, 77th & Elmwood",3.05209335,PARK,RECREATION_SITE,10,8,2,12,,,Y,,242,21016.64453125,632.733291523863
Jacob Stinger Park,Jacob Stinger Park,N,Jacob Stinger Park,Stinger,Stinger Square,,1400 S 32ND ST,19146,1400 S 32ND ST,"3220 REED ST;33rd & Dickinson",3.09859027,PARK,RECREATION_SITE,11,7,2,17,,,Y,,243,21354.171875,589.560987268641
Northwood Park,Northwood Park,N,Northwood Park,Northwood, ,,999 ARROTT ST,19124,"999 ARROTT ST;1003 FOULKROD ST","Arrott & Castor;1003 FOULKROD ST",6.749193,PARK,NEIGHBORHOOD_PARK,6,3,7,15,,,N,,244,46631.1640625,1284.72235772293
Lower Mayfair Playground,Lower Mayfair Playground,N,Lower Mayfair Playground,Lower Mayfair,Ethan Allen School,,3023 ROBBINS ST,19149,3001 ROBBINS ST,"3001 ROBBINS ST;6300 HAWTHORNE ST;Battersby & Robbins",2.98769604,PARK,RECREATION_SITE,6,2,6,15,,,Y,,245,20646.28125,610.318428921896
Pleasant Hill Park,Pleasant Hill Park,N,,Pleasant Hill,"Torresdale Fish Hatchery;Pleasant Hill Beach;Fish Hatchery Boat Ramp/Launch",,9201 N DELAWARE AVE,19136,9201 N DELAWARE AVE,"Delaware River & Linden;8900 N DELAWARE AVE;9200 DELAWARE AVE;5220 LINDEN AVE",8.47598189,PATHWAY,GREENWAY,2,1,6,8,,,N,Hatchery portion comes from PWD,246,58596.08203125,1056.39585284039
Robert T Heitzman Recreation Center,Robert T Heitzman Recreation Center,N,Robert T. Heitzman Recreation Center,Heitzman,Knight Playground,,3645 AMBER ST,19134,2136 CASTOR AVE,"Castor & Amber;3631 AMBER ST;2136 CASTOR AVE",2.90762604,PARK,RECREATION_SITE,6,2,6,24,,,Y,Site Renovated in 2022-2023.,247,20074.35546875,577.617350277203
Fairhill Square,Fairhill Square,N,Fairhill Square,Fairhill, ,,2649 N LAWRENCE ST,19133,2649 N LAWRENCE ST,2601-61 N LAWRENCE ST,2.86246211,PARK,SQUARE_PLAZA,8,6,7,26,,,N,,248,19758.6640625,605.272971416535
Wister Playground,Wister Playground,N,Wister Playground,Wister,,,4971 BAYNTON ST,19144,4971 BAYNTON ST,"Baynton & Shedaker;4975 BAYNTON ST",2.85421964,PARK,RECREATION_SITE,4,4,8,14,,,Y,,249,19725.78125,611.738781230399
Charles H Chew Playground,Charles H Chew Playground,N,"Charles H. Chew, Sr. Playground",Chew,"Charles H. Chew, Jr. Playground",,1800 WASHINGTON AVE,19146,1800 WASHINGTON AVE,1900 ELLSWORTH ST,2.79854277,PARK,RECREATION_SITE,11,7,2,17,,,Y,"Ordinance has Sr, but should have been for Jr.",250,19287.53515625,588.598091387642
Donald P Finnegan Recreation Center,Donald P Finnegan Recreation Center,N,Donald P. Finnegan Recreation Center,D Finnegan,Oakford,,1231 S 30TH ST,19146,"1231 S 30TH ST, 2909 WHARTON ST","2909 WHARTON ST;30th & Oakford",2.80201273,PARK,RECREATION_SITE,11,7,2,17,,,Y,,251,19311.31640625,574.209961657193
Joseph V Kelly Memorial Playground,Joseph V Kelly Memorial Playground,N,Joseph V. Kelly Memorial Playground,Kelly Playground,,,440 PARKER AVE,19128,440-42 PARKER AVE,440-42 PARKER AVE,2.77317159,PARK,NEIGHBORHOOD_PARK,3,4,4,5,,,N,,252,19170.82421875,569.081401919108
Campbell Square,Campbell Square,N,Campbell Square,Campbell,Allegheny Square,,2525 E ALLEGHENY AVE,19134,2525 E ALLEGHENY AVE,Allegheny & Belgrade,2.61362707,PARK,SQUARE_PLAZA,6,2,6,24,,,N,,253,18038.484375,535.657927593317
Tiffany Fletcher Recreation Center,Tiffany Fletcher Recreation Center,N,Tiffany Fletcher Recreation Center,Fletcher,Mill Creek Playground and Recreation Center,,4728 BROWN ST,19139,743-81 N 48TH ST,"743-81 N 48TH ST;47th & Aspen;4701 ASPEN ST;4700 BROWN ST",2.62730266,PARK,RECREATION_SITE,10,8,3,16,,,Y,Name changed 12/2022,254,18121.98046875,534.340869935611
Morton Playground,Morton Playground,N,,Morton, ,,88 E HAINES ST,19144,88 E HAINES ST,"245 E RITTENHOUSE ST;217 E RITTENHOUSE ST;209 E RITTENHOUSE ST;Haines & Baynton",2.60299987,PARK,RECREATION_SITE,3,4,8,14,,,Y,,255,17993.4921875,576.516311507124
Woodside Park,Woodside Park,N,Woodside Park,Woodside,"Wynnefield Heights; Conshohocken-Windermere",,3918 CONSHOHOCKEN AVE,19131,3910-18 CONSHOHOCKEN AVE,"3910-18 CONSHOHOCKEN AVE, 3910 CONSHOHOCKEN AVE",2.61972754,PARK,RECREATION_SITE,7,8,4,19,,,N,,256,18088.91796875,615.286812867443
Miles Mack Playground,Miles Mack Playground,N,Miles Mack Playground,Mack,"McAlpine, McAlpin",,736 N 36TH ST,19104,732-66 N 36TH ST,"732-66 N 36TH ST, 36th & Aspen",2.53457803,PARK,RECREATION_SITE,7,8,3,16,,,Y,Rebuild Renovations began 7/2020.,257,17483.359375,535.24144208719
Cloverly Park,Cloverly Park,N,Cloverly Park,Cloverly, ,,5425 WISSAHICKON AVE,19144,5425 WISSAHICKON AVE,Wissahickon & School House,2.5442823,PARK,NEIGHBORHOOD_PARK,4,4,8,39,,,N,,258,17580.23828125,531.439327667543
Roberto Clemente Playground,Roberto Clemente Playground,N,Roberto Clemente Playground,Clemente,,,1800 WALLACE ST,19130,1800 WALLACE ST,18th & Wallace,2.54274811,PARK,RECREATION_SITE,9,6,5,9,,,Y,,259,17538.69921875,540.780786571176
Juniata Park Older Adult Center,Juniata Park Older Adult Center,N,Juniata Park Older Adult Center,Juniata Older Adult Center, ,,1231 E SEDGLEY AVE,19124,1231 E SEDGLEY AVE,1251 E SEDGLEY AVE,2.51536334,OTHER,OLDER_ADULT_SITE,5,3,7,24,,,Y,,260,17369.21875,564.331874092142
Matthias Baldwin Park,Matthias Baldwin Park,N,Matthias Baldwin Park,Baldwin,Franklintown Park,,429 N 19TH ST,19130,423-33 N 19TH ST,423-33 N 19TH ST,2.15206035,PARK,NEIGHBORHOOD_PARK,9,5,5,9,,,N,,261,14842.15625,511.870527756588
Conestoga Community Playground,Conestoga Community Playground,N,Conestoga Community Playground,Conestoga,,,5300 MEDIA ST,19131,"1452 N 53RD ST, 5200 MEDIA ST","5200-300 MEDIA ST, 5200 MEDIA ST, 1452 N 53RD ST",2.45650337,PARK,RECREATION_SITE,7,8,4,19,,,Y,"PPR originally leased from School District in 1954 and 1972, PPR and City officially acquired the properties in 2014.",262,16948.640625,716.063595939967
Dave Dougherty (Hetzell) Field,Dave Dougherty (Hetzell) Field,N,Dave Dougherty (Hetzell) Field,Dougherty (Hetzell),Isaac D. Hetzell Playground,,1301 E COLUMBIA AVE,19125,1301 E COLUMBIA AVE,Thompson St and Columbia Ave,2.46356186,PARK,SPORTS_COMPLEX,9,2,5,26,,,N,,263,16995.84375,519.129443427576
Bernard Samuel Playground,Bernard Samuel Playground,N,Bernard Samuel Playground,Samuel,"Recreation District HQ, Fox Square",,3539 GAUL ST,19134,2501 E TIOGA ST,"2501 E TIOGA ST; Tioga & Gaul",2.43285843,PARK,RECREATION_SITE,6,2,6,24,,,Y,,264,16793.01953125,510.011526733535
Frank JG Dorsey Memorial Playground,Frank JG Dorsey Memorial Playground,N,Frank J.G. Dorsey Memorial Playground,Dorsey,,,4805 HELLERMAN ST,19135,6501 HEGERMAN ST,"6501 HEGERMAN ST;Hellerman & Edmund;4801 HELLERMAN ST",2.41678763,PARK,RECREATION_SITE,6,2,6,15,,,Y,,265,16697.29296875,568.185513734426
John F Kennedy Plaza (LOVE Park),Benjamin Franklin Parkway,Y,John F. Kennedy Plaza (LOVE Park),JFK (Love Park),"LOVE Park;JFK Plaza",,1501 JOHN F KENNEDY BLVD,19102,1501 JOHN F KENNEDY BLVD,15th & JFK,2.41408104,PATHWAY,SQUARE_PLAZA,9,5,5,9,,,N,,266,16643.77734375,524.728848669311
12th and Cambria Playground,12th and Cambria Playground,N,,12th and Cambria,,,2900 N 12TH ST,19133,"1149 W CAMBRIA ST, 1127-33 W CAMBRIA ST, 1135-41 W CAMBRIA ST, 2900-30 N 11TH ST","1149 W CAMBRIA ST, 1127-33 W CAMBRIA ST, 1135-41 W CAMBRIA ST, 2900-30 N 11TH ST, 2915 N 12TH ST",2.33737423,PARK,RECREATION_SITE,8,3,5,25,,,Y,,267,16136.890625,542.995987421386
Starr Garden Playground,Starr Garden Playground,N,Starr Garden Playground,Starr Garden,,,606 LOMBARD ST,19147,600-44 LOMBARD ST,"600-44 LOMBARD ST, 6th & Lombard",2.16683947,PARK,RECREATION_SITE,12,7,1,3,,,Y,,268,14935.8671875,507.382393888726
Womrath Park,Womrath Park,N,,Womrath, ,,4098 FRANKFORD AVE,19124,4098 FRANKFORD AVE,Kensington & Frankford,2.1676801,PARK,SQUARE_PLAZA,5,3,7,15,,,N,1911 Ordinance assigned land to Department of Rec,269,14970.4296875,591.72480695132
Thomas I Guerin Recreation Center,Thomas I Guerin Recreation Center,N,Thomas I. Guerin Recreation Center,Guerin,,,2201 S 16TH ST,19145,2201 S 16TH ST,16th & Jackson,2.04682161,PARK,RECREATION_SITE,11,7,2,1,,,Y,,270,14100.3515625,503.265398262266
Clarkson Park,Clarkson Park,N,,Clarkson,Matthew Clarkson Park,,5475 N BROAD ST,19141,"5401-55 N BROAD ST, 5501-11 N BROAD ST","Board & Somerville;5401-55 N BROAD ST, 5501-11 N BROAD ST",2.07138192,PARK,SQUARE_PLAZA,4,3,9,35,,,N,,271,14317.015625,797.203312549718
Michael Foglietta Plaza,I-95 Park,Y,Michael Foglietta Plaza,Foglietta, ,,109 SPRUCE ST,19106,N/A,,2.05696837,MANAGED_SITE,SQUARE_PLAZA,12,5,1,9,,,N,,272,14179.3046875,472.509856913831
South Philadelphia Older Adult Center,South Philadelphia Older Adult Center,N,South Philadelphia Older Adult Center,S Phila Older Adults Center,SPOAC,,1430 E PASSYUNK AVE,19147,1430 E PASSYUNK AVE,,1.87522481,OTHER,OLDER_ADULT_SITE,12,7,1,3,,,Y,,273,12921.5625,643.956811949591
Pretzel Park,Pretzel Park,N,Pretzel Park,Pretzel,Manayunk Park,,4300 SILVERWOOD ST,19127,4300 SILVERWOOD ST,Silverwood & Rector,2.01667123,PARK,NEIGHBORHOOD_PARK,3,4,4,5,,,N,,274,13934.5703125,515.744623118972
A Giuseppe DiSilvestro Playground,A Giuseppe DiSilvestro Playground,N,A. Giuseppe DiSilvestro Playground,DiSilvestro,,,1700 S BROAD ST,19145,1700 S BROAD ST,"1701 S 15TH ST, Broad & Morris",1.99072817,PARK,RECREATION_SITE,11,7,2,17,,,Y,Site is managed/maintained by PPR/CHOP/Public Health/Free Library,275,13716.3984375,496.542683769698
Penrose Memorial Playground,Penrose Memorial Playground,N,Penrose Memorial Playground,Penrose,,,1101 W SUSQUEHANNA AVE,19133,1101 W SUSQUEHANNA AVE,12th & Susquehanna,1.70811841,PARK,RECREATION_SITE,8,6,5,22,,,Y,,276,11788.83984375,490.485417723402
Charles T Mitchell Jr (Seger) Park,Charles T Mitchell Jr (Seger) Park,N,"Charles T. Mitchell, Jr. Park",Mitchell (Seger),"Charles Mitchell Playground; Charles Seger Park",,1020 LOMBARD ST,19147,1000-42 LOMBARD ST,1000-42 LOMBARD ST,1.91129728,PARK,RECREATION_SITE,12,7,1,3,,,Y,"Building is named for Charles Seger (1977); Site is named for Charles T Mitchell Jr (1976).",277,13174.73046875,488.311980321819
Eric N Casiano Field,Eric N Casiano Field,N,Eric N. Casiano Field,Casiano,"Dauphin & Oriana Fields;4th & York;4th & Dauphin",,2301 N 04TH ST,19133,"2301-17 N 4TH ST, 400-10 W DAUPHIN ST, 2256 N 4TH ST, 314-24 W DAUPHIN ST","4th St and York St;2301-17 N 4TH ST, 400-10 W DAUPHIN ST, 2256 N 4TH ST, 314-24 W DAUPHIN ST",1.87150518,PARK,SPORTS_COMPLEX,8,6,7,26,,,N,,278,12916.3828125,463.647563908389
Venice Island Performing Arts and Recreation Center,Venice Island Performing Arts and Recreation Center,N,Venice Island Performing Arts and Recreation Center,Venice Island,,,25 LOCK ST,19127,"7 LOCK ST, 25 LOCK ST, 1 RECTOR ST","SCHUYLKILL and COTTON; 7 Lock St; 1 RECTOR ST",1.6819157,PARK,RECREATION_SITE,3,4,4,5,,,Y,MOU with PWD and DPP shows this area as PPR's responsibility.,279,11620.73046875,672.453931474764
Hancock Playground,Hancock Playground,N,Hancock Playground,Hancock,St John's,,1403 N HANCOCK ST,19122,147 MASTER ST,"147 MASTER ST, Jefferson & Hancock;160 JEFFERSON ST",1.78341482,PARK,RECREATION_SITE,9,2,5,26,,,Y,,280,12303.79296875,469.019609786674
Howard Sayre Morris Recreation Center,Howard Sayre Morris Recreation Center,N,Howard Sayre Morris Recreation Center,Sayre Morris,,,5825 SPRUCE ST,19139,5800 WALNUT ST,"5835 SPRUCE, 59th & Spruce;5800 WALNUT ST",1.60589254,PARK,RECREATION_SITE,10,8,3,18,,,Y,"PPR Lease began 1968; PPR is responsible for the playground equipment only. The property and building are the School Districts responsibility.",281,11073.7890625,481.115005327726
Reverend Edward P Burke Playground,Reverend Edward P Burke Playground,N,Reverend Edward P. Burke Playground,Burke,,,2198 S 2ND ST,19148,200 SNYDER AVE,"200 SNYDER AVE;2nd & Jackson; 2144 S 2ND ST",1.22289054,PARK,RECREATION_SITE,12,7,1,3,,,N,Library portion of land is not administered by PPR.,282,8423.91796875,372.445920417641
Kay Park,Kay Park,N,Kay Park,Kay,Vandergrift Estate,,4712 PULASKI AVE,19144,4712 PULASKI AVE,,1.49309226,PARK,NEIGHBORHOOD_PARK,4,4,8,39,,,N,,283,10315.73828125,411.951804817649
Sherwood Park,Sherwood Park,N,,Sherwood, ,,5601 BALTIMORE AVE,19143,5601 BALTIMORE AVE,57th & Baltimore,1.6474484,PARK,SQUARE_PLAZA,10,8,3,18,,,N,,284,11357.03125,518.381899641831
Howell Park,Howell Park,N,Howell Park,Howell, ,,5215 GREENE ST,19144,5215 GREENE ST,,1.5590139,PARK,NEIGHBORHOOD_PARK,4,4,8,39,,,N,,285,10773.83203125,581.208914508971
Norman (Butch) Ellis Playground,Norman (Butch) Ellis Playground,N,Norman (Butch) Ellis Playground,Ellis,39th and Olive Playground,,714 N 39TH ST,19104,714 N 39TH ST,"700-14 N 39TH ST, 724 N 39TH ST",1.47978435,PARK,RECREATION_SITE,7,8,3,16,,,Y,,286,10206.953125,441.982568875332
Michael J Towey Playground,Michael J Towey Playground,N,Michael J. Towey Playground,Towey,,,1866 N HOWARD ST,19122,"1832-50 N HOWARD ST, 144 W BERKS ST","1832-50 N HOWARD ST;1832 N HOWARD ST;144 W BERKS;Masher & Berks;1876 N HOWARD ST",1.4519721,PARK,RECREATION_SITE,9,6,7,26,,,Y,,287,10018.7890625,397.541626554952
Fishtown Recreation Center,Fishtown Recreation Center,N,Fishtown Recreation Center,Fishtown,"Lederer Recreation Center;Lederer Pool;Thomas Hooker Hockey Rink",,1222 E MONTGOMERY AVE,19125,"1202-32 E MONTGOMERY AVE; 1225 E MONTGOMERY AVE","1202-32 E MONTGOMERY AVE;612-18 MOYER ST",1.75309355,PARK,RECREATION_SITE,9,2,5,26,,,Y,,288,12094.23046875,690.942097708176
Shot Tower Recreation Center,Shot Tower Recreation Center,N,Shot Tower Recreation Center,Shot Tower,,,129 CARPENTER ST,19147,101-31 CARPENTER ST,"101-31 CARPENTER ST;103 CARPENTER ST",1.43815356,PARK,RECREATION_SITE,12,7,1,3,,,Y,,289,9910.80078125,438.47693351037
Marian Winfield Hissey Recreation Center,Marian Winfield Hissey Recreation Center,N,Marian Winfield Hissey Recreation Center,Hissey,Hissey Playground,,424 E INDIANA AVE,19134,400-32 E INDIANA AVE,"400-32 E INDIANA AVE, Indiana & C",1.44120337,PARK,RECREATION_SITE,5,3,7,24,,,N,,290,9949.09765625,397.405548837208
Shevchenko Park,Shevchenko Park,N,,Shevchenko,Taras Shevchenko Park,,5301 N BROAD ST,19141,5301 N BROAD ST,,1.32062148,PARK,SQUARE_PLAZA,4,3,9,35,,,N,,291,9127.44140625,500.982517941634
Jerome Brown Playground,Jerome Brown Playground,N,Jerome Brown Park Playground,Brown,"Kenderton Playground;20th and Tioga Field",,1987 W ONTARIO ST,19140,"1927-41 W ONTARIO ST;2001 W TIOGA ST","1927-41 W ONTARIO ST;1919-41 W ONTARIO ST;1959 W ONTARIO ST;2001 W TIOGA ST",2.5782326,PARK,RECREATION_SITE,8,4,8,39,,,Y,,292,17805.03125,878.415470887498
Inn Yard Park,East Fairmount Park,Y,,Inn Yard,Robert Evan's House,,4250 RIDGE AVE,19129,4208-52 RIDGE AVE,4208-52 RIDGE AVE,1.41829472,PARK,RECREATION_SITE,3,5,4,39,,,N,,293,9795.2265625,424.160075268695
Ralph R Rizzo Sr Ice Rink,Ralph R Rizzo Sr Ice Rink,N,"Ralph R. Rizzo, Sr. Ice Rink",Rizzo,,,1001 S FRONT ST,19147,1201-99 S FRONT ST,"1101 S FRONT ST;1201-99 S FRONT ST",1.975853,PARK,SPORTS_COMPLEX,12,7,1,3,,,Y,PPR has a lease agreement with PennDOT.,294,13615.37890625,516.900862968968
Kelly Pool,West Fairmount Park,Y,,Kelly Pool,J.B. Kelly Pool,,4200 LANSDOWNE DR,19131,,42nd & Parkside,1.3284154,OTHER,SPORTS_COMPLEX,7,5,4,16,,,Y,,295,9166.41015625,397.378588085785
Howard McCall Sr Playground,Howard McCall Sr Playground,N,"Howard McCall, Sr. Playground",McCall,30th and Jefferson Playground,,3007 JEFFERSON ST,19121,3001-15 JEFFERSON ST,3001-15 JEFFERSON ST,1.20242535,PARK,RECREATION_SITE,8,6,5,22,,,N,,296,8297.1640625,365.134231258067
Nelson M Herron Playground and Recreation Center,Nelson M Herron Playground and Recreation Center,N,Nelson M. Herron Playground and Recreation Center,Herron,,,1322 S 02ND ST,19147,"1322 S 02ND ST, 213 REED ST","213 REED ST, American & Reed",1.11985359,PARK,RECREATION_SITE,12,7,1,3,,,Y,,297,7716.3046875,353.934264232
Buist Park,Buist Park,N,,Buist, ,,2528 HOBSON ST,19142,2528 HOBSON ST,68th & Buist,1.10659092,PARK,SQUARE_PLAZA,10,8,2,12,,,N,,298,7622.265625,357.423856729298
Black Coyle and McBride Playground,Black Coyle and McBride Playground,N,"Black, Coyle, and McBride Playground",Black Coyle McBride,Pop's Playground,,2137 E HAZZARD ST,19125,2150-72 E HUNTINGDON ST,2150-72 E HUNTINGDON ST,1.06783619,PARK,RECREATION_SITE,9,2,1,26,,,N,Renovation in Fall of 2021.,299,7369.375,455.590481118265
Fairview Park,Fairview Park,N,,Fairview, ,,4418 MANAYUNK AVE,19128,4418 MANAYUNK AVE,,1.0108714,PARK,NEIGHBORHOOD_PARK,3,4,4,5,,,N,,300,6985.78125,335.077426104144
Hawthorne Cultural Center,Hawthorne Cultural Center,N,Hawthorne Cultural Center,Hawthorne Cultural Center,"Ridgway Park;Ridgway Pool",,1200 CARPENTER ST,19147,"1200 CARPENTER ST;1301 CARPENTER ST","1301 CARPENTER ST;901-23 S Broad St",2.0378878,PARK,RECREATION_SITE,12,7,2,3,,,Y,Ridgway Park/Pool is considered a park of Hawthorne Cultural Center.,301,14045.3671875,806.495617102264
Winston Park,Winston Park,N,Winston Park,Winston, ,,185 E WILLOW GROVE AVE,19118,"181-85 E WILLOW GROVE AVE;60 E WILLOW GROVE AVE","181-85 E WILLOW GROVE AVE;60 E WILLOW GROVE AVE",1.01515504,TRAFFIC_ISLAND_MEDIAN,NEIGHBORHOOD_PARK,3,4,8,14,,,N,"Parceled portions assigned to DPP, but PPR is maintaining.",302,7024.09375,599.428441606015
Konrad Square,Konrad Square,N,,Konrad, ,,2200 E DAUPHIN ST,19125,2200-26 E DAUPHIN ST,"2200-26 E DAUPHIN ST, Tulip & Dauphin",1.01607809,PARK,SQUARE_PLAZA,9,2,1,26,,,N,,303,7011.234375,334.149991838756
Lincoln Indoor Pool,Lincoln Indoor Pool,N,,Lincoln,Abraham Lincoln High School Indoor Pool,,7437 ROWLAND AVE,19136,3201 RYAN AVE,"3201 RYAN AVE;7400 ROWLAND AVE",0.86936574,OTHER,SPORTS_COMPLEX,2,1,6,15,,,Y,PPR leases out the Indoor Pool only from School District began in 1977.,304,6010.015625,434.17943465173
33rd and Wallace Playground,33rd and Wallace Playground,N,,33rd and Wallace,Mantua Playground,,3302 WALLACE ST,19104,3300-26 WALLACE ST,"3300-26 WALLACE ST, Wallace & Mount Vernon",0.94685551,PARK,RECREATION_SITE,7,8,3,16,,,Y,,305,6530.86328125,363.812414983448
Ann P Nichols Park,Ann P Nichols Park,N,Ann P. Nichols Park,Nichols,,,5430 RACE ST,19139,5430-46 RACE ST,"5430-46 RACE ST, Race & Conestoga",0.88560537,PARK,NEIGHBORHOOD_PARK,7,8,4,19,,,N,,306,6108.09765625,328.530252972249
Weccacoe Square,Weccacoe Square,N,Weccacoe Square,Weccacoe,Queen Village Neighbors Assn,,425 QUEEN ST,19147,405-25 QUEEN ST,"405-25 QUEEN ST;4th & Catharine;412 CATHARINE ST;400 Catharine St",0.90373832,PARK,RECREATION_SITE,12,7,1,3,,,N,,307,6228.53515625,314.661066541575
Frankford and Pennypack Park,Frankford and Pennypack Park,N,,Frankford and Pennypack,Frankford Neighborhood Park,,4400 PENNYPACK ST,19136,4400 PENNYPACK ST,,0.91624538,PARK,NEIGHBORHOOD_PARK,2,1,6,8,,,N,,308,6334.9375,322.437897481837
Colonel Thomas J Powers Park,Colonel Thomas J Powers Park,N,Colonel Thomas J. Powers Park,Powers,,,2987 ALMOND ST,19134,2987 ALMOND ST,Ann & Almond,0.89804708,PARK,SQUARE_PLAZA,6,2,1,24,,,N,,309,6197.375,318.784547895435
Gold Star Park,Gold Star Park,N,,Gold Star, ,,613 WHARTON ST,19147,613 WHARTON ST,Wharton & Marshall,0.8829424,PARK,NEIGHBORHOOD_PARK,12,7,1,3,,,N,Currently under construction 8/2020,310,6084.29296875,315.620069803287
Hawthorne Park,Hawthorne Park,N,,Hawthorne Park, ,,750 S 12TH ST,19147,750 S 12TH ST,12th & Catharine,0.874577,PARK,NEIGHBORHOOD_PARK,12,7,2,3,,,N,,311,6027.99609375,307.76919720315
East Passyunk Community Recreation Center,East Passyunk Community Recreation Center,N,East Passyunk Community Recreation Center,East Passyunk,Tolentine Community Center,,1027 MIFFLIN ST,19148,1025-33 MIFFLIN ST,"1025-33 MIFFLIN ST, 1025 MIFFLIN ST",0.81926792,PARK,RECREATION_SITE,12,7,1,3,,,Y,Site had some renovations in 9/2020,312,5644.42578125,342.159281010305
Thomas P Stokley Recreation Center,Thomas P Stokley Recreation Center,N,Thomas P. Stokley Recreation Center,Stokley,,,3000 EDGEMONT ST,19134,3000 EDGEMONT ST,"Edgemont & Indiana;3001 THOMPSON ST",0.84238024,PARK,RECREATION_SITE,6,2,1,24,,,Y,,313,5813.171875,302.214908760668
Cedar Park,Cedar Park,N,,Cedar, ,,4917 BALTIMORE AVE,19143,4917-53 BALTIMORE AVE,"4917-53 BALTIMORE AVE, 50th & Baltimore",0.83899018,PARK,SQUARE_PLAZA,10,8,3,18,,,N,,314,5784.00390625,377.916807136564
Waterloo Playground,Waterloo Playground,N,Waterloo Playground,Waterloo,,,2501 WATERLOO ST,19133,2502-12 N HOWARD ST,"2502-12 N HOWARD ST, Waterloo & Cumberland",1.03773954,PARK,RECREATION_SITE,8,6,7,26,,,Y,,315,7162.67578125,490.133044171304
Tip Top Playground,Tip Top Playground,N,Tip Top,Tip Top, ,,1013 N HOPE ST,19123,1036-66 N FRONT ST,"1036-66 N FRONT ST, Front & Allen",0.7863159,PARK,RECREATION_SITE,9,2,1,26,,,N,,316,5423.83203125,316.916464091969
Palmer Park,Palmer Park,N,Palmer Park,Palmer,Fishtown at Palmer Park,,1701 FRANKFORD AVE,19125,1701-21 FRANKFORD AVE,"1701-21 FRANKFORD AVE, Frankford & Palmer",0.81570368,PARK,SQUARE_PLAZA,9,2,5,26,,,N,,317,5627.85546875,292.852521639663
Trenton and Auburn Playground,Trenton and Auburn Playground,N,,Trenton and Auburn,,,2222 E AUBURN ST,19134,"2207-49 E RUSH ST;2263-73 E RUSH ST;2200-54 E AUBURN ST","2207-49 E RUSH ST;2263-73 E RUSH ST;2200-54 E AUBURN ST",1.47624243,PARK,NEIGHBORHOOD_PARK,6,2,1,24,,,N,,318,10188.5,539.278306100554
James Otis Ford Playground,James Otis Ford Playground,N,James Otis Ford Playground,Ford,Ford PAL Recreation Center,,633 SNYDER AVE,19148,"609-39 SNYDER AVE, 630-38 SNYDER AVE","619 SNYDER AVE;7th & Snyder",0.810065,MANAGED_SITE,RECREATION_SITE,12,7,1,3,,,Y,PAL leases from PPR. PPR Programs the Pool.,319,5580.47265625,322.010382527953
Ben Barkan Park,Ben Barkan Park,N,,Barkan,,,4998 SPRUCE ST,19143,4936-58 SPRUCE ST,"4936-58 SPRUCE ST, 50th & Spruce",0.78107591,PARK,NEIGHBORHOOD_PARK,10,8,3,18,,,N,,320,5385.62109375,303.834102270317
Charles Baker and Carol Baker Rice Recreation Center,Charles Baker and Carol Baker Rice Recreation Center,N,Charles Baker and Carol Baker Rice Recreation Center,Baker,Charles A. Baker Playground,,5433 LANSDOWNE AVE,19131,5431-43 LANSDOWNE AVE,"5431-43 LANSDOWNE AVE, Conestoga & Lansdowne;1600 N CONESTOGA ST",0.75911097,PARK,RECREATION_SITE,7,8,4,19,,,Y,Name changed in 2024 to include Carol Baker Rice. Building renovation in 2024.,321,5237.79296875,315.12063127763
8th and Diamond Playground,8th and Diamond Playground,N,,8th and Diamond,,,2098 N 08TH ST,19122,"2032-62 N 08TH ST; 2062 N 08TH ST","2032-62 N 08TH ST, 800 DIAMOND ST, 2062 N 08TH ST",0.72494786,PARK,RECREATION_SITE,8,6,5,26,,,Y,Site Renovated 2020-2021 (Rebuild).,322,5002.9296875,302.927957165401
Frank S Nelson Jr Memorial Recreation Center,Frank S Nelson Jr Memorial Recreation Center,N,"Frank S. Nelson, Jr. Memorial Recreation Center",Nelson,,,2528 N 03RD ST,19133,2500-34 N 3RD ST,"2500-34 N 03RD ST, 3rd & Cumberland",0.72068312,PARK,RECREATION_SITE,8,6,7,26,,,Y,,323,4974.359375,299.565438605802
Fitler Square,Fitler Square,N,,Fitler, ,,2301 PINE ST,19103,2301-23 PINE ST,"2301-23 PINE ST, 23rd & Pine",0.72002673,PARK,SQUARE_PLAZA,11,5,2,9,,,N,,324,4963.77734375,292.674706985756
Vincent G Panati Playground,Vincent G Panati Playground,N,Vincent G. Panati Playground,Panati,,,3115 N 22ND ST,19132,"3101-27 N 22ND ST;2119-29 W CLEARFIELD ST","3101-27 N 22ND ST, 22nd & Clearfield;2119-29 W CLEARFIELD ST",1.10142493,PARK,RECREATION_SITE,8,6,8,39,,,N,Leased to Allegheny West Foundation.,325,7605.22265625,348.814724272817
Heritage Park Playground,Heritage Park Playground,N,,Heritage, ,,1533 W CLEARFIELD ST,19132,1517-33 W CLEARFIELD ST,"1517-33 W CLEARFIELD ST,  1511-17 W CLEARFIELD ST, 1519 W CLEARFIELD ST",0.65680114,PARK,RECREATION_SITE,8,4,8,39,,,N,,326,4534.95703125,277.777934521341
Frank Glavin Playground,Frank Glavin Playground,N,The Frank Glavin Playground,Glavin,"""A&W"" Playground",,2612 E WESTMORELAND ST,19134,3267-81 ALMOND ST,"3267-81 ALMOND ST, 2600 E WESTMORELAND ST; Westmoreland & Almond",0.62875915,PARK,RECREATION_SITE,6,2,6,24,,,Y,,327,4339.5390625,260.946765814673
Marie Winchester Playground,Marie Winchester Playground,N,Marie Winchester Playground,Winchester, ,,2326 N 15TH ST,19132,2316-36 N 15TH ST,"2330 N 15th St, 2316-36 N 15TH ST, 2322 N 15TH ST",0.61297534,PARK,RECREATION_SITE,8,6,5,22,,,Y,,328,4230.8984375,303.327862941817
Triangle Park,Triangle Park,N,,Triangle Park, ,,5419 UPLAND WAY,19131,5425R-65 UPLAND WAY,5425R-65 UPLAND WAY,0.61991909,PARK,NEIGHBORHOOD_PARK,7,8,4,19,,,N,,329,4278.1484375,314.515689847466
Cianfrani Park,Cianfrani Park,N,,Cianfrani, ,,721 S 08TH ST,19147,721 S 08TH ST,8th & Fitzwater,0.60877138,PARK,SQUARE_PLAZA,12,7,1,3,,,N,,330,4195.953125,272.069295858669
Garden Court,Garden Court,N,,Garden Court,Garden City Tennis Courts Park,,4710 SPRUCE ST,19143,4700-10 SPRUCE ST,"4700-10 SPRUCE ST, 47th & Spruce",0.58517161,PARK,GARDEN_FARM,10,8,3,18,,,N,,331,4034.7734375,273.334297122756
Clayborne and Lewis Playground,Clayborne and Lewis Playground,N,Clayborne and Lewis Playground,Clayborne and Lewis,,,1101 N 38TH ST,19104,1101 N 38TH ST,"38th & Poplar, 3800 POPLAR ST",0.59067472,PARK,RECREATION_SITE,7,8,3,16,,,Y,,332,4075.13671875,255.457752881542
Merritt Square,Merritt Square,N,,Merritt, ,,1321 STEINBER ST,19124,1321 STEINBER ST,Steinber & Carey,0.56397442,TRAFFIC_ISLAND_MEDIAN,OTHER,5,3,7,24,,,N,,333,3894.42578125,246.235344883073
Gerald J Maguire Playground,Gerald J Maguire Playground,N,Gerald J. Maguire Playground,Maguire,Lehigh Playground,,155 W LEHIGH AVE,19133,155-59 W LEHIGH AVE,"155-59 W LEHIGH AVE, Mascher & Lehigh",0.56109426,PARK,RECREATION_SITE,5,3,7,25,,,N,,334,3873.11328125,260.697503280366
Sabatino La Noce Park,Sabatino La Noce Park,N,,La Noce,,,5119 ROCHELLE AVE,19128,5119 ROCHELLE AVE,,0.63945635,PARK,NEIGHBORHOOD_PARK,3,4,4,5,,,N,,335,4417.41015625,267.56965196021
Mario Lanza Park,Mario Lanza Park,N,,Lanza,,,214 CATHARINE ST,19147,214 CATHARINE ST,,0.50691821,PARK,SQUARE_PLAZA,12,7,1,3,,,N,,336,3493.6015625,257.62950194252
37th and Mount Vernon Playground,37th and Mount Vernon Playground,N,,37th and Mt Vernon,,,614 N 37TH ST,19104,608-16 N 37TH ST,"608-16 N 37TH ST;600 N 37TH ST;3700 MOUNT VERNON ST",0.47816674,PARK,RECREATION_SITE,7,8,3,16,,,Y,,337,3298.01953125,264.141831512105
James L Wright Playground,James L Wright Playground,N,James L. Wright Playground,Wright,Mantua Recreation Center,,3340 HAVERFORD AVE,19104,"3318-50 HAVERFORD AVE, 3321 BRANDYWINE ST","3320-50 HAVERFORD AVE, 34th & Haverford, 3318-50 HAVERFORD AVE, 3321 BRANDYWINE ST, 3390 HAVERFORD AVE, 3384 HAVERFORD AVE",0.46471748,PARK,RECREATION_SITE,7,8,3,16,,,Y,,338,3205.25390625,281.150482688567
Hagert Street Playground,Hagert Street Playground,N,,Hagert,,,2034 E HAGERT ST,19125,2024-40 E HAGERT ST,"2024-40 E HAGERT ST, Hagert & Coral",0.48635301,PARK,RECREATION_SITE,9,2,1,26,,,N,,339,3356.390625,246.189236151399
Ramblers Recreation Center,Ramblers Recreation Center,N,,Ramblers,Harrowgate PAL Center,,851 E TIOGA ST,19134,"801-41 E ATLANTIC ST, 851 E TIOGA ST",801-41 E ATLANTIC ST,3.10314824,MANAGED_SITE,SPORTS_COMPLEX,5,3,7,24,,,N,PAL leases from PPR.,340,21427.109375,852.660620155982
Lloyd Hall Recreation Center,East Fairmount Park,Y,Lloyd Hall Recreation Center,Lloyd Hall,,,800 KELLY DR,19130,2500 SPRING GARDEN ST,"2500 SPRING GARDEN ST;1 JOHN B KELLY DR;790 WATER WORKS DR",1.3583829,PARK,RECREATION_SITE,9,5,4,9,,,Y,Located in East Fairmount Park,341,9370.39453125,381.57498243839
Wilmot Park,Wilmot Park,N,,Wilmot,"Da Square;Square Park",,1801 MEADOW ST,19124,1801 MEADOW ST,Hawthorne St & Meadow St,0.42003749,PARK,NEIGHBORHOOD_PARK,6,2,7,15,,,N,Historic Designation for the land on 10/2021.,342,2901.28515625,238.741410120594
Anna M Ross Park,Anna M Ross Park,N,Anna M. Ross Park,Ross,10th & Glenwood,,1000 W GLENWOOD AVE,19133,1000 W GLENWOOD AVE,"10th & Clearfield, 1000 W GLENWOOD AVE",0.41942457,TRAFFIC_ISLAND_MEDIAN,OTHER,8,3,5,25,,,N,,343,2895.84765625,244.792519802005
Emanuel Weinberg Park,Emanuel Weinberg Park,N,Emanuel Weinberg Park,Weinberg, ,,2205 S 06TH ST,19148,2201-09 S 6TH ST,"2201-09 S 06TH ST, 6th & Jackson",0.42156817,TRAFFIC_ISLAND_MEDIAN,NEIGHBORHOOD_PARK,12,7,1,3,,,N,,344,2904.015625,251.829964575145
Corporal George J Reed Jr Memorial Playground,Corporal George J Reed Jr Memorial Playground,N,"Corporal George J. Reed, Jr. Memorial Playground",Reed, ,,213 W ONTARIO ST,19140,213 W ONTARIO ST,Ontario & Decatur,0.39665047,PARK,NEIGHBORHOOD_PARK,5,3,7,25,,,N,,345,2738.87109375,222.705225534063
Wissahickon Neighbors Playground,Wissahickon Neighbors Playground,N,Wissahickon Neighbors Playground,Wissahickon Neighbors, ,,3901 TERRACE ST,19128,3901 TERRACE ST,"Terrace St & Hermit St;3901 TERRACE ST;200 HERMIT ST",0.39599126,PARK,NEIGHBORHOOD_PARK,3,4,4,5,,,N,,346,2735.8359375,207.744401159926
Louis I Kahn Park,Louis I Kahn Park,N,,Kahn, ,,328 S 11TH ST,19107,328-38 S 11TH ST,"328-38 S 11TH ST, 11th & Pine",0.38831797,PARK,SQUARE_PLAZA,12,5,1,9,,,N,NA-Wash West Historic District (Archives-2025),347,2676.828125,265.758044447431
Benson Park,Benson Park,N,,Benson,Sharswood Park,,1444 N 04TH ST,19122,"1440R N 04TH ST, 1442R-44 N 04TH ST, 1445 N LAWRENCE ST","1440R-44 N 04TH ST;1440R N 04TH ST, 1442R-44 N 04TH ST, 1445 N LAWRENCE ST",0.39455089,PARK,NEIGHBORHOOD_PARK,9,2,7,26,,,N,,348,2722.04296875,266.828588477352
Christ Church Park,Christ Church Park,N,,Christ Church, ,,35 N 02ND ST,19106,36-38 N 2ND ST,"201-17 MARKET ST;36-38 N 2ND ST;22-26 North 2ND ST",0.13202668,MANAGED_SITE,HISTORIC_SITE,9,5,1,9,,,N,,349,910.2734375,146.123074512959
John (Steve) Schmidt Playground,John (Steve) Schmidt Playground,N,John (Steve) Schmidt Playground,Schmidt,,,113 W ONTARIO ST,19140,113-23 W ONTARIO ST,"113-23 W ONTARIO ST, Howard & Ontario",0.36659651,PARK,RECREATION_SITE,5,3,7,25,,,Y,,350,2531.32421875,223.887683280428
Delancey Park,Delancey Park,N,,Delancey,Three Bears Park,,311 DELANCEY ST,19106,311-19 DELANCEY ST,"311-19 DELANCEY ST, 3rd & Delancey",0.58590132,PATHWAY,SQUARE_PLAZA,12,5,1,9,,,N,"St. Peter's Way to PPR (Ord 1969, pgs1222-1227)",351,4038.72265625,523.356874986878
Edward Shippen Plaza (Bainbridge Green),Edward Shippen Plaza (Bainbridge Green),N,Edward Shippen Plaza/'Bainbridge Green',Shippen (Bainbridge Green), ,,300 BAINBRIDGE ST,19147,,"300-400 BAINBRIDGE ST, 4th & Bainbridge",0.34839707,TRAFFIC_ISLAND_MEDIAN,SQUARE_PLAZA,12,7,1,3,,,N,,352,2401.3046875,738.797591528783
Market Square Park,Market Square Park,N,,Market,Market Place,,5501 GERMANTOWN AVE,19144,5501 GERMANTOWN AVE,Germantown & Church,0.34663528,PARK,SQUARE_PLAZA,4,4,8,14,,,N,,353,2395.7421875,214.115994902299
Northeast Lions Park,Northeast Lions Park,N,Northeast Lions Park,NE Lions,"Barnes & Loney Park;Fox Chase Park",,7966 OXFORD AVE,19111,7966 OXFORD AVE,Oxford Ave & Loney St,0.38465705,TRAFFIC_ISLAND_MEDIAN,SQUARE_PLAZA,1,1,10,2,,,N,,354,2661.82421875,203.962463938638
Hedge Street Park,Hedge Street Park,N,Hedge Street Park,Hedge,"Hedge and Plum Playground;New Park",,4610 HEDGE ST,19124,4610 HEDGE ST,4628 Hedge St,0.3152331,PARK,NEIGHBORHOOD_PARK,6,2,7,15,,,N,,355,2177.42578125,189.598088396283
Etting Park,Etting Park,N,,Etting, ,,3255 N MARSTON ST,19129,3255 N MARSTON ST,,0.3088643,PARK,SQUARE_PLAZA,3,6,4,39,,,N,,356,2132.92578125,183.57172969047
Strawberry Mansion Playground,Strawberry Mansion Playground,N,,Strawberry Mansion Playground,Ridge Ave Neighborhood Park,,3369 RIDGE AVE,19132,3369 RIDGE AVE,3369-3403 Ridge Ave,0.38469129,PARK,NEIGHBORHOOD_PARK,8,6,4,22,,,N,,357,2655.703125,209.174288925439
Julian Abele Park,Julian Abele Park,N,,Abele, ,,923 S 22ND ST,19146,917-31 S 22ND ST,"917 S 22ND ST;917-31 S 22ND ST",0.28605084,PARK,NEIGHBORHOOD_PARK,11,7,2,17,,,N,,358,1971.62109375,183.470862212676
Ralph Brooks Park,Ralph Brooks Park,N,Ralph Brooks Park,Brooks,,,1601 S 20TH ST,19145,1601-13 S 20TH ST,1601-13 S 20TH ST,0.2854354,PARK,NEIGHBORHOOD_PARK,11,7,2,17,,,N,,359,1966.83203125,189.850115357403
Gilbert Stuart Park,Gilbert Stuart Park,N,,Stuart, ,,5132 GERMANTOWN AVE,19144,5132 GERMANTOWN AVE,,0.28774015,PARK,SQUARE_PLAZA,4,4,8,39,,,N,,360,1988.4921875,176.376338047382
West Oak Lane Senior Center,West Oak Lane Senior Center,N,West Oak Lane Senior Center,West Oak Ln Senior Center,West Oak Lane Older Adult Center,,7210 OGONTZ AVE,19138,7210-18 OGONTZ AVE,7210-18 OGONTZ AVE,0.2288807,OTHER,OLDER_ADULT_SITE,4,4,9,14,,,Y,Currently in review by PPR.,361,1583.29296875,159.240281504153
Mummers Museum,Mummers Museum,N,,Mummers, ,,200 WASHINGTON AVE,19147,"200-10 WASHINGTON AVE, 212-22 WASHINGTON AVE","200-10 WASHINGTON AVE;212-22 WASHINGTON AVE;1100 S 2nd St",0.24996743,MANAGED_SITE,MUSEUM_CAMPUS,12,7,1,3,,,N,,362,1722.53125,174.472912405567
Diamond Park,Diamond Park,N,,Diamond, ,,2045 N 18TH ST,19121,1736-44 DIAMOND ST,1736-44 DIAMOND ST,0.24762491,PARK,SQUARE_PLAZA,8,6,5,22,,,N,,363,1708.98046875,162.45268820575
Ned Wolf Park,Ned Wolf Park,N,Ned Wolf Park,Wolf,,,7018 MC CALLUM ST,19119,7018 MC CALLUM ST,Mc Callum St & W Ellet St,0.24681906,PARK,SQUARE_PLAZA,3,4,8,14,,,N,"Former Arco station, funded by Arco.",364,1706.609375,180.434727343576
Betsy Ross House,Betsy Ross House,N,Betsy Ross House,Betsy Ross House,Betsy Ross Flag House Museum,,239 ARCH ST,19106,239-47 ARCH ST,239-47 ARCH ST,0.23618816,MANAGED_SITE,HISTORIC_SITE,9,5,1,9,,,N,,365,1628.4765625,173.339039210227
Giuseppe Bardascino Park,Giuseppe Bardascino Park,N,Giuseppe Bardascino Park,Bardascino,,,1000 S 10TH ST,19147,1000 S 10TH ST,10th & Carpenter,0.23351651,PARK,SQUARE_PLAZA,12,7,1,3,,,N,,366,1609.3671875,158.235860414807
Karen Donnelly Park,Karen Donnelly Park,N,Karen Donnelly Park,Donnelly,,,230 DICKINSON ST,19147,230-34 DICKINSON ST,230-34 DICKINSON ST,0.2330446,PATHWAY,NEIGHBORHOOD_PARK,12,7,1,3,,,N,,367,1605.70703125,202.264890764497
Thomas Hart Park,Thomas Hart Park,N,Thomas Hart Park,Hart,,,1321 N 04TH ST,19122,1315-21 N 04TH ST,1315-21 N 04TH ST,0.2155337,PARK,NEIGHBORHOOD_PARK,9,2,5,26,,,N,,368,1486.91015625,175.494639282081
Montgomery and Croskey Play Lot,Montgomery and Croskey Play Lot,N,,Montgomery and Croskey,,,2235 W MONTGOMERY AVE,19121,2225-37 W MONTGOMERY AVE,2225-37 W MONTGOMERY AVE,0.20059611,MANAGED_SITE,RECREATION_SITE,8,6,5,22,,,N,,369,1384.296875,153.051777792759
Frank Palumbo Sr Park,Frank Palumbo Sr Park,N,Frank Palumbo Sr. Park,F Palumbo,"Florence Park;Frank Palumbo Park",,723 CATHARINE ST,19147,723 CATHARINE ST,7th & Catharine,0.20163431,PARK,SQUARE_PLAZA,12,7,1,3,,,N,,370,1389.6953125,151.868300792943
Hamilton Park,Hamilton Park,N,,Hamilton, ,,547 RISING SUN AVE,19140,547 RISING SUN AVE,6th & Butler,0.17701495,TRAFFIC_ISLAND_MEDIAN,OTHER,4,3,7,25,,,N,,371,1222.5390625,148.013854069621
Charles J Buckley Park,Charles J Buckley Park,N,Charles J. Buckley Park,Buckley, ,,8199 GERMANTOWN AVE,19118,N/A,,0.16285209,PARK,NEIGHBORHOOD_PARK,3,4,8,14,,,N,,372,1126.84765625,150.998056435
John C Anderson Cultural Center,John C Anderson Cultural Center,N,John C. Anderson Cultural Center,J Anderson,John Anderson Playground,,5323 OVERBROOK AVE,19131,5325 OVERBROOK AVE,"5235 OVERBROOK AVE;5391 OVERBROOK AVE",0.1333158,PARK,RECREATION_SITE,7,8,4,19,,,Y,"Parcel is Library, PPR only responsible for this portion of the parcel.",373,920.3515625,144.316737614851
Mantua Community Garden,Mantua Community Garden,N,,Mantua Garden,"Arco Plaza;34th Street Park;Gateway to Brandywine St Park",,520 N 34TH ST,19104,520 N 34TH ST,,0.14797187,PARK,SQUARE_PLAZA,7,8,3,16,,,N,No gardening activity here. It is a passive plaza.,374,1020.578125,127.642552172135
Madison War Memorial,Madison War Memorial,N,,Madison,Doughboy,,595 N 02ND ST,19123,563-65 N 2ND ST,563-65 N 02ND ST,0.14119737,TRAFFIC_ISLAND_MEDIAN,SQUARE_PLAZA,9,5,1,9,,,N,,375,973.7734375,139.425982702461
22nd and Ontario Park,22nd and Ontario Park,N,,22nd and Ontario, ,,3400 N 22ND ST,19140,3400-02 N 22ND ST,3400-02 N 22ND ST,0.14864762,PARK,NEIGHBORHOOD_PARK,3,4,8,39,,,N,,376,1026.53515625,133.954567467623
Louis P Paolone Sr Park,Louis P Paolone Sr Park,N,,Paolone,,,732 SEARS ST,19147,716-34 SEARS ST,"718-34 SEARS, 8th & Sears;716-34 SEARS ST",0.08951299,TRAFFIC_ISLAND_MEDIAN,NEIGHBORHOOD_PARK,12,7,1,3,,,N,,377,616.828125,135.443415243519
Daly Park,Daly Park,N,,Daly, ,,1240 W SEDGELY AVE,19133,,12th & Sedgley,0.08468241,TRAFFIC_ISLAND_MEDIAN,OTHER,8,3,5,25,,,N,,378,584.6875,101.152227229803
Beck Park,Beck Park,N,,Beck, ,,839 S 02ND ST,19147,839 S 02ND ST,,0.07427522,PARK,SQUARE_PLAZA,12,7,1,3,,,N,,379,511.8671875,111.415873714324
Coxe Park,Coxe Park,N,,Coxe, ,,2132 CHERRY ST,19103,2132-34 CHERRY ST,"2132-34 CHERRY ST, Beechwood & Cherry",0.10927524,PARK,NEIGHBORHOOD_PARK,9,5,5,9,,,N,,380,753.53125,128.267414909091
Greble Post War Memorial,Greble Post War Memorial,N,,Greble Post,Pennsport Veterans Memorial,,1327 S 03RD ST,19147,1327 S 03RD ST,3rd & Moyamensing,0.0484247,TRAFFIC_ISLAND_MEDIAN,OTHER,12,7,1,3,,,N,,381,333.6796875,81.2089485011064
18th and Jackson War Memorial,18th and Jackson War Memorial,N,,18th and Jackson, ,,1800 W PASSYUNK AVE,19145,N/A,,0.08338347,TRAFFIC_ISLAND_MEDIAN,OTHER,11,7,2,1,,,N,There is no parcel here,382,574.4453125,148.363180556906
22nd and Catharine Park,22nd and Catharine Park,N,,22nd and Catharine,Catharine Park,,2200 CATHARINE ST,19146,2200 CATHARINE ST,,0.04624413,PARK,NEIGHBORHOOD_PARK,11,7,2,17,,,N,,383,318.75390625,78.4027012052128
I-95 Park,I-95 Park,N,,I-95 Park,Statue of Peace Plaza (Front/Catharine St),,401 S FRONT ST,19147,,401 S FRONT ST,5.89063146,MANAGED_SITE,GREENWAY,12,"5;7",1,"3;9",,,N,,384,40599.9765625,3327.58362270475
General Casimir Pulaski Park,General Casimir Pulaski Park,N,General Casimir Pulaski Park,Pulaski, ,,3001 E ALLEGHENY AVE,19134,3001 E ALLEGHENY AVE,,1.93025181,PARK,NEIGHBORHOOD_PARK,6,2,"1;6",24,,,N,,385,13318.65625,769.893104013446
Manton Street Park,Manton Street Park,N,,Manton, ,,405 MANTON ST,19147,"405-07 MANTON ST, 1216 S 4TH ST","405-11 MANTON ST;405-07 MANTON ST, 1216 S 4TH ST",0.06139004,URBAN_AGRICULTURE,GARDEN_FARM,12,7,1,3,,,N,,386,423.03125,102.607064368513
Cecil B Moore Recreation Center,Cecil B Moore Recreation Center,N,Cecil B. Moore Recreation Center,CB Moore,"C.B. Moore; Connie Mack Playground; 22nd & Huntingdon; Funfield Recreation Center",,2563 N 22ND ST,19132,2020-50 W LEHIGH AVE,"2020-50 W LEHIGH AVE, 2551 N 22ND ST, 20th & Lehigh, 2501 N 22ND ST",2.13805948,PARK,RECREATION_SITE,8,6,5,22,,,Y,1911 Ordinance assigned to Department of Rec,387,14759.41796875,577.106872144923
Shofuso Japanese Garden,West Fairmount Park,Y,Shofuso Japanese Garden,Japanese Garden,"Japanese House and Garden;Pine Breeze Villa and Shofuso",,4301 LANSDOWNE DR,19131,3401 W GIRARD AVE,Lansdowne Dr & Horticultural Dr,1.08152702,MANAGED_SITE,MUSEUM_CAMPUS,7,5,4,16,,,N,Located within the boundaries of the Fairmount Park Horticulture Center. Designed and created in 1953,388,7461.30078125,340.730248944629
Stiles Street Play Lot,Stiles Street Play Lot,N,,Stiles,,,1608 W STILES ST,19121,1608 W STILES ST,,0.01924607,PARK,NEIGHBORHOOD_PARK,9,6,5,22,,,N,,389,132.77734375,59.5591635202806
Paines Park,Benjamin Franklin Parkway,Y,,Paines,,,400 MARTIN LUTHER KING DRIVE,19103,302 N 24TH ST,302 N 24TH ST,2.82547076,PARK,SPORTS_COMPLEX,9,5,5,9,,,N,,390,19487.27734375,670.256703985335
June 5th Memorial Park,June 5th Memorial Park,N,,June 5th,22nd & Market Memorial Park,,2140 MARKET ST,19103,2140 MARKET ST,,0.11207899,PARK,SQUARE_PLAZA,9,5,5,9,,,N,,391,772.79296875,141.897666505799
Ingersoll Park,Ingersoll Park,N,,Ingersoll,16th & Master Park,,1300 N 16TH ST,19121,1312-26 N 16TH ST,"16th & Master;1312-26 N 16TH ST",0.77307554,PARK,SQUARE_PLAZA,9,6,5,22,,,N,,392,5333.70703125,325.578454958747
Eakins Oval,Benjamin Franklin Parkway,Y,Eakins Oval,Eakins,The Oval,,2451 BENJAMIN FRANKLIN PKWY,19130,N/A,,7.82011816,PATHWAY,SQUARE_PLAZA,9,5,5,9,,,N,,393,53911.015625,864.559078090994
Maja Park,Benjamin Franklin Parkway,Y,,Maja,"Century Park;Park Towne",,2250 BENJAMIN FRANKLIN PKWY,19130,N/A,,3.7469606,PATHWAY,SQUARE_PLAZA,9,5,5,9,,,N,Renamed in 2021.,394,25840.4296875,942.744409916272
Poquessing Creek Park 4,Poquessing Creek Park,Y,Poquessing Creek Park,Poquessing Creek Park 4, ,,3601 ACADEMY RD,19154,,,60.79738417,WATERSHED_PARK,NATURE_AREA,"1;2",1,10,8,,,N,,395,420988.23828125,8834.44423475439
Poquessing Creek Park 3,Poquessing Creek Park,Y,Poquessing Creek Park,Poquessing Creek Park 3, ,,3125 MECHANICSVILLE RD,19154,,,32.52364482,WATERSHED_PARK,NATURE_AREA,1,1,10,8,,,N,,396,225312.12890625,2820.75980631287
Poquessing Creek Park 5,Poquessing Creek Park,Y,Poquessing Creek Park,Poquessing Creek Park 5,Millbrook,,4341 WHITING RD,19154,"4341 WHITING RD, 4302 WOODHAVEN RD",4302 WOODHAVEN RD,23.33737787,WATERSHED_PARK,NATURE_AREA,2,1,10,8,,,N,This area was formerly known as Millbrook,397,161504.015625,2423.72233819558
Poquessing Creek Park 8,Poquessing Creek Park,Y,Poquessing Creek Park,Poquessing Creek Park 8, ,,9925 HEGERMAN ST,19114,,9900-99 HEGERMAN ST,17.21969994,WATERSHED_PARK,NATURE_AREA,2,1,6,8,,,N,,398,119103.6484375,2354.22158160805
Poquessing Creek Park 6,Poquessing Creek Park,Y,Poquessing Creek Park,Poquessing Creek Park 6, ,,130 DIMARCO DR,19154,,,15.40258201,WATERSHED_PARK,NATURE_AREA,2,1,10,8,,,N,,399,106574.69140625,2109.76850278039
Poquessing Creek Park 7,Poquessing Creek Park,Y,Poquessing Creek Park,Poquessing Creek Park 7, ,,10501 KNIGHTS RD,19154,"10725 KNIGHTS RD, 10501 KNIGHTS RD",10725 KNIGHTS RD,12.210538,WATERSHED_PARK,NATURE_AREA,2,1,10,8,,,N,,400,84473.45703125,2115.70105187352
Poquessing Creek Park 2,Poquessing Creek Park,Y,Poquessing Creek Park,Poquessing Creek Park 2, ,,1300 POQUESSING CREEK DR,19116,,1300-2600 POQUESSING CRK DR,3.53737081,WATERSHED_PARK,NATURE_AREA,1,1,10,7,,,N,,401,24513.5625,1156.56337499194
Fairmount Drainage Right of Way (Alburger Ave),Fairmount Drainage Rights of Way (Pennypack),Y,,Drain ROW (Pennypack-Alburger), ,,190 ALBURGER AVE,19115,,,52.6457418,CONSERVATION,NATURE_AREA,1,1,10,7,,,N,Along Ballard Brook,402,364531.41015625,6428.2248875847
Philadelphia Museum of Art,East Fairmount Park,Y,The Philadelphia Museum of Art,Museum of Art,Art Museum Complex,,2600 BENJAMIN FRANKLIN PKY,19130,2500 SPRING GARDEN ST,"26th & Ben Franklin Pkwy;2500 SPRING GARDEN ST;2850 ANNE DHARNONCOURT WAY",24.54720435,MANAGED_SITE,MUSEUM_CAMPUS,9,5,4,9,,,N,,403,169318.5546875,1983.03698102604
Fairmount Drainage Right of Way (Waldemire Dr),Fairmount Drainage Rights of Way (Poquessing),Y,,Drain ROW (Poquessing-Waldemire), ,,10901 WALDEMIRE DR,19154,,10901-11899 WALDEMIRE DR,52.18054485,CONSERVATION,NATURE_AREA,2,1,10,8,,,N,Along the Byberry Creek and Tributaries,404,361173.140625,8166.29184218181
Boone Park,Boone Park,N,,Boone,Manayunk Park,,4200 BOONE ST,19128,"4200 BOONE ST, 4171 CHURCHVIEW ST","Boone & Churchview;4171 CHURCHVIEW ST",1.81363648,CONSERVATION,NATURE_AREA,3,4,4,5,,,N,,405,12531.546875,895.215465543366
Fairmount Drainage Right of Way (Verree Rd),Fairmount Drainage Rights of Way (Pennypack),Y,,Drain ROW (Pennypack-Verree), ,,8601 VERREE RD,19115,,,22.04867807,CONSERVATION,NATURE_AREA,1,1,10,7,,,N,Along Pauls Run,406,152640.1484375,2985.80975247391
Fairmount Drainage Right of Way (Chesterfield Rd),Fairmount Drainage Rights of Way (Poquessing),Y,,Drain ROW (Poquessing-Chesterfield), ,,3460 MORRELL AVE,19114,,,25.35715539,PARK,NATURE_AREA,2,1,10,8,,,N,Along the Byberry Creek and Tributaries,407,175460.31640625,4426.56859108192
Fairmount Drainage Right of Way (Willits Rd),Fairmount Drainage Rights of Way (Pennypack),Y,,Drain ROW (Pennypack-Willits), ,,2870 WILLITS RD,19136,,,5.65855728,CONSERVATION,NATURE_AREA,2,1,6,8,,,N,Along Wooden Bridge Run,408,39138.34375,1091.14528854409
Fairmount Drainage Right of Way (Maxwell St),Fairmount Drainage Rights of Way (Pennypack),Y,,Drain ROW (Pennypack-Maxwell), ,,2620 MAXWELL ST,19152,,,5.12006293,CONSERVATION,NATURE_AREA,2,1,6,8,,,N,Along Axe Factory Run,409,35417.3125,1402.27099550852
Loretto and Gilham Triangle,Loretto and Gilham Triangle,N,,Loretto and Gilham,"Cranford Ave andd Magee Ave Traffic Island; Northeast Garden",,1385 GILHAM ST,19111,Registry - 144N070092,6540 LORETTO AVE,0.16159528,TRAFFIC_ISLAND_MEDIAN,SQUARE_PLAZA,1,1,9,2,,,N,Site Renovated in 2022.,410,1116.890625,144.697863810559
Fairmount Drainage Right of Way (Crestmont Ave),Fairmount Drainage Rights of Way (Poquessing),Y,,Drain ROW (Poquessing-Crestmont), ,,3777 MORRELL AVE,19114,,,8.09036412,CONSERVATION,NATURE_AREA,2,1,10,8,,,N,Along the Byberry Creek and Tributaries,411,55966.68359375,2293.46384390482
Fairmount Drainage Right of Way (Thornton Rd),Fairmount Drainage Rights of Way (Poquessing),Y,,Drain ROW (Poquessing-Thornton), ,,3099 WOODHAVEN RD,19154,12240 THORNTON RD,12240 THORNTON RD,3.29824624,CONSERVATION,NATURE_AREA,2,1,10,8,,,N,Along the Byberry Creek and Tributaries,412,22839.8984375,640.714906730832
Glen Foerd on the Delaware,Glen Foerd on the Delaware,N,,Glen Foerd,"Glen Foerd Mansion;Glengarry",,5001 GRANT AVE,19114,5001 GRANT AVE,,22.93712262,MANAGED_SITE,HISTORIC_SITE,2,1,6,8,,,N,,413,158610.96484375,1665.91660243865
Allens Lane Art Center,Allens Lane Art Center,N,,Allens Ln Center, ,,651 W ALLENS LN,19119,621 W ALLENS LN,"601 W ALLENS LN;621 W ALLENS LN",6.57464071,MANAGED_SITE,RECREATION_SITE,3,4,8,14,,,N,,414,45463.75,878.30610464049
Eric W (Hank) Gathers Jr Recreation Center,Eric W (Hank) Gathers Jr Recreation Center,N,"Eric W. (Hank) Gathers, Jr. Recreation Center",Gathers,Moylan Recreation Center,,2501 W DIAMOND ST,19121,2501-59 DIAMOND ST,"2501-19 W DIAMOND ST, 25th & Diamond",3.69149134,PARK,RECREATION_SITE,8,6,5,22,,,Y,,415,25478.6953125,757.605372644974
River Field,Benjamin Franklin Parkway,Y,River Field,River Field, ,,302 N 24TH ST,19103,302 N 24TH ST,302 N 24TH ST,6.55978075,MANAGED_SITE,SPORTS_COMPLEX,9,5,5,9,,,N,,416,45230.65625,1043.03576436168
Levy Park,Benjamin Franklin Parkway,Y,,Levy,Horwitz-Wasserman Holocaust Memorial Plaza,,1635 ARCH ST,19103,1619-29 ARCH ST,1619-29 ARCH ST,0.60928376,MANAGED_SITE,MUSEUM_CAMPUS,9,5,5,9,,,N,"Needs verification on ownership (PWD and Bill are different); Redesign - Bill 170989 (12/14/17); Unsure of borders along 17th St",417,4200.296875,362.245331012194
Kingsessing Recreation Center,Kingsessing Recreation Center,N,Kingsessing Recreation Center,Kingsessing,,,4901 KINGSESSING AVE,19143,4901 KINGSESSING AVE,51st & Chester,9.15488446,PARK,RECREATION_SITE,10,8,3,12,,,Y,,418,63103.74609375,1042.24271531907
William Lanier Park,William Lanier Park,N,,Lanier,,,1600 S 29TH ST,19145,1600 S 29TH ST,2900 TASKER ST,4.11996987,PARK,RECREATION_SITE,11,7,2,17,,,N,,419,28390.578125,666.204445374106
Irish and Scottish Immigration Memorials,I-95 Park,Y,,Irish and Scottish Memorials, ,,111 S FRONT ST,19106,N/A,,1.85245291,MANAGED_SITE,SQUARE_PLAZA,12,5,1,9,,,N,,420,12770.625,455.335630703215
Korean War Veterans Memorial,I-95 Park,Y,Korean War Veteran's Memorial,Korean Memorial, ,,109 SPRUCE ST,19106,109 SPRUCE ST,,1.30860311,MANAGED_SITE,SQUARE_PLAZA,12,5,1,9,,,N,,421,9020.6484375,386.448702548107
Philadelphia Vietnam Veterans Memorial,I-95 Park,Y,,Vietnam Memorial, ,,10 SPRUCE ST,19106,,,1.96488141,MANAGED_SITE,SQUARE_PLAZA,12,5,1,9,,,N,,422,13544.171875,468.718820695206
Northern Liberties Recreation Center,Northern Liberties Recreation Center,N,Northern Liberties Recreation Center,Northern Liberties,"District 6 HQ (Recreation);Cement Park",,315 FAIRMOUNT AVE,19123,"313-27 FAIRMOUNT AVE, 706-12 N 3RD ST","313-27 FAIRMOUNT AVE, 321 FAIRMOUNT AVE;706-12 N 3RD ST",0.65472838,PARK,RECREATION_SITE,9,2,1,9,,,Y,Site Renovated in 2023.,423,4515.63671875,339.355374012823
Aviator Park,Benjamin Franklin Parkway,Y,Aviator Park,Aviator,Logan Square,,200 N 19TH ST,19103,200 N 19TH ST,,1.89704317,PARK,SQUARE_PLAZA,9,5,5,9,,,N,Aviator Park is part of Logan Square.,424,13077.94140625,500.296847339993
Sister Cities Park,Benjamin Franklin Parkway,Y,Sister Cities Park,Sister Cities,Logan Square,,200 N 18TH ST,19103,200 N 18TH ST,18th & Logan Circle,1.73993371,MANAGED_SITE,RECREATION_SITE,9,5,5,9,,,N,Sister Cities Park is part of Logan Square,425,11993.96484375,486.135996948529
Cret Park,Benjamin Franklin Parkway,Y,Cret Park,Cret,"Three Parkway Plaza; Cafe Cret",,110 N 16TH ST,19103,110 N 16TH ST,"110-12 N 16TH ST;3 Parkway Plaza; 16th & Arch",1.12740364,MANAGED_SITE,SQUARE_PLAZA,9,5,5,9,,,N,,426,7773.375,414.218816213656
Torun Triangle,Benjamin Franklin Parkway,Y,,Torun,Kopernicus Triangle,,1716 RACE ST,19103,1716-34 RACE ST,1716-34 RACE ST,0.62816961,PARK,SQUARE_PLAZA,9,5,5,9,,,N,,427,4331.37109375,431.298863698348
Binswanger Triangle,Benjamin Franklin Parkway,Y,Binswanger Triangle,Binswanger, ,,2200 BENJ FRANKLIN PKY,19130,N/A,,0.22313156,TRAFFIC_ISLAND_MEDIAN,OTHER,9,5,5,9,,,N,There is no parcel here,428,1549.2734375,227.28417152359
Tacony Boat Launch,Tacony Boat Launch,N,Tacony Boat Launch,Tacony Launch,"Princeton Avenue Boat Launch;Link Logistics Trail",,5198 PRINCETON AVE,19135,"7071R MILNOR ST;5150 PRINCETON AVE",7071R MILNOR ST,12.91445289,PATHWAY,BOATHOUSE_LAUNCH,6,2,6,15,,,N,New extension between Princeton and Cottman acquired in 2024.,429,89227.6171875,2170.06421907325
Carpenters Woods,Wissahickon Valley Park,Y,Carpenter's Woods,Carpenters Woods,,,801 W SEDGWICK ST,19119,"7001 WISSAHICKON AVE, 7045-99 GREENE ST","7001 WISSAHICKON AVE, 7045-99 GREENE ST",42.23405266,PARK,NATURE_AREA,3,4,8,14,,,N,,430,291988.44921875,3032.9537260787
Officer Robert Hayes Memorial Playground Woods,Officer Robert Hayes Memorial Playground,Y,,Hayes Woods,"Swenson Park, Conwell",,9800 E ROOSEVELT BLVD,19115,9800 E ROOSEVELT BLVD,9850 E ROOSEVELT BLVD,19.06267393,CONSERVATION,NATURE_AREA,1,1,10,7,,,N,,431,131964.1015625,1473.62221712769
Grays Ferry Crescent,Grays Ferry Crescent,N,,Grays Ferry Crescent,,,3696 WHARTON ST,19146,"1200R S 36TH ST, 3600 GRAYS FERRY AVE, 3699 GRAYS FERRY AVE, 1101 S 34TH ST","3501R GRAYS FERRY AVE;1200R S 36TH ST, 3600 GRAYS FERRY AVE, 3699 GRAYS FERRY AVE, 1101 S 34TH ST",14.02562564,PATHWAY,GREENWAY,11,7,2,17,,,N,,432,96681.7421875,3392.74833427522
Hope Park,Hope Park,N,Hope Park,Hope,,,201 E INDIANA AVE,19134,201-19 E INDIANA AVE,201-19 E INDIANA AVE,1.23247944,PARK,SQUARE_PLAZA,5,3,7,24,,,N,,433,8508.55859375,390.254486463315
Spring Gardens,Spring Gardens,N,The Spring Gardens,Spring Gardens,,,1828 NORTH ST,19130,"1818-28 NORTH ST;1832 NORTH ST;1801-33 WALLACE ST;629-35 N 19TH ST;620-24 N 18TH ST","1818-28 NORTH ST;1832 NORTH ST;1801-33 WALLACE ST;629-35 N 19TH ST;620-24 N 18TH ST",1.96307283,MANAGED_SITE,GARDEN_FARM,9,6,5,9,,,N,Lease from 2021-2036.,434,13540.65234375,489.451075034118
Logan Square,Benjamin Franklin Parkway,Y,Logan Square,Logan,East/West Triangle,,200 N 18TH ST,19103,"200 N 18TH ST, 200 N 19TH ST","20th & Parkway;200 N 19TH ST",3.32928278,PARK,SQUARE_PLAZA,9,5,5,9,,,N,"Logan Square includes Aviator Park, Galusha Pennypacker Park, Shakespeare Park, and Sister Cities Park",435,22965.59765625,1485.55307184334
Titan Park,Titan Park,N,,Titan,,,110 TITAN ST,19147,108-10 TITAN ST,108-10 Titan Street,0.03128543,PARK,SQUARE_PLAZA,12,7,1,3,,,N,BILL # 1251 1978 PENNSPORT URBAN R.A.PARCEL NO.16,436,215.56640625,57.9861073982182
Dodge Tract,Wissahickon Valley Park,Y,,Dodge,Donation Parcel,,7900 CHEROKEE ST,19118,7900 CHEROKEE ST,,6.62630209,CONSERVATION,OTHER,3,4,8,14,,,N,"Ordinance Bill #150475; Removed area NW of Valley Green Rd, not part of Natural Lands Trust's transfer",437,45830.41015625,1066.46755247481
Emily Community Garden,Emily Community Garden,N,,Emily Garden,Growing Home Garden,,742 EMILY ST,19148,732-42 EMILY ST,732-42 EMILY ST,0.10990014,URBAN_AGRICULTURE,GARDEN_FARM,12,7,1,3,,,N,Site renovations planned for 2021,438,757.11328125,113.602003749304
Reliance Triangle,Reliance Triangle,N,,Reliance,Bulldog Park,,2501 PENNSYLVANIA AVE,19130,2501 PENNSYLVANIA AVE,,0.34552557,TRAFFIC_ISLAND_MEDIAN,SQUARE_PLAZA,9,6,5,9,,,N,,439,2382.99609375,208.367146928369
Philadelphia Stars Negro League Memorial Park,Philadelphia Stars Negro League Memorial Park,N,,Stars Negro League,Memorial Park,,1538 BELMONT AVE,19104,N/A,Belmont Ave and Parkside Ave,0.24872725,PARK,SQUARE_PLAZA,7,8,4,19,,,N,In 2003 Ordinance to renovate this park to present conditions.,440,1716.203125,219.470656398714
Glendinning Rock Garden,East Fairmount Park,Y,,Glendinning,,,1299 BREWERY HILL DR,19121,,"1201 KELLY DR, Girard Ave & Kelly Dr",2.78599924,PARK,NATURE_AREA,8,5,4,22,,,N,,441,19214.48046875,665.139962871758
Galusha Pennypacker Park,Benjamin Franklin Parkway,Y,Galusha Pennypacker Park,Pennypacker,Logan Square,,1856 VINE ST,19103,,200 N 18TH ST,1.13391423,PARK,SQUARE_PLAZA,9,5,5,9,,,N,Galusha Pennypacker Park is part of Logan Square. Renovated in 2017.,442,7825.98046875,826.453366281952
Shakespeare Park,Benjamin Franklin Parkway,Y,Shakespeare Park,Shakespeare,Logan Square,,1948 VINE ST,19103,,200 N 18TH ST,1.17760482,PARK,SQUARE_PLAZA,9,5,5,9,,,N,Shakespeare Park is part of Logan Square. Renovated in 2017.,443,8119.796875,607.449111129899
Bristol Street Warehouse,Bristol Street Warehouse,N,,Bristol,,,1632 E BRISTOL ST,19124,1610-32 E BRISTOL ST,1610-32 E BRISTOL ST,1.97235085,OPERATIONAL_INTERNAL,OPERATIONS,5,3,7,24,,,N,Operations Warehouse Site,444,13622.421875,532.007860282701
Cobbs Creek Park,Cobbs Creek Park,Y,Cobbs Creek Park,Cobbs Creek Park,,,,19143,"12 COBBS CREEK PKWY;6501 COBBS CREEK PKWY;6100 BALTIMORE AVE;6300-01 MARKET ST;6300 SPRUCE ST;7800 CITY AVE;7400 LANSDOWNE AVE;SEE ALIAS ADDRESSES","12 COBBS CREEK PKWY;6501 COBBS CREEK PKWY;6100 BALTIMORE AVE;6300-01 MARKET ST;6300 SPRUCE ST;7800 CITY AVE;7400 LANSDOWNE AVE;338-50 N 65TH ST;6525-47 VINE ST;6801 HAVERFORD AVE",348.00546677,WATERSHED_PARK,NATURE_AREA,"7;10",8,"2;3;4","12;18;19",,,N,1911 Ordinance assigned portion near 60th and Baltimore to Department of Rec,445,2399213.07421875,36071.2696007887
John A Lee Cultural Center,John A Lee Cultural Center,N,John A. Lee Cultural Center,Lee Cultural Center,John A. Lee Recreation Center,,4372 HAVERFORD AVE,19104,4310 HAVERFORD AVE,"4310 HAVERFORD AVE, 4328 HAVERFORD AVE, 44th & Haverford",9.59475417,PARK,RECREATION_SITE,10,8,3,16,,,Y,,446,66172.41015625,1081.90500302403
Burholme Park,Burholme Park,N,,Burholme,,,7370 CENTRAL AVE,19111,7370 CENTRAL AVE,Cottman & Central,55.58898764,PARK,NEIGHBORHOOD_PARK,1,1,10,2,,,N,,447,384589.234375,3521.433901109
Historic Rittenhouse Town,Wissahickon Valley Park,Y,Historic Rittenhouse Town,Historic Rittenhouse Town,,,6014 WISSAHICKON AVE,19144,5800 WISSAHICKON AVE,"5800 WISSAHICKON AVE;206-210 LINCOLN DR;206-211 RITTENHOUSETOWN LN;236-280 RITTENHOUSETOWN LN;4500 ORANGE TRL",10.57129188,MANAGED_SITE,HISTORIC_SITE,3,4,4,39,,,N,,448,73053.0546875,1688.53782321591
Organic Recycling Center,West Fairmount Park,Y,Organic Recycling Center,Recycling Center,,,3850 FORD RD,19131,3401 W GIRARD AVE,3401 W GIRARD AVE,13.83521124,OPERATIONAL_INTERNAL,OPERATIONS,7,5,4,16,,,N,,449,95509.14453125,1786.41265268756
Belmont Grove,West Fairmount Park,Y,,Belmont Grove,Belmont Grove Picnic Area,,2076 BELMONT MANSION DR,19131,3401 W GIRARD AVE,"Belmont & Chamounix;3401 W GIRARD AVE",11.76143952,OTHER,EVENT_SPACE,7,5,4,16,,,N,,450,81187.16015625,1318.67676026413
Clifford Park,Wissahickon Valley Park,Y,,Clifford,Thomas Mansion Grounds,,6141 WISSAHICKON AVE,19144,6331 WISSAHICKON AVE,6331 WISSAHICKON AVE,23.06689393,PARK,NATURE_AREA,3,4,8,14,,,N,,451,159427.5,1692.81369143145
Blue Bell Park,Wissahickon Valley Park,Y,Blue Bell Park,Blue Bell,Blue Bell Hill,,844 W WALNUT LN,19144,N/A,Walnut & Park,8.33085041,PARK,NATURE_AREA,3,4,4,"14;39",,,N,,452,57575.30078125,1502.75967776683
Saul High School Farm,Wissahickon Valley Park,Y,,Saul Farm,,,7107 HENRY AVE,19128,,,35.30503938,MANAGED_SITE,GARDEN_FARM,3,4,4,5,,,N,School District sublets to Weavers Way Cooperative Association,453,244124.234375,4300.97455858345
Parkwood,Parkwood,N,,Parkwood,Parkwood Youth Organization Recreation Center,,3359 MECHANICSVILLE RD,19154,3102 MECHANICSVILLE RD,"3301 MECHANICSVILLE RD;3102 MECHANICSVILLE RD;Dunksferry & Mechanicsville",30.68184386,MANAGED_SITE,RECREATION_SITE,1,1,10,8,,,N,,454,212493.07421875,2064.96541275562
American Swedish Historical Museum,Franklin Delano Roosevelt Park,Y,American Swedish Historical Museum,American Swedish Museum,American Swedish Museum,,1900 PATTISON AVE,19145,3500 S BROAD ST,3500 S BROAD ST,1.67415347,MANAGED_SITE,MUSEUM_CAMPUS,11,7,2,1,,,N,Museum building is owned by museum. Land is City's.,455,11527.33203125,455.637191307774
Andorra Natural Area,Wissahickon Valley Park,Y,,Andorra,,,9750 FORBIDDEN DR,19128,"9001 LYKENS LN, 950 NORTHWESTERN AVE","9001 LYKENS LN, 950 NORTHWESTERN AVE",155.61328324,PARK,NATURE_AREA,3,4,4,5,,,N,,456,1076923.7109375,6222.67398985384
Cobbs Creek Community Environmental Center,Cobbs Creek Park,Y,,Cobbs Environ Center,"Cobbs Creek EEC;Cobbs Creek Environmental Education Center;Cobbs Creek Stables",,700 COBBS CREEK PKWY,19143,6300 SPRUCE ST,6300 SPRUCE ST,1.45077158,OTHER,ENVIRONMENTAL_EDUCATION_CENTER,10,8,3,18,,,Y,,457,10002.75390625,597.832117044684
Saylors Grove,Wissahickon Valley Park,Y,,Saylors Grove,,,669 W RITTENHOUSE ST,19144,5800 WISSAHICKON AVE,"6020 WISSAHICKON AVE;5800 WISSAHICKON AVE;5964 WISSAHICKON AVE",3.31909025,PARK,SQUARE_PLAZA,3,4,4,39,,,N,,458,22933.0390625,724.45866822862
Ben-Gurion Place,Ben-Gurion Place,N,,Ben-Gurion,,,107 N INDEPENDENCE MALL E,19106,N/A,Between N Independence Mall E and N 4th St,0.38716458,PATHWAY,GREENWAY,9,5,1,9,,,N,There is no parcel here,459,2669.3515625,377.605807411577
Commerce Street Walk,Commerce Street Walk,N,,Commerce,,,25 N 04TH ST,19106,N/A,Between N 4th St and N 3rd St,0.37266405,PATHWAY,GREENWAY,9,5,1,9,,,N,There is no parcel here,460,2569.35546875,443.692868720172
Waverly Street Community Garden,Waverly Street Community Garden,N,Waverly Street Community Garden,Waverly Garden,,,1131 WAVERLY ST,19147,1123-31 WAVERLY ST,1123-31 WAVERLY ST,0.0927526,URBAN_AGRICULTURE,GARDEN_FARM,12,7,1,9,,,N,NA-Wash West Historic District (Archives-2025),461,639.37109375,110.819503351231
3rd and Norris Playground,3rd and Norris Playground,N,,3rd and Norris, ,,273 W NORRIS ST,19122,"259-61 W NORRIS ST, 263-73 W NORRIS ST","259-61 W NORRIS ST;263-73 W NORRIS ST;253-73 W NORRIS ST",0.23280938,PARK,NEIGHBORHOOD_PARK,9,6,7,26,,,N,,462,1606.5546875,165.153672078271
Howard and Reed Park,Howard and Reed Park,N,,Howard and Reed, ,,105 REED ST,19147,107 REED ST,"105-09 REED ST;107 REED ST",0.07930873,PARK,SQUARE_PLAZA,12,7,1,3,,,N,,463,546.47265625,92.3139252067959
Sartain Garden,Sartain Garden,N,,Sartain Garden,Sartain Street Community Garden,,201 S SARTAIN ST,19107,1114-18 LOCUST ST,1114-18 LOCUST ST,0.08407544,URBAN_AGRICULTURE,GARDEN_FARM,12,5,1,9,,,N,NA-Wash West Historic District (Archives-2025),464,579.6015625,104.18541205093
South Street Community Garden,South Street Community Garden,N,South Street Community Garden,South St Garden,South St Community Garden,,839 SOUTH ST,19147,831-39 SOUTH ST,831-39 SOUTH ST,0.20561013,URBAN_AGRICULTURE,GARDEN_FARM,12,7,1,3,,,N,,465,1417.2421875,154.384772822428
Brewerytown Garden,Brewerytown Garden,N,,Brewerytown Garden,Brewerytown Community Garden,,1341 N 27TH ST,19121,"2634-44 MASTER ST, 1339 N 27TH ST, 1331 N 27TH St","2634-44 MASTER ST, 1339 N 27TH ST, 1331 N 27TH St",0.47675355,URBAN_AGRICULTURE,GARDEN_FARM,9,6,5,22,,,N,,466,3289.50390625,357.616128481153
Discovery Center at East Fairmount Reservoir,East Fairmount Park,Y,The Discovery Center at East Fairmount Reservoir,Discovery Center,East Park Leadership and Conservation Center (EPLAC),,3395 RESERVOIR DR,19121,2500 SPRING GARDEN ST,"3401 RESERVOIR DR;2500 SPRING GARDEN ST;3369 RESERVOIR DR",51.19320334,MANAGED_SITE,EVENT_SPACE,8,5,4,22,,,N,,467,353306.3515625,2752.23241760447
Boathouse Row,East Fairmount Park,Y,,Boathouse Row,,,870 KELLY DR,19130,2500 SPRING GARDEN ST,,4.22572987,MANAGED_SITE,HISTORIC_SITE,9,5,5,9,,,N,"Located in East Fairmount Park. Unofficial boundary that denotes the area known as Boathouse Row, includes all boathouses in this stretch of Kelly Drive (except Lloyd Hall)",468,29150.5234375,1199.69685984584
Mollbore Terrace Park at 8th St,Mollbore Terrace Park,Y,,Mollbore (8th), ,,703 MOLLBORE TER,19148,701 1/2 MOLLBORE TER,"1226 MOLLBORE TER, Mollbore Ter & 8th;701 1/2 MOLLBORE TER",0.47767174,TRAFFIC_ISLAND_MEDIAN,OTHER,12,7,1,3,,,N,,469,3289.85546875,269.054244733576
Mollbore Terrace Park at 11th St,Mollbore Terrace Park,Y,,Mollbore (11th), ,,1032 MOLLBORE TER,19148,1032 MOLLBORE TER,"1226 MOLLBORE TER, Mollbore Ter & 11th",0.47016871,TRAFFIC_ISLAND_MEDIAN,OTHER,12,7,2,3,,,N,,470,3238.22265625,267.731995886055
Mollbore Terrace Park at 12th St,Mollbore Terrace Park,Y,,Mollbore (12th), ,,1226 MOLLBORE TER,19148,1226 MOLLBORE TER,Mollbore Ter & 12th,0.48177909,TRAFFIC_ISLAND_MEDIAN,OTHER,12,7,2,3,,,N,,471,3318.2265625,270.604900826557
Yorktown at Saratoga Pl,Yorktown Commons,Y,,Yorktown (Saratoga),Yorktown at N Dondil Pl,,1599 DONDILL PL,19122,N/A,,0.10026905,TRAFFIC_ISLAND_MEDIAN,OTHER,9,6,5,22,,,N,,472,691.828125,136.999599353901
Yorktown at Queens Pl,Yorktown Commons,Y,,Yorktown (Queens),,,1501 QUEENS PL,19122,N/A,,0.1299073,TRAFFIC_ISLAND_MEDIAN,OTHER,9,6,5,22,,,N,,473,896.30859375,144.79683884359
Yorktown at Betsy Ross Pl,Yorktown Commons,Y,,Yorktown (Betsy Ross),Yorktown at S Dondil Pl,,1401 DONDILL PL,19122,N/A,,0.09913596,TRAFFIC_ISLAND_MEDIAN,OTHER,9,6,5,22,,,N,,474,683.97265625,135.142076861537
Yorktown at Guilford Pl,Yorktown Commons,Y,,Yorktown (Guilford),,,1400 GUILFORD PL,19122,N/A,,0.12570222,TRAFFIC_ISLAND_MEDIAN,OTHER,9,6,5,22,,,N,,475,867.265625,141.941051554871
Yorktown at Patrick Henry,Yorktown Commons,Y,,Yorktown (Patrick Henry),,,1220 PATRICK HENRY PL,19122,N/A,,0.22130763,TRAFFIC_ISLAND_MEDIAN,OTHER,9,6,5,22,,,N,,476,1526.8046875,194.979257773734
Yorktown at Kings Pl,Yorktown Commons,Y,,Yorktown (Kings),,,1303 KINGS PL,19122,N/A,,0.10000627,TRAFFIC_ISLAND_MEDIAN,OTHER,9,6,5,22,,,N,,477,689.953125,126.261657318423
Lucien E Blackwell Park,Lucien E Blackwell Park,N,Lucien E. Blackwell Park,Blackwell,Mill Creek Park,,4615 FAIRMOUNT AVE,19139,4615 FAIRMOUNT AVE,,2.05984146,PARK,NEIGHBORHOOD_PARK,10,8,3,16,,,N,PPR has long term lease of land from PHA.,478,14207.46875,482.730046532594
Fish Hatchery at Pleasant Hill Park,Pleasant Hill Park,Y,,Fish Hatchery,"Torresdale Fish Hatchery;Pleasant Hill Beach;Fish Hatchery Boat Ramp/Launch",,9201 N DELAWARE AVE,19136,9201 N DELAWARE AVE,"Delaware River & Linden;8900 N DELAWARE AVE;9200 DELAWARE AVE;5220 LINDEN AVE",37.53172166,PARK,RECREATION_SITE,2,1,6,8,,,N,"Former PWD Site; Historic Buildings on SW are leased out.",479,259459.00390625,3119.59221387113
Vine Street Park (95),Vine Street Park,Y,,Vine (95),Wood Street Park,,VINE STREET EXP,19107,"ROW;521-31 VINE ST;316-52 N 3RD ST;320-338 N LAWRENCE ST;319-321 WOOD ST;405-409 WOOD ST;316-340 YORK AVE","676 and Vine St (N 6th St to Letitia St);Callowhill St (N 6th St to N 3rd St); Wood St (N 6th St to Letitia St)",7.16199688,TRAFFIC_ISLAND_MEDIAN,GREENWAY,9,5,1,9,,,N,Vine Street Expressway Agreement with PENNDOT 4/22/1986,480,49387.33203125,3601.83525415758
Burholme Park Driving Range,Burholme Park,Y,,Burholme Range,Burholme Family Fun Center,,401 W COTTMAN AVE,19111,7370 CENTRAL AVE,"Cottman & Central;7370 CENTRAL AVE",12.33293663,MANAGED_SITE,GOLF,1,1,10,2,,,N,,481,85322.6875,1178.90286050982
West Penn Park,West Penn Park,N,,West Penn,West Penn Playground,,353 W PENN ST,19144,"351 W PENN ST; 353 W PENN ST; 355 W PENN ST","351-55 W PENN ST;351 W PENN ST; 353 W PENN ST; 355 W PENN ST",0.09678958,PARK,NEIGHBORHOOD_PARK,4,4,8,39,,,N,Renovation completed and opened in 5/2024.,482,668.7578125,104.538957325693
Peters Island,Peters Island,N,,Peters Island,,,,19131,,,1.91202222,CONSERVATION,NATURE_AREA,7,5,4,16,,,N,,483,13178.859375,668.192553646701
Officer Robert Hayes Memorial Playground,Officer Robert Hayes Memorial Playground,N,Officer Robert Hayes Memorial Playground,Hayes,"Swenson Park, Conwell",,9949 PRESIDENT ST,19115,"9850 E ROOSEVELT BLVD, 9800 E ROOSEVELT BLVD","9850 E ROOSEVELT BLVD, 9800 E ROOSEVELT BLVD",20.17329781,PARK,RECREATION_SITE,1,1,10,7,,,Y,,484,139660,1698.90227731128
Benjamin Franklin Parkway,Benjamin Franklin Parkway,N,Benjamin Franklin Parkway,Benjamin Franklin Pkwy,The Parkway,,2001 BENJAMIN FRANKLIN PKY,19130,N/A,2001 BENJAMIN FRANKLIN PKY,14.94470572,PATHWAY,SQUARE_PLAZA,9,5,"4;5",9,,,N,22nd and Hamilton 'wedge' added (Street Legal Card),485,103068.5234375,9195.44602911784
Manayunk Bridge,Manayunk Bridge,N,Manayunk Bridge,Manayunk Bridge,Dupont & High St,,100 DUPONT ST,19127,111 DUPONT ST,"High St and Dupont St;111 DUPONT ST",1.90923091,PATHWAY,GREENWAY,3,4,4,5,,,N,"PPR has a long term lease with SEPTA for this site (Manayunk Canal, Ivy Ridge Branch (Cynwyd Branch)); Elevated Bridge goes over PPR Site Manayunk Canal",486,13192.078125,1798.95196704259
Ivy Ridge Greenway,Ivy Ridge Greenway,N,,Ivy Ridge,"Ivy Ridge Branch;Cynwyd Branch",,4850 UMBRIA ST,19127,4850 UMBRIA ST,4850 UMBRIA ST,3.66853243,OTHER,OTHER,3,4,4,5,,,N,"Undeveloped Greenway/Breezeway; PPR has a long term lease with SEPTA for this site (Manayunk Canal, Ivy Ridge Branch (Cynwyd Branch))",487,25352.66015625,2593.64472795697
Dr Martin Luther King Jr Older Adult Center,Dr Martin Luther King Jr Older Adult Center,N,"Dr. Martin Luther King, Jr. Older Adult Center",King Older Adult Center,M.L. King Older Adult Center,,2102 W CECIL B MOORE AVE,19121,"2100-06 CECIL B MOORE AVE; 2100-04 CECIL B MOORE AVE","2100-06 CECIL B MOORE AVE; 2100-04 CECIL B MOORE AVE",0.33109929,OTHER,OLDER_ADULT_SITE,8,6,5,22,,,Y,Formerly a Redevelopment site,488,2284.71875,197.56380069749
Dr Martin Luther King Jr Recreation Center,Dr Martin Luther King Jr Recreation Center,N,"Dr. Martin Luther King, Jr. Recreation Center",King Rec,ML King Recreation Center,,2101 W CECIL B MOORE AVE,19121,2101-35 CECIL B MOORE AVE,2101-35 CECIL B MOORE AVE,5.25372097,PARK,RECREATION_SITE,8,6,5,22,,,Y,,489,36254.109375,760.502501409685
Devereaux Ave Trailhead at K and T Trail,Devereaux Ave Trailhead at K and T Trail,N,,Devereaux Trailhead,,,5298 DEVEREAUX AVE,19135,STREET ROW - Legal Card LC008654,,0.24867625,OTHER,OTHER,6,2,6,15,,,N,Parking lot trailhead for the K&T Trail,490,1717.64453125,180.743253610971
Basilica Green,Benjamin Franklin Parkway,Y,,Basilica Green,,,1773 RACE ST,19103,201-07 N 18TH ST,201-07 N 18TH ST,0.23518674,MANAGED_SITE,OTHER,9,5,5,9,,,N,,491,1621.734375,165.433982013095
31st and York Courts,31st and York Courts,N,,31st and York,Strawberry Mansion 31st and York Pocket Park,,3101 W YORK ST,19132,2400-06 N 31ST ST,2400-06 N 31ST ST,0.22689692,PARK,SPORTS_COMPLEX,8,6,5,22,,,N,,492,1566.27734375,166.361882204006
31st and Cumberland Play Lot,31st and Cumberland Play Lot,N,,31st and Cumberland,Strawberry Mansion 31st and Cumberland Pocket Park,,2462 N 31ST ST,19132,2458-62 N 31ST ST,2458-62 N 31ST ST,0.20888698,PARK,NEIGHBORHOOD_PARK,8,6,5,22,,,N,,493,1442.02734375,160.101189231669
31st and Huntingdon Play Lot,31st and Huntingdon Play Lot,N,,31st and Huntingdon,"Napa Street Playground; Strawberry Mansion 31st and Huntingdon Pocket Park",,2550 N 31ST ST,19132,2548-56 N 31ST ST,2548-56 N 31ST ST,0.22439763,PARK,NEIGHBORHOOD_PARK,8,6,5,22,,,N,,494,1549.15234375,171.781001166144
Carpenter Green Park,Carpenter Green Park,N,,Carpenter Green,"Carpenter's Green;17th and Carpenter Play Lot; Carpenter Green Park and Greenspace",,920 S 17TH ST,19146,914-28 S 17TH ST,914-28 S 17TH ST,0.28240523,MANAGED_SITE,SQUARE_PLAZA,11,7,2,17,,,N,Maintenance is split between PPR and the FCGP.,495,1946.3515625,184.887552760388
South Philadelphia High School Park,South Philadelphia High School Park,N,,S Phila HS Park,,,2125 S BROAD ST,19148,2101 S BROAD ST,"2101-49 S BROAD ST;2101 S BROAD ST",0.49027023,PARK,NEIGHBORHOOD_PARK,12,7,1,3,,,N,School District land leased to PPR. Renovated and opened 11/2022.,496,3377.4921875,445.932478250948
Fletcher B Amos Playground,Fletcher B Amos Playground,N,Fletcher B. Amos Playground,Amos,,,1843 N 16TH ST,19121,1817-59 N 16TH ST,"1817-59 N 16TH ST;1839 N 16TH ST",1.01672491,PARK,RECREATION_SITE,8,6,5,22,,,Y,,497,7016.1796875,383.238357234552
Vine Street Park (676 East),Vine Street Park,Y,,Vine (676E), ,,VINE STREET EXP,19107,ROW,676 and Vine St (N Broad St to N 8th St),1.42806971,TRAFFIC_ISLAND_MEDIAN,GREENWAY,9,5,1,9,,,N,Vine Street Expressway Agreement with PENNDOT 4/22/1986,498,9847.80078125,4402.45938264694
Vine Street Park (676 West),Vine Street Park,Y,,Vine (676W), ,,VINE STREET EXP,19107,ROW,676 and Vine St (N 18th St to N Broad St),3.27800726,TRAFFIC_ISLAND_MEDIAN,GREENWAY,9,5,5,9,,,N,Vine Street Expressway Agreement with PENNDOT 4/22/1986,499,22605.546875,4699.370879245
Fernhill Park,Fernhill Park,N,,Fernhill, ,,4600 MORRIS ST,19144,"4600 MORRIS ST, 4526 PULASKI AVE","Abbottsford & Morris;4526 PULASKI AVE;500 W ABBOTTSFORD AVE",42.61907835,PARK,RECREATION_SITE,4,4,8,39,,,N,,500,294423.9609375,4327.84189843454
School District Area (Gorgas),Susan Gorgas Park,Y,,Gorgas (School District),,,,19128,6300 RIDGE AVE,"6300 RIDGE AVE, Ridge & Hermitage",8.44687675,MANAGED_SITE,SPORTS_COMPLEX,3,4,4,5,,,N,1927 Transferred to SD to manage and maintain.,501,58381.99609375,986.309217848433
Susan Gorgas Park,Susan Gorgas Park,Y,Susan Gorgas Park,Gorgas,,,6424 RIDGE AVE,19128,6300 RIDGE AVE,"6300 RIDGE AVE, Ridge & Hermitage",12.67557668,PARK,NEIGHBORHOOD_PARK,3,4,4,5,,,N,,502,87611.984375,1246.79451550417
Northeast Older Adult Center,George C Pelbano Playground,Y,George C. Pelbano Playground,NE Older Adult Center,,,2138 SOLLY AVE,19152,8101 BUSTLETON AVE,"8101 BUSTLETON AVE, Bustleton & Solly; 2124 SOLLY AVE",0.64746754,OTHER,OLDER_ADULT_SITE,1,1,10,7,,,Y,Site has Northeast Older Adult Center.,503,4478.6640625,271.49066626012
Mann Center for the Performing Arts,West Fairmount Park,Y,The Mann Center for the Performing Arts,Mann Center,"The Mann Center;Robin Hood Dell West",,5038 AVENUE OF THE REPUBLIC,19131,3401 W GIRARD AVE,"5201 PARKSIDE AVE;5396 N GEORGES HILL DR;3401 W GIRARD AVE",20.33720311,MANAGED_SITE,EVENT_SPACE,7,5,4,19,,,N,,504,140351.00390625,1958.7703540994
